building_id,raw_noise_day_dba,raw_noise_night_dba,raw_daylight_klx,raw_view_sky_sr,raw_view_greenery_sr,raw_poi_count,noise_lden,noise_lnight,daylight,view_sky,view_greenery,location_poi
1,53.3394420609052,40.8122490806662,0.9940245139819959,0.01985161144943389,0.00289983492612459,1380.0,53.3394420609052,40.8122490806662,994.0245139819958,1.5660291995723705,0.2248504620635351,97.18462376708473
2,54.58104285102576,43.167299529359944,2.4203571318869033,0.029051799823499754,0.002900944236855269,1138.0,54.58104285102576,43.167299529359944,1000.0,2.291802201530066,0.22493647697014857,94.59515512885518
3,63.154033097522635,55.952146267660005,1.768809485715215,0.045562468439787646,0.01085963107787744,299.0,63.154033097522635,55.952146267660005,1000.0,3.5942752639024067,0.842045539800274,76.66345512622848
4,50.25226932536338,36.96448634906063,1.3659178169071107,0.0234485962747572,0.029854529849614578,802.0,50.25226932536338,36.96448634906063,1000.0,1.849783658560417,2.0,89.8969032846686
8,50.8553424231348,35.4993147038345,0.762306544239232,0.012837441673853948,0.012600236902949301,815.0,50.8553424231348,35.4993147038345,762.306544239232,1.012704110206418,0.9770104719458885,90.11275786431766
9,71.2435655290185,64.3108865369272,1.3486211764906106,0.03240816483235405,0.013638182779836696,140.0,71.2435655290185,64.3108865369272,1000.0,2.55657494411962,1.0574918151811636,66.5153402101566
11,40.784230406050824,29.88831487773091,2.1620980071187197,0.03848658183122447,0.006111429119556519,334.0,40.784230406050824,29.88831487773091,1000.0,3.0360815338821148,0.47387444334194717,78.14662236947817
12,43.724552741020005,34.0794695987308,2.4914395458310787,0.03938657525214495,0.004346251843817912,336.0,43.724552741020005,34.0794695987308,1000.0,3.1070790939630464,0.33700426411270884,78.22662742566999
15,64.7959856365648,52.2242864003788,1.6873651190406642,0.034867908733137415,0.010302974667803834,534.0,64.7959856365648,52.2242864003788,1000.0,2.750616157444226,0.7988829273742791,84.43875217571113
16,50.5801396724806,38.6772100837976,1.7858497946602268,0.03503853878495846,0.008879428856892876,303.0,50.5801396724806,38.6772100837976,1000.0,2.7640766084588426,0.6885025293494481,76.84148169913844
17,45.5195080803185,34.388117927163,1.258564698336084,0.028829186809541076,0.0077089197957321744,306.0,45.5195080803185,34.388117927163,1000.0,2.2742409833412,0.5977423619756207,76.97347107164305
18,43.1983624524472,22.7070119213694,1.7776973184135525,0.033739060469688574,0.014582512316961203,126.0,43.1983624524472,22.7070119213694,1000.0,2.6615649815761904,1.1307142358264852,65.109797047118
19,40.8397186228758,23.5756549946592,1.6730056298179663,0.031870246493764263,0.013431054255663741,118.0,40.8397186228758,23.5756549946592,1000.0,2.5141403121824184,1.0414312649935473,64.23528966695808
20,42.6459029410626,23.270111568848,1.6919506853862032,0.030562157968596487,0.016034522857183656,146.0,42.6459029410626,23.270111568848,1000.0,2.4109494537850407,1.2433017620849074,67.07545499445794
21,48.7000787022852,33.2072795561645,1.737494924991973,0.03358347634222151,0.016284842663312468,129.0,48.7000787022852,33.2072795561645,1000.0,2.6492914547028663,1.262711323492921,65.42360452488421
22,62.62436491094271,53.749865345770694,2.775007235470386,0.0455793996408483,0.008963544443346539,162.0,62.62436491094271,53.749865345770694,1000.0,3.5956109114044925,0.695024772498691,68.46412738895769
27,66.2979986718802,53.3669276872177,1.4074871687192583,0.024692791983733253,0.0024910819368509645,348.0,66.2979986718802,53.3669276872177,1000.0,1.9479342200502103,0.19315614123167504,78.69690780864886
28,59.8211098008483,47.017308339543,1.9492798727887235,0.030494723139572313,0.00782796773955481,332.0,59.8211098008483,47.017308339543,1000.0,2.4056297389805765,0.6069732271311096,78.06613823823913
29,49.0351046059581,36.7994846007562,1.446460796938234,0.027227160239329737,0.018276900350014905,112.0,49.0351046059581,36.7994846007562,1000.0,2.1478623065354294,1.4171735955612363,63.539920309807684
30,45.3190502700633,33.6649935786475,1.5809597466345204,0.029442905386858755,0.00994497230599769,108.0,45.3190502700633,33.6649935786475,1000.0,2.3226552501047633,0.7711237622760346,63.05551437995176
31,49.952134230997345,44.75527418309248,1.7712386294165348,0.03330531823118631,0.0015756754085706395,117.0,49.952134230997345,44.75527418309248,1000.0,2.627348464075199,0.12217638338218834,64.12186443894088
33,51.72269792935593,39.16880126852388,2.3724790603930703,0.041753171544969526,0.004546002254697508,417.0,51.72269792935593,39.16880126852388,1000.0,3.293772194802913,0.3524927223621866,81.12175771489889
34,59.69277319922276,45.62101439278548,1.827510288814475,0.03582146561546843,0.004496736092503785,423.0,59.69277319922276,45.62101439278548,1000.0,2.825839165157595,0.34867267066422325,81.31331644073151
35,54.81287123788661,43.50762506824285,1.050889761597977,0.02411674002525269,0.008939225330444386,95.0,54.81287123788661,43.50762506824285,1000.0,1.9024913506010837,0.6931390914470691,61.34853569747471
39,47.31677080339444,43.004719724542994,2.4157414492471516,0.04385141812993958,0.0018097269840460645,119.0,47.31677080339444,43.004719724542994,1000.0,3.459296058109225,0.14032452154627312,64.34776571876252
40,49.610068453802086,40.845140152629554,2.497915524415775,0.04653776013222803,0.004520394328888883,110.0,49.610068453802086,40.845140152629554,1000.0,3.6712128602457788,0.3505071079747314,63.29989947165514
41,46.976001252353264,37.97185902304586,1.4283804185377318,0.0327236713276921,0.00322151913759938,120.0,46.976001252353264,37.97185902304586,1000.0,2.581464227572134,0.2497935520777364,64.45930834858979
43,62.0437214296968,47.9836296275079,1.7533791558957263,0.03322560443477059,0.007217386118004844,1055.0,62.0437214296968,47.9836296275079,1000.0,2.6210601013841526,0.5596293047249851,93.5781898717696
47,57.0757029791741,50.39685530510431,1.5217860185302812,0.02727725101901996,0.03380390508385631,216.0,57.0757029791741,50.39685530510431,1000.0,2.1518138055774116,2.0,72.3101768308099
48,72.21263168293493,61.223711560258906,0.9615983335126467,0.018116369286448098,0.009989211311204923,218.0,72.21263168293493,61.223711560258906,961.5983335126467,1.4291415769989213,0.7745540129680527,72.43348787695771
49,69.9280306422603,55.6844359109314,0.43786042885641135,0.00668449768326523,0.0009268814950866669,1028.0,69.9280306422603,55.6844359109314,437.8604288564114,0.5273183279418726,0.07186951594065429,93.2300631083949
50,68.56287285511493,54.015948372955435,0.2412163542908171,0.003140459116224453,0.00046074272360352106,1022.0,68.56287285511493,54.015948372955435,241.2163542908171,0.2477406274346047,0.03572555574158647,93.1514616577518
51,69.08280179594792,54.27903301496634,1.1966041841829786,0.017706138090652676,0.0025447456786033525,1020.0,69.08280179594792,54.27903301496634,1000.0,1.3967797693528503,0.19731717709629523,93.12515869484663
52,46.77581391577736,33.845572852963834,1.0631611203555469,0.01799539785345139,0.00022718518040015857,1187.0,46.77581391577736,33.845572852963834,1000.0,1.4195985332581391,0.017615724373397826,95.16128924640317
53,57.8808419695255,49.059905056108505,2.469496420876182,0.04448943797242092,0.000687780833110326,929.0,57.8808419695255,49.059905056108505,1000.0,3.5096273728126888,0.05332987637678226,91.87041566327915
55,51.26173929617951,47.96395595899183,1.7654133531629568,0.027443467132980116,0.0016617233626570146,693.0,51.26173929617951,47.96395595899183,1000.0,2.164926055359455,0.12884846049307422,87.93612094913452
59,45.860529688981,36.2924766602485,2.1345083119580432,0.04456149335545297,0.021347465275726615,95.0,45.860529688981,36.2924766602485,1000.0,3.515311588126997,1.655262300584544,61.34853569747471
60,58.62742741810994,47.74432453303332,3.9096913482632023,0.07580212824935609,0.016099952332901974,116.0,58.62742741810994,47.74432453303332,1000.0,4.0,1.2483751018516989,64.00747387822997
64,59.692093556571294,42.1213983904548,0.9352287840022517,0.01643069776727849,0.0023890087548705985,452.0,59.692093556571294,42.1213983904548,935.2287840022517,1.2961644216364328,0.18524148308137367,82.20254254122547
66,58.8724849071599,49.12442894697293,1.7589977746992034,0.027398979655938953,0.0137219656146245,342.0,58.8724849071599,49.12442894697293,1000.0,2.1614165826781453,1.0639882570804295,78.46382434181092
68,51.80344086374809,41.514868615452585,1.6352973962472435,0.030880089222937616,0.009119437780756577,350.0,51.80344086374809,41.514868615452585,1000.0,2.4360300186058415,0.7071125946824588,78.77371264481397
69,44.98301289070106,34.805370379280546,1.9040045742195648,0.03450115018448884,0.006425346070849451,336.0,44.98301289070106,34.805370379280546,1000.0,2.7216837658426956,0.49821526733571936,78.22662742566999
70,50.43387395505211,39.878996594415355,1.8769523032205102,0.03188674162214607,0.013643323296804842,346.0,50.43387395505211,39.878996594415355,1000.0,2.5154415593261277,1.0578904060130487,78.61966156295637
71,61.75713723722687,47.71531951424122,0.2649191846865704,0.00451001395564162,0.002807739869229221,766.0,61.75713723722687,47.71531951424122,264.91918468657036,0.35578036387645884,0.2177094983106895,89.2804013978247
72,64.1763255189675,55.73335547305633,1.4437041312038816,0.024933013558670527,0.012143632538548148,114.0,64.1763255189675,55.73335547305633,1000.0,1.9668845204667422,0.941605800669295,63.77573003810981
81,67.16169746796658,58.01352963878131,1.22973174830846,0.023458846416589914,0.009643915083145676,500.0,67.16169746796658,58.01352963878131,1000.0,1.8505922589831423,0.7477800694830429,83.55621992696771
82,40.5845961254542,32.735415093782,1.5869745712859977,0.033172378064250226,0.016261516670253506,158.0,40.5845961254542,32.735415093782,1000.0,2.616861245758025,1.2609026480162076,68.13017704878109
83,41.6866254817893,32.0445608225651,1.464591655623553,0.028447721267785116,0.017055334480925874,157.0,41.6866254817893,32.0445608225651,1000.0,2.244148404784432,1.3224545315099636,68.04537670594179
84,49.3352809839154,43.4711468272344,2.22323490072877,0.031758105408011446,0.015852572947304557,160.0,49.3352809839154,43.4711468272344,1000.0,2.5052938658771406,1.2291935378752592,68.2981893584027
85,51.789273411618396,45.1583928727393,1.6507764678902674,0.03539908236959872,0.015036590200787051,165.0,51.789273411618396,45.1583928727393,1000.0,2.7925187217201937,1.1659230061848458,68.70925533360597
86,51.4657355431096,44.6150947058367,1.508855768980607,0.031454515609900736,0.014344385440604648,163.0,51.4657355431096,44.6150947058367,1000.0,2.4813446519936897,1.1122501026800948,68.54633443271796
87,57.479406950544615,50.529178970827516,1.6191051978087698,0.02894903373932698,0.017027448868317464,144.0,57.479406950544615,50.529178970827516,1000.0,2.283695318673215,1.320292307438711,66.8913314335754
88,54.746622924447365,51.37236388931174,1.8772121904545316,0.032705202318972504,0.020981380238540324,124.0,54.746622924447365,51.37236388931174,1000.0,2.5800072674147323,1.626876412469219,64.8964463809323
89,64.472073264153,53.5023565684125,2.0164210072985367,0.02855216999060827,0.00439539445781556,211.0,64.472073264153,53.5023565684125,1000.0,2.2523880255434694,0.34081473600020634,71.99685705455336
90,47.2410495782109,34.4111680017033,1.6754450664628668,0.04289228662750582,0.01483984444357325,302.0,47.2410495782109,34.4111680017033,1000.0,3.3836332867081746,1.1506675259435328,76.79719563022604
91,52.34836726746521,37.6043254784217,1.8618995257045674,0.044267711886044954,0.011606098024883799,306.0,52.34836726746521,37.6043254784217,1000.0,3.492136121462332,0.8999258820354252,76.97347107164305
92,52.934006965230594,41.6466202025761,2.2135413694191177,0.04330350022343609,0.00859022652552079,268.0,52.934006965230594,41.6466202025761,1000.0,3.4160725927125406,0.666078053648078,75.19745128782426
93,,,5.931106626297627,0.12634587322151672,0.0,1110.0,,,1000.0,4.0,0.0,94.26061103793694
99,68.3239237881363,57.3558877929801,2.3668573996550824,0.039793993574649,0.01351304132270571,548.0,68.3239237881363,57.3558877929801,1000.0,3.139219003164238,1.047788464757417,84.78595106866291
100,53.310357725223,40.3403696291078,1.8345780393885824,0.029644840267162655,0.007893290265634508,157.0,53.310357725223,40.3403696291078,1000.0,2.3385852374397245,0.6120382741239074,68.04537670594179
101,56.5563471068272,42.9540376437588,1.401024187228241,0.03131661777522251,0.012864524057737102,67.0,56.5563471068272,42.9540376437588,1000.0,2.4704663393582655,0.9975030483805448,56.713600325377385
105,62.070875466917606,49.54455493313947,1.8751173863871002,0.033251827314749544,0.004727317805678942,273.0,62.070875466917606,49.54455493313947,1000.0,2.6231287392803013,0.36655175898188974,75.44498700886933
106,66.7349383910576,58.7567282288883,2.131228372200418,0.03053997309392006,0.016887679543819013,78.0,66.7349383910576,58.7567282288883,1000.0,2.409199361022011,1.3094547259913476,58.728917319763646
107,58.61186374211716,41.720620494149756,1.809543456969985,0.03406714705626893,0.005029404678519784,25.0,58.61186374211716,41.720620494149756,1000.0,2.6874466675985875,0.3899752898627898,43.79145573124012
108,70.53744322806486,59.525142674823584,1.0358285910231024,0.017955425185373478,0.003242984946739311,137.0,70.53744322806486,59.525142674823584,1000.0,1.4164452192032941,0.2514579906498076,66.22627939722786
109,52.09937357493474,43.61325670570547,1.6426573784491625,0.02241109470280091,0.0047759818843577315,667.0,52.09937357493474,43.61325670570547,1000.0,1.7679385267219074,0.3703251256926099,87.42289993274
111,68.12377815191047,58.729788517486455,2.5573786879412275,0.045859001085606844,0.017084343487047137,209.0,68.12377815191047,58.729788517486455,1000.0,3.617667761945308,1.3247038624534624,71.8694550603432
112,68.76061922534109,62.48147787320921,1.7466012275367615,0.028328732260115983,0.0006572337533932043,251.0,68.76061922534109,62.48147787320921,1000.0,2.2347617481438538,0.05096128465895448,74.32000441946124
113,64.76770828562822,54.386087048274625,0.6342276999187038,0.016824901625072428,0.006742309270910567,155.0,64.76770828562822,54.386087048274625,634.2276999187037,1.3272618846037019,0.5227922945826201,67.87415388400225
114,60.3312322039741,48.807708729753,1.4940839609720535,0.020924280225276627,0.0007135761400397042,510.0,60.3312322039741,48.807708729753,1000.0,1.6506485579916175,0.055330020119409976,83.82185722431069
115,49.556971708430396,44.8235712439682,2.442698001736045,0.03640858945214564,0.009694950903845706,439.0,49.556971708430396,44.8235712439682,1000.0,2.8721554591442824,0.7517373388306224,81.8111811264734
116,57.7297786350022,51.600712813043,2.7001515234803475,0.04855817738550418,0.005408556761348001,253.0,57.7297786350022,51.600712813043,1000.0,3.8305970201669863,0.41937438435890645,74.42625643329613
117,67.3351844809072,56.63153558197409,1.0026412844070658,0.020085117899032293,0.003143275314285626,487.0,67.3351844809072,56.63153558197409,1000.0,1.5844497655446106,0.24372659989807313,83.20285169402933
118,40.369466634707,32.8296926770033,1.429419771550154,0.0273948570256537,0.01159382225307348,365.0,40.369466634707,32.8296926770033,1000.0,2.1610913617547864,0.8989740302803927,79.33617168825704
119,42.52921608235,35.7368551933033,1.864140399497927,0.037633526475193184,0.010610922430681801,366.0,42.52921608235,35.7368551933033,1000.0,2.968786765404531,0.8227609061346356,79.37284513462473
120,53.0174955149247,48.3030636804983,1.6689394428556081,0.03669871543170081,0.006811543087130691,356.0,53.0174955149247,48.3030636804983,1000.0,2.8950425560782134,0.5281606193197531,79.00152843354206
121,63.47678901027987,49.6748745919391,0.5104927311917494,0.0077475840897677,1.6043046880817823e-05,834.0,63.47678901027987,49.6748745919391,510.49273119174944,0.6111817643430927,0.0012439627068288705,90.42212995402782
123,57.5094458135193,43.8448913460839,1.6557825350252773,0.0271808367773504,0.008461608857689087,89.0,57.5094458135193,43.8448913460839,1000.0,2.144207998960969,0.6561051611289367,60.48108571299023
124,64.5869912106324,52.1531688331548,1.8685880809472637,0.03212677855442571,0.012212860506592834,90.0,64.5869912106324,52.1531688331548,1000.0,2.53437729388265,0.9469736719444265,60.62960445899895
125,55.8259664989543,41.2261302236729,1.9044036992897861,0.032864343500945234,0.013301562026023464,91.0,55.8259664989543,41.2261302236729,1000.0,2.592561398773719,1.0313905597775557,60.776500016822
127,64.4911780676145,50.94198314243761,1.7798389489221678,0.029992020355778512,0.02034790266284176,434.0,64.4911780676145,50.94198314243761,1000.0,2.3659731478704447,1.5777571593974358,81.6575702001594
128,55.2170338742852,42.2247888028795,1.7958704396600214,0.024606941695010383,0.023903746613804625,411.0,55.2170338742852,42.2247888028795,1000.0,1.9411617693968117,1.8534739418242,80.92742936951747
130,68.7428764158288,54.7503685252849,2.666280053496146,0.04856824073196585,0.013061633019163223,72.0,68.7428764158288,54.7503685252849,1000.0,3.831390884909127,1.0127866911335333,57.66724911037371
131,66.1049010010912,52.1197518231094,3.572632621085458,0.06322215472492303,0.00985423401064801,73.0,66.1049010010912,52.1197518231094,1000.0,4.0,0.7640880005323482,57.85012009124929
132,61.2233474596717,47.2764366639759,3.8011629242558045,0.06574269102997023,0.013303283741257681,89.0,61.2233474596717,47.2764366639759,1000.0,4.0,1.0315240599511235,60.48108571299023
133,42.6173764175394,34.9047994264601,1.9987109251403568,0.04954854584392184,0.012679857317477967,215.0,42.6173764175394,34.9047994264601,1000.0,3.908723973647217,0.9831841637085388,72.24809445828642
134,36.2849193263793,30.196174884646602,1.3879961641782301,0.030039868362406713,0.004886108884056961,227.0,36.2849193263793,30.196174884646602,1000.0,2.369747721824401,0.3788642692641838,72.97480169336615
135,43.5349050179346,35.9956416768345,1.378999872921306,0.029142507328918356,0.007412800669790794,251.0,43.5349050179346,35.9956416768345,1000.0,2.298957822244673,0.5747815645543853,74.32000441946124
136,43.0098073412515,35.6955814817937,1.4478028554251658,0.03301706258356367,0.012412108440783963,242.0,43.0098073412515,35.6955814817937,1000.0,2.604608911557332,0.9624231686259336,73.83119383291998
137,34.3620835129582,28.1837171026096,1.2644285856188928,0.02988983085193905,0.011188558374938755,226.0,34.3620835129582,28.1837171026096,1000.0,2.3579117495648187,0.8675502518317231,72.9157211157998
138,44.62611649242619,34.7282789682004,0.9637325528978853,0.018557407338598186,0.00836173286915305,213.0,44.62611649242619,34.7282789682004,963.7325528978853,1.4639336375602947,0.6483608712836549,72.12306276824518
139,43.796864278315,30.949092837255805,0.9275978138679326,0.021266716156835598,0.007312193263664312,251.0,43.796864278315,30.949092837255805,927.5978138679326,1.677662217269107,0.5669805612797661,74.32000441946124
140,42.24321022411477,34.61380076531629,1.3276830698790112,0.024537299645562057,0.008941090581436386,284.0,42.24321022411477,34.61380076531629,1000.0,1.9356679341365388,0.6932837212477648,75.97403171465398
141,39.50118723472355,32.7273991796643,1.1710544547131867,0.027714076146851035,0.010859977717074837,274.0,39.50118723472355,32.7273991796643,1000.0,2.186273522212149,0.8420724178763334,75.49395176158309
142,41.1293486800823,29.652903895037895,1.378995136557074,0.0324883971155239,0.010088895990315119,253.0,41.1293486800823,29.652903895037895,1000.0,2.562904208547971,0.7822834688610948,74.42625643329613
148,65.694162675622,48.570553919314804,1.4669115822604881,0.019812709302963773,0.027115317468569357,566.0,65.694162675622,48.570553919314804,1000.0,1.5629603354928259,2.0,85.21956318027296
150,66.8301372550921,55.1927413287687,1.4491669782648093,0.027561298788930072,0.0012632543309835128,778.0,66.8301372550921,55.1927413287687,1000.0,2.1742214122790497,0.09795154802311701,89.48905981478754
154,51.4803505917315,35.9072265197576,1.8594151359466453,0.029491688585423267,0.0024133584127827173,192.0,51.4803505917315,35.9072265197576,1000.0,2.326503598315444,0.18712953256422676,70.73481762901051
155,40.1181855274119,23.2600928017213,1.8763120806273585,0.0336976953073491,0.006585545179112393,187.0,40.1181855274119,23.2600928017213,1000.0,2.658301818168339,0.5106369549257879,70.38202021592888
156,37.9880040245965,25.9880040245965,1.745329494723999,0.030775055316729045,0.010557566342482411,176.0,37.9880040245965,25.9880040245965,1000.0,2.4277442346287197,0.8186237254360195,69.57164381934672
157,56.1222069429642,43.4991603496191,1.1871994778875667,0.01723499080404002,0.005857499183323939,595.0,56.1222069429642,43.4991603496191,1000.0,1.3596124890031358,0.4541849558544768,85.89000909521776
158,52.55384431597921,43.49736139169951,1.0331805312739823,0.021029066153334705,0.026744730702433054,138.0,52.55384431597921,43.49736139169951,1000.0,1.658914779777251,2.0,66.32332537662401
159,50.87426684774638,42.63524115808763,1.478569228169831,0.027591381349951306,0.0202221640002028,151.0,50.87426684774638,42.63524115808763,1000.0,2.1765945278861714,1.5680075022224995,67.52502231296029
161,60.81643425966753,53.12111304420465,1.1963319237041135,0.025493986953056737,0.016845224206683263,160.0,60.81643425966753,53.12111304420465,1000.0,2.0111378909313897,1.3061627792374009,68.2981893584027
162,51.906229365200105,43.710683920557074,1.234093044956778,0.02044437349139778,0.02447132880590093,152.0,51.906229365200105,43.710683920557074,1000.0,1.6127902732755364,1.897483729071795,67.61315908618909
163,60.32687650362647,52.574289522448865,1.2522995771689027,0.023445676658027423,0.02288842317108043,168.0,60.32687650362647,52.574289522448865,1000.0,1.8495533394721135,1.7747467207731815,68.94999269012395
164,65.0791456780876,47.3374185327262,0.8493809391095695,0.01375221113170594,0.0039077546693283075,422.0,65.0791456780876,47.3374185327262,849.3809391095695,1.0848673038857937,0.30300360724452335,81.28157897674058
171,67.71838889661,57.72278602385286,2.3441455542513787,0.03865217415487474,0.007459178746604795,772.0,67.71838889661,57.72278602385286,1000.0,3.0491445748710997,0.578377676839019,89.38513551027553
172,68.2190291169204,58.16290789713026,2.0746495240254315,0.032831902994440165,0.010183410006737892,725.0,68.2190291169204,58.16290789713026,1000.0,2.5900022725000027,0.7896119964516436,88.5420065013519
173,54.96560663277637,44.95284866626938,1.5147604381440354,0.033812435170637534,0.008373592998213305,804.0,54.96560663277637,44.95284866626938,1000.0,2.667353273599166,0.6492804944923095,89.93033815204679
178,47.8091747080252,42.89607721330141,1.869435617093966,0.04150108975148425,0.012980315195937514,34.0,47.8091747080252,42.89607721330141,1000.0,3.2738862802370314,1.0064813839032567,47.78675690758107
179,48.463110244183,43.3973908127981,1.5823902052288357,0.03486434601675141,0.007652116089969168,33.0,48.463110244183,43.3973908127981,1000.0,2.750335106311199,0.5933378562664621,47.39714093919925
180,63.11201418712801,51.46458475717699,2.3544913017983897,0.03140914802943892,0.007726201163846077,714.0,63.11201418712801,51.46458475717699,1000.0,2.477765750809868,0.5990823429416041,88.33679931300097
187,71.3789308005807,62.59351303894839,0.7254075467354026,0.011148251008010446,0.010777172954500447,323.0,71.3789308005807,62.59351303894839,725.4075467354027,0.8794493407840871,0.8356518147729713,77.69787383869226
203,42.770931608062,30.2099838392786,1.47544897087664,0.029035131325229613,0.015626026750278566,111.0,42.770931608062,30.2099838392786,1000.0,2.2904872777985315,1.2116273596693476,63.420445658649534
204,44.765804701058,32.0340922749612,2.2072409078434547,0.032305465439932964,0.016029694980734692,103.0,44.765804701058,32.0340922749612,1000.0,2.5484733223586145,1.2429274131036754,62.4243745035964
205,44.501575408015,36.9882304150605,1.4594876940362604,0.027254839318405538,0.021122014949106788,114.0,44.501575408015,36.9882304150605,1000.0,2.150045819252288,1.6377810951351737,63.77573003810981
208,55.3021398643365,42.816389139583194,1.9598740263982075,0.03396241463730794,0.018992703426474272,111.0,55.3021398643365,42.816389139583194,1000.0,2.6791846669719614,1.4726762902278892,63.420445658649534
210,61.7719747326798,51.1934655022472,2.129962984010736,0.036300612680635794,0.007951984913964427,391.0,61.7719747326798,51.1934655022472,1000.0,2.863637522074504,0.6165894017342216,80.25859438640836
247,62.06527425379561,49.1425109601775,2.953912833618188,0.04180407346605056,0.031803904720743306,331.0,62.06527425379561,49.1425109601775,1000.0,3.2977876821566867,2.0,78.0257147197841
249,58.2580040777288,45.4696082509637,1.3210871354752007,0.018560499369080937,0.014706406047691639,792.0,58.2580040777288,45.4696082509637,1000.0,1.464177557810008,1.1403208387232726,89.72846988055689
250,49.0679038204793,38.3303917791423,1.3123151344761204,0.021086149432807903,4.751946967085421e-06,457.0,49.0679038204793,38.3303917791423,1000.0,1.6634178944332114,0.00036846148090178025,82.35008309795717
251,41.7247898950625,32.2321197791626,1.4310756679090118,0.033703049024765196,0.009758107624239416,127.0,41.7247898950625,32.2321197791626,1000.0,2.6587241555600025,0.7566344512955452,65.215215703247
252,36.7176225254856,26.4687004369422,1.4859113708358218,0.03530970414546481,0.011384034530569687,121.0,36.7176225254856,26.4687004369422,1000.0,2.785467963692003,0.882707288365095,64.56993292167306
253,53.8233722592389,45.2552624194019,1.855723001501312,0.033305318703511784,0.008790613850960124,84.0,53.8233722592389,45.2552624194019,1000.0,2.627348501335423,0.6816158976511247,59.71283034666521
256,55.7462600157486,46.2309706899095,1.630004432532957,0.032285085657213344,0.01424869798618769,98.0,55.7462600157486,46.2309706899095,1000.0,2.5468656274416976,1.104830587815471,61.76213170746288
257,48.847054471581714,40.67585630735089,2.023771357504332,0.024380871789906656,0.01063259776516856,136.0,48.847054471581714,40.67585630735089,1000.0,1.9233278482847256,0.82444159110426,66.12852762269118
259,52.4981481701656,49.76145071135395,1.8229599107036454,0.03097000752375222,0.004611849278297192,61.0,52.4981481701656,49.76145071135395,1000.0,2.4431233815305737,0.3575984383974384,55.472028103051066
262,62.1727227199489,55.1259569150418,1.2509304811139856,0.018846917725938005,0.01217651386636094,524.0,62.1727227199489,55.1259569150418,1000.0,1.486772172422239,0.9441553877803963,84.18514446780917
263,67.27636164152483,52.78761786766468,2.383500609338267,0.04170022732612962,0.009062731283620878,458.0,67.27636164152483,52.78761786766468,1000.0,3.2895955972071445,0.7027156264384745,82.3793978527731
279,64.2296952252938,50.8939784535226,1.1535652637857825,0.02397347911040647,0.016256082129525496,113.0,64.2296952252938,50.8939784535226,1000.0,1.8911899619768857,1.2604812588596086,63.65834230718801
281,66.591197248051,56.44878919745214,1.2630607138410863,0.02612106068598491,0.011378374473242678,137.0,66.591197248051,56.44878919745214,1000.0,2.060605702577399,0.882268412864349,66.22627939722786
282,66.3054244884861,50.283270642513756,0.7678268196362404,0.016160198495249228,0.0174160568186844,132.0,66.3054244884861,50.283270642513756,767.8268196362404,1.2748256119614645,1.3504246009752758,65.73025226836285
283,66.64148829557065,50.87671265425704,1.2546376863697906,0.021891980905408538,0.009142249903936321,135.0,66.64148829557065,50.87671265425704,1000.0,1.7269873240103244,0.7088814251739485,66.03005971155554
285,49.4962955723085,38.2135913917311,2.1051748015573235,0.03908952906310041,0.0086469946139639,60.0,49.4962955723085,38.2135913917311,1000.0,3.0836460841617837,0.6704797976238828,55.25347353549491
287,52.5430452180123,44.3537535269306,1.9614602592326091,0.03539017274431006,0.01165088611461039,313.0,52.5430452180123,44.3537535269306,1000.0,2.7918158702970324,0.903398708222613,77.27649733079936
293,54.9376097953311,47.876141284150705,1.4693359012743175,0.021639190855572286,0.005144334164944763,2094.0,54.9376097953311,47.876141284150705,1000.0,1.7070455373995344,0.3988868137204313,100.0
298,65.014514238444,58.1441521749477,1.5183174911706228,0.028031077250885977,0.006562486018855817,1905.0,65.014514238444,58.1441521749477,1000.0,2.211280710494063,0.5088489694126203,100.0
302,52.01863254543869,43.889775426033914,0.48091282425317533,0.008947042732345591,0.006940203395916093,243.0,52.01863254543869,43.889775426033914,480.91282425317536,0.7058031638572355,0.5381368181781815,73.8863923078512
303,62.1776464612746,48.13437925225729,2.5853438972542198,0.03832705015894118,0.007732917870035646,646.0,62.1776464612746,48.13437925225729,1000.0,3.02349659800985,0.5996031499974347,86.9935752134007
304,66.7476017019951,60.8268613494849,2.1306694750330997,0.032016823470182004,0.017866056091472453,698.0,66.7476017019951,60.8268613494849,1000.0,2.525703294141838,1.3853171196849086,88.03260958860047
306,63.92742402000306,52.389113110649006,0.9150442845894671,0.015123289614427375,0.00035228109854220984,1114.0,63.92742402000306,52.389113110649006,915.0442845894671,1.1930272356029934,0.027315543746941673,94.30891588689275
308,65.08446533877051,53.81098069683673,1.980162819779475,0.04310182439006824,0.022230763503018756,246.0,65.08446533877051,53.81098069683673,1000.0,3.4001630407496366,1.723752411092995,74.05064049948784
312,53.46507454657199,40.25578026045197,1.3518086426434945,0.015610956996795902,0.019762652326518686,581.0,53.46507454657199,40.25578026045197,1000.0,1.2314977326915264,1.5323774009292708,85.57051809931407
313,58.9680867038474,46.0150461082769,0.4945999054597309,0.010869470320298015,0.01668745038771722,926.0,58.9680867038474,46.0150461082769,494.5999054597309,0.8574572371029029,1.2939291462893856,91.82698813032917
314,67.3464667390821,56.8661079110172,0.3299848553270981,0.004716699410053877,0.004508860639026346,254.0,67.3464667390821,56.8661079110172,329.9848553270981,0.3720851085850154,0.3496127965532344,74.47906911324918
315,51.45138418683301,38.0936948809544,0.5346528964514793,0.020057643465086213,0.00014823108781534627,1199.0,51.45138418683301,38.0936948809544,534.6528964514793,1.5822823966178672,0.01149369858511355,95.29637389858476
316,69.44020041810904,61.07794066742887,0.20517268777612352,0.0036584605685559884,0.002234344884290524,365.0,69.44020041810904,61.07794066742887,205.17268777612352,0.28860408085441325,0.17324899259470297,79.33617168825704
317,58.345763137447044,46.94926370315091,1.6095911308535513,0.02201407666273673,0.008071557293348935,728.0,58.345763137447044,46.94926370315091,1000.0,1.7366190620486641,0.6258609311279909,88.59743259950396
318,56.143795658244436,49.098449043061535,1.5623488894455453,0.01988492741613492,0.004571286446971846,152.0,56.143795658244436,49.098449043061535,1000.0,1.5686573880596724,0.35445323475707174,67.61315908618909
320,64.6948538209855,54.28752687495,0.9265422929184576,0.017464065969452852,0.010743590951228342,299.0,64.6948538209855,54.28752687495,926.5422929184576,1.3776834853475457,0.8330478979483529,76.66345512622848
321,68.86319880532812,60.80202495418555,1.5764108400538206,0.026615783494947896,0.003565654869018997,487.0,68.86319880532812,60.80202495418555,1000.0,2.099632779371842,0.27647751174908386,83.20285169402933
322,56.324303626108254,41.04151990343582,2.663465798482194,0.04413464790395049,0.011616926122806969,67.0,56.324303626108254,41.04151990343582,1000.0,3.4816391357691505,0.9007654825241841,56.713600325377385
323,52.8728268470735,48.9183635853703,1.4854839007599019,0.021277373289887963,0.020592486133667195,422.0,52.8728268470735,48.9183635853703,1000.0,1.6785029239082754,1.5967219307824394,81.28157897674058
324,63.07491846078094,55.87488783830715,2.3926242856976607,0.036684993101996625,0.03803122237702078,677.0,63.07491846078094,55.87488783830715,1000.0,2.893960046023166,2.0,87.62261846256982
325,53.065170496285845,38.837273245234215,2.677419739531846,0.03957044861176971,0.017187234590453924,75.0,53.065170496285845,38.837273245234215,1000.0,3.1215842665496307,1.3326819414588633,58.20856292678215
326,66.7091100593672,57.689150422041,2.098024775445337,0.04587675921325618,0.017347148684225107,227.0,66.7091100593672,57.689150422041,1000.0,3.619068643002215,1.3450815292943596,72.97480169336615
327,53.75045427398093,40.824558872839056,2.3974360441238822,0.03705895141957572,0.021023026357290638,77.0,53.75045427398093,40.824558872839056,1000.0,2.9234604040290404,1.6301056131936462,58.557694497824116
328,67.59360110123582,58.87069674910626,1.948867580610716,0.029516982628068535,0.01883424438451499,186.0,67.59360110123582,58.87069674910626,1000.0,2.3284989632488458,1.4603895257359853,70.31033572731599
329,60.5253626909984,50.4180665534437,1.0478445100005866,0.009961985198039912,0.023282129627025402,1700.0,60.5253626909984,50.4180665534437,1000.0,0.7858686810174865,1.8052743476181106,99.98580194685694
330,56.622931717973195,44.51220032133438,1.263098520733857,0.027400700770210243,0.01931013760099064,111.0,56.622931717973195,44.51220032133438,1000.0,2.1615523557971943,1.4972898363893425,63.420445658649534
331,64.6482275249136,50.0706783378708,1.6873551042460808,0.024182398700134052,0.011057420204702883,1132.0,64.6482275249136,50.0706783378708,1000.0,1.9076709503696645,0.857381921936094,94.52416477145609
332,67.9997458462662,63.1072481276056,3.3318669059837185,0.05493826883506689,0.025777215771689007,844.0,67.9997458462662,63.1072481276056,1000.0,4.0,1.9987409713426887,90.58214148376804
333,48.7597200570393,27.9378971788786,2.0114776557288345,0.029693234744939734,0.016227005799192316,516.0,48.7597200570393,27.9378971788786,1000.0,2.342402920729064,1.2582267076602873,83.97875561786749
334,69.34452188381928,64.07715015865111,2.716390633071469,0.04596328113451613,0.0064970980814907375,583.0,69.34452188381928,64.07715015865111,1000.0,3.625894076566705,0.5037788504905172,85.61662726890815
335,52.4728791755914,46.7517203196044,1.631403259776909,0.023804305975695543,0.00859318255400398,176.0,52.4728791755914,46.7517203196044,1000.0,1.8778444424247158,0.6663072613054968,69.57164381934672
350,56.8977287524808,35.4074014107912,1.6460432787997699,0.029174221077538694,0.0020168113818477998,1146.0,56.8977287524808,35.4074014107912,1000.0,2.301459616947529,0.1563816502167306,94.68922942194406
351,65.6746671057311,56.3700863073749,0.9246638934933838,0.020297303048727018,0.007545629979211219,356.0,65.6746671057311,56.3700863073749,924.6638934933839,1.6011883633649426,0.5850810237855621,79.00152843354206
352,66.0886657028036,56.650651321521,0.6057354456356853,0.00969950089727688,0.003838955545567119,349.0,66.0886657028036,56.650651321521,605.7354456356852,0.7651621464134171,0.29766898815020704,78.73536508740331
353,65.6973783668441,56.40335311576679,1.6231190941631748,0.03378354710970065,0.007282561644436212,330.0,65.6973783668441,56.40335311576679,1000.0,2.665074388226992,0.5646829535038528,77.98516925991227
354,65.6662834024385,56.5021404031164,1.8831766728892148,0.03250083633502696,0.006964103967518078,312.0,65.6662834024385,56.5021404031164,1000.0,2.563885498203539,0.5399900459325871,77.2336238980991
355,66.2152062574367,56.8290320107181,1.629236266721517,0.03277390205926189,0.005926298508952128,297.0,66.2152062574367,56.8290320107181,1000.0,2.5854267669636863,0.45951959060136977,76.57354970903963
356,66.2029033705561,56.934604236267,2.1876444925262275,0.04130257873779999,0.003439228368690303,295.0,66.2029033705561,56.934604236267,1000.0,3.2582263906276605,0.266674520289162,76.48303886360557
357,67.0102157992436,58.22143340257719,3.119059366810335,0.05952405078248048,0.01232692315120833,2342.0,67.0102157992436,58.22143340257719,1000.0,4.0,0.9558179817066579,100.0
358,44.11846773383439,32.7513329263518,1.8963791569161215,0.0343834598395242,0.0009793725038792075,1193.0,44.11846773383439,32.7513329263518,1000.0,2.712399556488113,0.07593961919889636,95.22900127754511
362,,,0.06377290671284296,0.0008775445338042569,0.0,1197.0,,,63.77290671284295,0.06922664023336904,0.0,95.27395386043368
363,55.2585037729701,42.2354048929542,5.16806914378754,0.0943482788030446,0.0008064795504702914,2581.0,55.2585037729701,42.2354048929542,1000.0,4.0,0.06253366284210553,100.0
364,60.00513292675542,53.48400394114334,0.6178705747817995,0.014344833949854204,0.0036378870926744,94.0,60.00513292675542,53.48400394114334,617.8705747817995,1.1316173946739907,0.28207833016756517,61.207792948069965
366,65.5807169265938,51.8589498036397,1.818148727736966,0.030132666855506737,0.05796812664513637,514.0,65.5807169265938,51.8589498036397,1000.0,2.377068293770972,2.0,83.9266593908053
367,45.6823689435705,37.4177743613727,0.7062416990070502,0.018931952623715505,0.003803600853804233,827.0,45.6823689435705,37.4177743613727,706.2416990070502,1.4934802995302785,0.29492761873383727,90.30897754998999
368,53.9819683616284,40.7094363749118,2.244706451229709,0.03406231471280946,0.010677797606896588,295.0,53.9819683616284,40.7094363749118,1000.0,2.6870654597062624,0.827946344152851,76.48303886360557
370,64.0109403111416,45.8545138640867,1.2133687390912085,0.022556046284940293,0.0006224796350144253,2596.0,64.0109403111416,45.8545138640867,1000.0,1.7793732866018648,0.04826648313570959,100.0
371,62.7760697078335,46.4969555474987,2.192669611649302,0.0466172347549115,0.03584727012004968,419.0,62.7760697078335,46.4969555474987,1000.0,3.677482355297318,2.0,81.18591444652135
372,76.2451449147501,67.410209271737,0.9555207410613026,0.012733898682040147,0.0026905379095002666,877.0,76.2451449147501,67.410209271737,955.5207410613026,1.004535939627192,0.20862176901879292,91.09705845223351
373,69.0748386332823,57.9583413484309,1.811049321583816,0.025491243604998222,0.00793920631269787,589.0,69.0748386332823,57.9583413484309,1000.0,2.0109214771064883,0.6155985610579384,85.75401323258497
374,60.602090955503996,47.7102193531745,0.568985649689953,0.011596030784472643,0.008221619727205665,366.0,60.602090955503996,47.7102193531745,568.985649689953,0.9147732340964251,0.6374966305559433,79.37284513462473
375,40.1687029283285,28.668502942450004,0.5579287945798191,0.008585140544180083,3.507043346331811e-07,1134.0,40.1687029283285,28.668502942450004,557.9287945798192,0.6772538747730749,2.7193282962261758e-05,94.54786990944389
376,59.751763838943,41.5123084441563,0.8047683927455933,0.011373356235178577,0.0014152656384523107,2469.0,59.751763838943,41.5123084441563,804.7683927455934,0.8972071615846609,0.10973836127076626,100.0
378,45.7324941255645,33.6922941160044,1.0722963297664458,0.017567075543869267,0.000898221657856153,1124.0,45.7324941255645,33.6922941160044,1000.0,1.3858095763594784,0.06964725922324902,94.42892391410028
382,44.8857578861507,33.4425222220192,1.2880197137020142,0.023259354476638065,0.0004934290221399815,1194.0,44.8857578861507,33.4425222220192,1000.0,1.8348549872840811,0.038260020466753385,95.24025352579967
383,73.0952728277283,65.5379508321288,0.17518468950406932,0.004122731074261263,0.0005016681241937804,838.0,73.0952728277283,65.5379508321288,175.18468950406933,0.32522887427668346,0.03889887266040606,90.48636333675623
384,50.2214068124013,43.4339302358364,0.9058096097595482,0.017667910093536743,0.012281981796023593,2025.0,50.2214068124013,43.4339302358364,905.8096097595482,1.3937640867279302,0.9523332714605632,100.0
385,49.264839381533,38.0779570385868,0.37412388102323474,0.005300569657967163,0.003624151906697602,1109.0,49.264839381533,38.0779570385868,374.12388102323473,0.4181447375135194,0.2810133168160849,94.24850765147737
386,55.0918143334906,46.31803887603701,0.6707160008308807,0.012852027987414217,0.0008381619832089452,1641.0,55.0918143334906,46.31803887603701,670.7160008308807,1.0138547771438444,0.06499028876118967,99.51132385741384
388,45.5497000741919,36.879091556995,1.9703498643936725,0.027015108993106315,0.010097752190319094,157.0,45.5497000741919,36.879091556995,1000.0,2.13113427192537,0.7829701702471223,68.04537670594179
389,67.000923434658,56.172153928765894,2.0887097505683783,0.027867416217229986,0.008488075444306393,682.0,67.000923434658,56.172153928765894,1000.0,2.198370022704796,0.6581573552647246,87.72137577501579
390,50.4817249213383,36.3108095597056,0.24462341960996828,0.0020878658408668,5.224162755256829e-05,452.0,50.4817249213383,36.3108095597056,244.62341960996827,0.16470496009432878,0.004050766472367607,82.20254254122547
391,56.7459287360725,46.9538345057919,2.2775380332241837,0.03231927226827744,0.001824101412908772,449.0,56.7459287360725,46.9538345057919,1000.0,2.549562498237157,0.1414391011875352,82.11323450663434
392,62.76964561216609,50.5629733706152,1.369364766965969,0.020051594323025373,0.00011586336680872501,943.0,62.76964561216609,50.5629733706152,1000.0,1.5818051994329552,0.008983936060800229,92.0712425974753
393,53.9085184197933,45.2643491424915,1.735745751839072,0.026902367519386444,0.013487857303229977,323.0,53.9085184197933,45.2643491424915,1000.0,2.122240462961908,1.0458357196667496,77.69787383869226
394,67.344764346738,52.66457608183559,1.6909740859097975,0.022688374436471086,0.030100104368363797,538.0,67.344764346738,52.66457608183559,1000.0,1.789812225009989,2.0,84.53887040216884
395,63.6587543773857,49.7221657677079,2.467068552354753,0.04059721075415594,0.054177270472786136,466.0,63.6587543773857,49.7221657677079,1000.0,3.202582199643781,2.0,82.61164224442598
396,66.0995393439159,49.8366257424399,2.0158221981117284,0.03410958042106395,0.032243083524676294,444.0,66.0995393439159,49.8366257424399,1000.0,2.6907940980313443,2.0,81.96305629895858
397,56.61295105705028,47.822548586625174,1.7787986685663009,0.028136602362125594,0.016941477588194514,343.0,56.61295105705028,47.822548586625174,1000.0,2.219605244041896,1.3136261755545513,78.50295336436642
398,53.9201681717399,46.59172319893051,1.0357369880008465,0.015028990025112026,0.008192971750897081,537.0,53.9201681717399,46.59172319893051,1000.0,1.185588247047748,0.6352752935232251,84.5139106740024
399,54.23391796526231,42.4059227908149,1.91055831387468,0.025337671653930933,0.014990608691843323,556.0,54.23391796526231,42.4059227908149,1000.0,1.9988066842988983,1.1623576433984222,84.98039655396106
400,50.67832274430866,44.114833779654546,1.3822271398925607,0.027569468162977184,0.0172915339909482,100.0,50.67832274430866,44.114833779654546,1000.0,2.1748658676842236,1.3407692184906732,62.03095686364205
401,63.4414825021603,53.7828719995792,1.3812009705261872,0.02193915961129538,0.013044506460016774,309.0,63.4414825021603,53.7828719995792,1000.0,1.7307090990009857,1.011458713908711,77.10417689669517
402,42.1755175322717,24.505376591192302,3.5865529669061953,0.05516661582682441,0.02538102718549686,128.0,42.1755175322717,24.505376591192302,1000.0,4.0,1.9680208824620933,65.31981397241599
403,70.887927393243,62.1523459957735,2.344037503347512,0.03553704808982668,0.03638143382849196,179.0,70.887927393243,62.1523459957735,1000.0,2.8034023896263167,2.0,69.79754509916837
404,64.3949715877713,48.9712936333353,1.553282467555749,0.029338372189704115,0.022954927416724162,396.0,64.3949715877713,48.9712936333353,1000.0,2.314408965439873,1.7799033971851608,80.42894913525333
405,65.4706144680026,59.20619085390549,0.2606920448259987,0.003519306553154411,0.0004750138143011218,1233.0,65.4706144680026,59.20619085390549,260.6920448259987,0.27762667219861226,0.036832122639101066,95.67190163781397
406,55.4861723175642,43.231007340597,0.18303187066070167,0.003253959611139337,0.002635701762707676,1186.0,55.4861723175642,43.231007340597,183.03187066070168,0.2566943131167659,0.20436982597437423,95.14997066909844
407,50.475934539544994,37.0424531592404,1.8605903707238847,0.031662201178043595,0.023625092151124072,26.0,50.475934539544994,37.0424531592404,1000.0,2.4977282924286213,1.8318673379015682,44.29871629975198
408,48.403698781553,37.8250585713586,0.7322294137503993,0.010121621824807593,5.421491273657446e-06,450.0,48.403698781553,37.8250585713586,732.2294137503993,0.798461896408399,0.0004203773142302395,82.14306983465656
409,52.17227502733999,39.3053623001117,1.2966007960372528,0.024305368937913727,0.009658683873411443,87.0,52.17227502733999,39.3053623001117,1000.0,1.9173716733327275,0.7489252275351308,60.17903233282932
410,55.0458988525127,46.07680853146499,2.299237696550296,0.04105755421342875,0.025311253646239193,383.0,55.0458988525127,46.07680853146499,1000.0,3.2388972011180788,1.9626107081102513,79.981454469831
411,69.9782257178286,63.6533134308324,2.58097044332755,0.04192359811766092,0.011867702434762857,44.0,69.9782257178286,63.6533134308324,1000.0,3.3072165940093754,0.9202104409629831,51.16462632681209
412,57.2900645881336,44.8578143084475,1.7597945891464393,0.04088823368972883,0.004815561840489358,360.0,57.2900645881336,44.8578143084475,1000.0,3.225540054526913,0.3733941181185147,79.15128830885172
414,66.3096655481661,49.1698224170871,1.409374352651204,0.023619525314215812,0.027738022632543456,602.0,66.3096655481661,49.1698224170871,1000.0,1.8632676957394079,2.0,86.04695110900208
415,53.3493631482804,39.5008709216149,0.18951860390771907,0.0024049221979144833,0.005909679817922239,417.0,53.3493631482804,39.5008709216149,189.51860390771907,0.18971650710709656,0.4582309929907618,81.12175771489889
416,60.88464216943271,42.9216493319809,1.9521284898071907,0.0411622323946255,0.024898487941267904,396.0,60.88464216943271,42.9216493319809,1000.0,3.24715492310351,1.9306052450921167,80.42894913525333
419,65.770750395192,55.7620859773523,2.515090368745418,0.049319305560144105,0.01001931265423048,348.0,65.770750395192,55.7620859773523,1000.0,3.8906399516508854,0.776888042683694,78.69690780864886
420,58.7936183207878,48.7142843931658,2.3754062780506766,0.04093498926805885,0.011543007704259832,327.0,58.7936183207878,48.7142843931658,1000.0,3.229228450357861,0.8950339181459518,77.8627938188961
421,56.56686876194185,48.13924465959281,1.3119408696295143,0.023647116886820915,0.017473028523027366,298.0,56.56686876194185,48.13924465959281,1000.0,1.8654443053547922,1.3548421331356955,76.6185775895277
422,53.3968462412239,45.2522184744015,2.3220921702434323,0.04261438049398143,0.007364861042585926,375.0,53.3968462412239,45.2522184744015,1000.0,3.361710173768552,0.5710643711269051,79.69847960210701
423,56.94061784312315,47.923381337731044,4.510976982739347,0.08543125243511641,0.036100311085244724,151.0,56.94061784312315,47.923381337731044,1000.0,4.0,2.0,67.52502231296029
424,58.15604628691747,50.68047830149908,4.222345621275566,0.07798602930525837,0.005644686740809468,141.0,58.15604628691747,50.68047830149908,1000.0,4.0,0.4376836800055796,66.61032866030953
425,62.70211835128296,55.160119970837904,4.89458541306871,0.08957829360160012,0.029744719803674876,133.0,62.70211835128296,55.160119970837904,1000.0,4.0,2.0,65.83093296201221
426,57.99105367328966,50.26619816861767,4.169132344478886,0.0776240919616641,0.012437283786234267,150.0,57.99105367328966,50.26619816861767,1000.0,4.0,0.9643752411408595,67.43630377464147
427,58.973822414191794,51.21520040735536,3.942717116183338,0.07636820616693957,0.0213656894673947,132.0,58.973822414191794,51.21520040735536,1000.0,4.0,1.6566753871986772,65.73025226836285
428,59.43051908364451,51.90558761396804,5.21097339339815,0.0980155991292373,0.0378521299605261,130.0,59.43051908364451,51.90558761396804,1000.0,4.0,2.0,65.52659973963482
429,47.96844410099315,37.78729208913305,1.7810397898297956,0.033645089490280645,0.008265704942067737,21.0,47.96844410099315,37.78729208913305,1000.0,2.65415191599005,0.640914956489811,41.54611356047303
430,56.0351703673341,48.41037517068139,1.1723570616009997,0.02419585618997191,0.006843279444264432,497.0,56.0351703673341,48.41037517068139,1000.0,1.9087325680671858,0.5306214264855155,83.47549410018996
431,46.6097251669309,37.0670065562475,1.5364296665585597,0.022893684212714246,0.0,450.0,46.6097251669309,37.0670065562475,1000.0,1.8060084469324984,0.0,82.14306983465656
432,54.261862873808994,44.283570503137625,1.9011296866895566,0.026075987472589882,0.008327700552254668,364.0,54.261862873808994,44.283570503137625,1000.0,2.0570500230561186,0.645722037565654,79.29939790401781
433,62.7078450692979,49.3954496509827,1.222172691402285,0.028344081383671605,0.005877427172230143,577.0,62.7078450692979,49.3954496509827,1000.0,2.2359725906861416,0.4557301532976793,85.47782249222035
434,63.5929420777333,53.7740620131952,1.1556755049730962,0.022945273050416166,0.007691901761008631,344.0,63.5929420777333,53.7740620131952,1000.0,1.8100781229091312,0.5964227996320787,78.54196880469381
435,71.7535304198304,62.4496616893023,1.0465043117312134,0.02467006749131104,0.009849572862131215,342.0,71.7535304198304,62.4496616893023,1000.0,1.946141558594525,0.7637265794775473,78.46382434181092
436,73.3633549782975,63.9716419738658,1.3585912211195863,0.027946410839585958,0.014637162603984103,323.0,73.3633549782975,63.9716419738658,1000.0,2.2046016520883227,1.1349517674798562,77.69787383869226
437,57.70499472556784,44.518440855412805,1.9182138737008476,0.03317289527185228,0.007000150590191941,385.0,57.70499472556784,44.518440855412805,1000.0,2.6169020465871724,0.5427850670184527,80.05127701518865
438,67.1889886299873,58.96714404803839,1.889812296097873,0.03761352925483733,0.01356483274371353,68.0,67.1889886299873,58.96714404803839,1000.0,2.9672092495909,1.051804322639403,56.90982001104971
439,54.6270785121643,46.8978582353974,2.6887614971464675,0.04487863928708403,0.006280141670267289,138.0,54.6270785121643,46.8978582353974,1000.0,3.540330201387936,0.4869562552207812,66.32332537662401
440,56.5601364563862,48.889403582202,2.5863097214538566,0.0427406893223459,0.009013436561986199,134.0,56.5601364563862,48.889403582202,1000.0,3.3716742673075766,0.6988933602684261,65.9308650933961
441,68.1588672737035,56.7641790915649,1.1122136757251821,0.024599096435420523,0.0030605387745437458,570.0,68.1588672737035,56.7641790915649,1000.0,1.9405428823292687,0.23731128672872603,85.31405080845082
442,66.5525800689024,57.8966366456949,2.053586726218777,0.03645061305314788,0.008613840044497565,361.0,66.5525800689024,57.8966366456949,1000.0,2.875470564641301,0.6679090236129683,79.188468995784
444,56.61799730733672,45.60132145718928,2.630281506859091,0.04219235642976363,0.022252101110346204,70.0,56.61799730733672,45.60132145718928,1000.0,3.328418065005959,1.725406909017578,57.29386927413139
445,64.6077605390106,56.93925769294991,1.6588652536661328,0.02312659377909115,0.01749051061306248,117.0,64.6077605390106,56.93925769294991,1000.0,1.824381926724557,1.356197677889922,64.12186443894088
446,63.7180706268282,55.7830465708956,1.3174089697153928,0.020758030655330734,0.015954061088140632,116.0,63.7180706268282,55.7830465708956,1000.0,1.6375336689754394,1.2370628324876451,64.00747387822997
447,58.49507342522486,48.84935279098818,2.5265402419679335,0.0461652057411875,0.005435349445906249,380.0,58.49507342522486,48.84935279098818,1000.0,3.6418232534481394,0.4214518638211239,79.87603581370199
448,67.02439822538601,57.22727034140895,2.881490982766804,0.04864836928104544,0.006446865544882372,383.0,67.02439822538601,57.22727034140895,1000.0,3.837711966091763,0.49988386703292115,79.981454469831
449,57.568268727847794,45.11592289511461,1.6638834908249942,0.030747072602051295,0.011946672407313508,86.0,57.568268727847794,45.11592289511461,1000.0,2.4255367690846614,0.9263336980688243,60.02542140651529
450,54.1553727822017,41.3167059377287,1.5389766505102236,0.027527710717781866,0.013060080041965206,120.0,54.1553727822017,41.3167059377287,1000.0,2.171571758355015,1.0126662747479651,64.45930834858979
451,53.5707982149621,40.7905228442933,1.7151272629721834,0.033135366779920336,0.005825334588474999,116.0,53.5707982149621,40.7905228442933,1000.0,2.6139415456559996,0.45169094354063255,64.00747387822997
452,71.4991578624359,64.28473235319,2.1247073013325135,0.04401935352041253,0.0034917716610401816,989.0,71.4991578624359,64.28473235319,1000.0,3.4725439360355144,0.2707486775650724,92.71073988728511
453,56.39015132479321,45.3276085546446,2.480092101140504,0.03955575499475169,0.013194912002382913,302.0,56.39015132479321,45.3276085546446,1000.0,3.1204251347906715,1.02312101764651,76.79719563022604
454,48.4213685206581,41.0925102880116,1.6811123232221494,0.025593649450276323,0.014828415550863281,290.0,48.4213685206581,41.0925102880116,1000.0,2.0189999418860802,1.1497813403942934,76.25405871313592
455,53.8092241892513,36.2294991387333,1.3815154842746826,0.018612955744184638,0.013079796020950425,237.0,53.8092241892513,36.2294991387333,1000.0,1.4683156709967065,1.0141950331420804,73.55174905313622
456,54.2815678836833,40.945834369325894,1.2163898124069723,0.020412169996729543,0.014653044232301005,216.0,54.2815678836833,40.945834369325894,1000.0,1.6102498440964148,1.1361832139436552,72.3101768308099
457,44.1162224921126,34.3780685551254,1.813216959481289,0.024075386469362248,0.007728580001550291,448.0,44.1162224921126,34.3780685551254,1000.0,1.8992291027883286,0.5992667957710214,82.08333280407906
458,46.940073410387996,36.3682571995115,1.768795875205292,0.023782001050140177,0.00522286472454691,445.0,46.940073410387996,36.3682571995115,1000.0,1.876084879237467,0.4049759991611518,81.9932264794268
459,65.4367676604158,52.0014258221001,2.325227820294428,0.040941774251047114,0.011551278440732317,443.0,65.4367676604158,52.0014258221001,1000.0,3.229763695645393,0.8956752232425592,81.93281824401143
460,66.2406075505225,58.622122187425,1.5342837553812037,0.01893875880096493,0.0009145453196569104,1103.0,66.2406075505225,58.622122187425,1000.0,1.494017216764288,0.07091298054600528,94.17565755576227
462,42.69863292355495,32.86945070079983,1.6096881987549514,0.0376688716162113,0.006690563359522505,55.0,42.69863292355495,32.86945070079983,1000.0,2.9715750288680973,0.5187799654735789,54.1039862724714
463,53.3722975953397,46.3041716812214,1.3306862162332653,0.025969499039971738,0.008945598810905883,476.0,53.3722975953397,46.3041716812214,1000.0,2.048649496211157,0.6936332851040287,82.89641581536507
464,64.98258817278435,53.67325417252645,2.3262141092987503,0.03570594267870726,0.007692743271687857,243.0,64.98258817278435,53.67325417252645,1000.0,2.8167259356019407,0.596488049575567,73.8863923078512
465,57.43424871749991,42.9104296259953,0.8385884058435905,0.017794501175468932,0.00404466792845327,523.0,57.43424871749991,42.9104296259953,838.5884058435905,1.403750446334869,0.31361973207960636,84.1595185119911
466,69.32719469600119,59.382291570927435,2.429036692991994,0.04338924109721659,0.0037636643301582288,277.0,69.32719469600119,59.382291570927435,1000.0,3.422836411976238,0.29183097839954897,75.63978476280214
467,70.61705573486206,60.83478484699405,1.7419666672386962,0.029482069494222607,0.011345445002010754,250.0,70.61705573486206,60.83478484699405,1000.0,2.32574477942903,0.8797150927579865,74.26656176553253
468,59.3614860033766,53.769651151322655,1.9772380740816997,0.03979084072427211,0.00939906450423345,248.0,59.3614860033766,53.769651151322655,1000.0,3.1389702850304646,0.7287945867892006,74.15903471401181
469,60.529169458632026,54.790076464916766,2.088708686754454,0.03449888333323743,0.014839622128338373,229.0,60.529169458632026,54.790076464916766,1000.0,2.721504941304454,1.1506502878301368,73.09218942428795
470,67.41688042534213,60.362172615711245,2.4304494615041805,0.04260910850734602,0.012079230691635226,81.0,67.41688042534213,60.362172615711245,1000.0,3.3612942838529225,0.9366121422697571,59.22987504653981
471,38.8911647446576,37.7754531037664,2.1992165589949444,0.046284444755744836,0.013435308429281765,215.0,38.8911647446576,37.7754531037664,1000.0,3.6512296323207396,1.0417611295989748,72.24809445828642
472,40.8687756949425,40.3733984952665,2.1907704725690444,0.04902041489585915,0.010654764091859082,185.0,40.8687756949425,40.3733984952665,1000.0,3.867061437184083,0.826160347145755,70.23826686963507
473,56.206994710578144,47.45474644365635,0.46019822611143796,0.009722375315645574,0.006105849671518091,283.0,56.206994710578144,47.45474644365635,460.198226111438,0.7669666350404414,0.473441818209324,75.92678804648767
474,59.1203863437029,48.1426997653782,1.755222945226453,0.03641563071201937,0.00819534222049918,57.0,59.1203863437029,48.1426997653782,1000.0,2.8727109212835717,0.6354590974979057,54.575642026109435
475,49.26776006113879,40.8241184960372,1.7965101582673684,0.024944077130314865,0.0048180931765404965,671.0,49.26776006113879,40.8241184960372,1000.0,1.9677572897273499,0.3735903955257591,87.50314381141168
476,61.01498229369855,58.54284537074004,1.7250648647039977,0.034662263375742346,0.02189982638077868,79.0,61.01498229369855,58.54284537074004,1000.0,2.734393462613759,1.6980918591149199,58.89798633835666
477,57.2109982985182,42.5793314730996,1.738147798284736,0.033207822751236016,0.009218768857324597,40.0,57.2109982985182,42.5793314730996,1000.0,2.6196573620799084,0.7148146325682624,49.91341566036167
478,50.1244545635369,43.4473337316436,1.9424396931801993,0.03824595544621374,0.0168846650259059,211.0,50.1244545635369,43.4473337316436,1000.0,3.017099299312684,1.3092209831187598,71.99685705455336
479,58.8022319446567,48.9187086967752,1.6562205131497116,0.03140920195741529,0.017637141062453184,207.0,58.8022319446567,48.9187086967752,1000.0,2.477770005012902,1.367567264482958,71.74083388977455
480,58.78843361539293,50.451715835332955,2.031424326415239,0.041854196696278635,0.013981023409487014,187.0,58.78843361539293,50.451715835332955,1000.0,3.301741741116283,1.0840753538841923,70.38202021592888
481,68.1426056828425,58.6725626484801,1.7556678877238747,0.03743236489400868,0.008133937491043231,243.0,68.1426056828425,58.6725626484801,1000.0,2.9529177811273852,0.6306978327560163,73.8863923078512
482,49.1269880645391,42.4877559700255,1.5720397791183713,0.04548813353240698,0.015088216266661502,576.0,49.1269880645391,42.4877559700255,1000.0,3.5884112243103488,1.1699260425859233,85.4545483569588
483,52.2918563604977,41.0684681254819,1.2012181984468782,0.02567473986567665,0.014858363921199972,450.0,52.2918563604977,41.0684681254819,1000.0,2.025396901581057,1.1521035087520812,82.14306983465656
484,43.2449979904105,38.2968203505237,1.4092844805163158,0.031021095618889997,0.007214255018868428,455.0,43.2449979904105,38.2968203505237,1000.0,2.4471535555514627,0.559386522254422,82.2912610795443
485,59.51199634054531,48.24984298999739,0.6237042201120442,0.01622490112584852,0.008676241715447962,125.0,59.51199634054531,48.24984298999739,623.7042201120441,1.279929792499439,0.6727475902569963,65.0035450332831
486,50.7698749227979,39.0955284965397,2.074307629796163,0.0409204721442155,0.008287880930004182,111.0,50.7698749227979,39.0955284965397,1000.0,3.2280832415726497,0.6426344616551927,63.420445658649534
487,47.96838788010603,45.19339338547232,1.357065620194961,0.02400911850416792,0.029182924994572115,160.0,47.96838788010603,45.19339338547232,1000.0,1.8940014380843873,2.0,68.2981893584027
488,51.33145333757528,48.43078046065017,1.3302926789157252,0.024135267105704163,0.02734481912558039,83.0,51.33145333757528,48.43078046065017,1000.0,1.9039528918489435,2.0,59.553765652877246
489,54.75923521448432,48.34788352260766,1.5449066368429658,0.03198198072305488,0.020188025463873275,134.0,54.75923521448432,48.34788352260766,1000.0,2.522954662901831,1.5653604323501034,65.9308650933961
490,66.511433057924,51.5887715301625,1.3715156319960147,0.021077570401744,0.011929211159405859,857.0,66.511433057924,51.5887715301625,1000.0,1.6627411225155093,0.9249797693934814,90.78734867211901
491,68.5220994892915,54.4933732265884,0.6885983933129143,0.01570137732213456,0.006602676797013198,908.0,68.5220994892915,54.4933732265884,688.5983933129143,1.238630698701659,0.5119653244016461,91.56343439681002
492,68.89468844313804,55.75523841324458,2.1201582894274846,0.03666229760472827,0.02041478791727117,945.0,68.89468844313804,55.75523841324458,1000.0,2.8921696719010654,1.5829433788708966,92.09968876630502
493,65.39036691929356,54.03341655892298,1.9013333873428713,0.03316370747554039,0.017298095867009772,913.0,65.39036691929356,54.03341655892298,1000.0,2.6161772511547823,1.341278020164574,91.6371636533016
495,53.99636338066729,41.1145177890965,2.7292454833551827,0.05071325023086842,0.0111842341227265,568.0,53.99636338066729,41.1145177890965,1000.0,4.0,0.8672149533982692,85.2668900240831
496,60.40770317005809,52.12784343977516,1.8571392815078376,0.037259919145029394,0.013012810355838568,202.0,60.40770317005809,52.12784343977516,1000.0,2.939314095656733,1.009001027919113,71.41379075386827
497,63.261937520151704,50.2897207126327,3.262018202982369,0.06466026791155617,0.015136190947228857,63.0,63.261937520151704,50.2897207126327,1000.0,4.0,1.1736459540180324,55.89875631706885
498,62.74919441547731,49.8351547965503,3.1095737864385704,0.062217950845799404,0.014826989897327822,66.0,62.74919441547731,49.8351547965503,1000.0,4.0,1.1496707965652972,56.514473575834074
499,58.50147514971111,45.8895710332568,2.1421113148256983,0.04150711947447021,0.01011983256955749,65.0,58.50147514971111,45.8895710332568,1000.0,3.27436194551415,0.7846822620043337,56.31235232705702
500,57.968791853811,45.0442673186878,1.819830844271851,0.0381045993557904,0.01005378779145772,71.0,57.968791853811,45.0442673186878,1000.0,3.0059481761051696,0.7795612122718708,57.481855691702414
501,58.82580294766612,45.54441497404619,2.42781394953914,0.047147972953320405,0.00039116655690006364,48.0,58.82580294766612,45.54441497404619,1000.0,3.71935056927853,0.030330685471233094,52.30921622787394
502,48.26601618737737,34.01077071887619,2.0935842472256563,0.04067518294677002,0.00030581040782439416,48.0,48.26601618737737,34.01077071887619,1000.0,3.208733172863228,0.023712250267655,52.30921622787394
503,49.34889607636358,39.206719935856235,2.594388658886554,0.047066040638560874,0.0015045841966123122,45.0,49.34889607636358,39.206719935856235,1000.0,3.712887194875459,0.11666403793332197,51.46004063064385
504,55.75485392835533,40.770942226686664,1.6049167447622332,0.02597427809099981,0.009538484452686527,368.0,55.75485392835533,40.770942226686664,1000.0,2.0490265000365278,0.7396050779478969,79.44589319352966
505,51.9223904345441,40.49500385224,2.1441761935286383,0.04397321531024259,0.008546064253097521,46.0,51.9223904345441,40.49500385224,1000.0,3.4689042423750687,0.6626537527436751,51.74910144357259
506,49.1076926845959,37.9701697499496,1.958707606528532,0.04015261644384756,0.010593047643396384,57.0,49.1076926845959,37.9701697499496,1000.0,3.1675095974180048,0.8213749120064164,54.575642026109435
507,51.7491408432134,44.0820097908225,2.0432703720865746,0.0442832144375953,0.00972512565984344,75.0,51.7491408432134,44.0820097908225,1000.0,3.493359067441179,0.7540770609188078,58.20856292678215
508,47.7900832689955,38.0144081749499,1.520202390997009,0.024592187723813316,0.011863529999570601,85.0,47.7900832689955,38.0144081749499,1000.0,1.9399978764925452,0.9198869142779098,59.87003459201013
509,46.6096359966738,36.61286697198,1.8019371608671702,0.028069796143124676,0.014197182500026133,93.0,46.6096359966738,36.61286697198,1000.0,2.214335118242036,1.1008361256609187,61.06556082975073
510,52.3067445611964,42.5915861856691,1.6718017939112448,0.023439455581871927,0.013083748607652664,79.0,52.3067445611964,42.5915861856691,1000.0,1.84906257896448,1.014501512982825,58.89798633835666
511,53.2559786999762,43.3383196350085,1.5254867094365407,0.022322393430469586,0.013826450218372173,84.0,53.2559786999762,43.3383196350085,1000.0,1.7609411712244003,1.0720898945976338,59.71283034666521
512,42.16449078717909,32.8381496414867,1.7206040118132995,0.025176354898360922,0.014242094202693078,98.0,42.16449078717909,32.8381496414867,1000.0,1.986080928999566,1.1043185366787827,61.76213170746288
513,45.1049146678603,36.1049146678603,1.861817132557592,0.028709635300775218,0.006748766940942426,89.0,45.1049146678603,36.1049146678603,1000.0,2.264809952814678,0.5232930162193714,60.48108571299023
514,57.32099042922114,48.030023734793886,1.9490659140361843,0.03726424098292888,0.008913338873370504,263.0,57.32099042922114,48.030023734793886,1000.0,2.939655031422258,0.6911318800083033,74.94527109941332
515,61.093298834769186,51.47753826421801,1.90397563151294,0.03802561402405723,0.005875350186676245,253.0,61.093298834769186,51.47753826421801,1000.0,2.9997172796287233,0.45556910579898,74.42625643329613
516,61.59477558250092,51.5294263868668,1.8046038033040497,0.03398690021992327,0.01223179830001787,251.0,61.59477558250092,51.5294263868668,1000.0,2.6811162551174283,0.9484420905649905,74.32000441946124
517,54.7526893989271,44.672616743095105,1.6772994458173847,0.031969399180162957,0.025391034384912803,246.0,54.7526893989271,44.672616743095105,1000.0,2.5219621458160213,1.9687968312557176,74.05064049948784
518,51.1395695669279,41.1574447836731,1.1971433489443135,0.01967880146475557,0.006595644361260716,302.0,51.1395695669279,41.1574447836731,1000.0,1.5523967807295354,0.5114200359736283,76.79719563022604
519,51.5107457271385,41.0730083627276,1.0806482650201346,0.02166658289001794,0.00806207606932084,297.0,51.5107457271385,41.0730083627276,1000.0,1.7092064060971137,0.6251257659692989,76.57354970903963
520,52.5202638569995,38.8236403403902,0.9411099242674141,0.02389085857675039,0.009726393072504452,307.0,52.5202638569995,38.8236403403902,941.1099242674142,1.8846722962186553,0.7541753348998149,77.01718106058814
521,48.2250238352845,36.332433763411,1.6752996876140955,0.03227828513115822,0.01625392887626631,116.0,48.2250238352845,36.332433763411,1000.0,2.5463291560120656,1.2603142976350554,64.00747387822997
522,51.1891148412606,38.9897526827095,0.7129128299725013,0.021936699734416656,0.009681781430707435,120.0,51.1891148412606,38.9897526827095,712.9128299725013,1.730515047297463,0.7507161903184791,64.45930834858979
523,67.66550424370708,61.47941890148435,1.122948066177553,0.019615181132297287,0.00814036775395994,1439.0,67.66550424370708,61.47941890148435,1000.0,1.547377979179346,0.6311964292709374,97.7469232577028
525,57.8447194731627,45.332360782233195,2.5384957245788726,0.03984412315853981,0.02134158264402384,220.0,57.8447194731627,45.332360782233195,1000.0,3.1431735633436664,1.6548061668768619,72.55567789808308
526,53.6858793665115,41.6079529534925,2.589968166797282,0.03835189642709204,0.034608993468039695,646.0,53.6858793665115,41.6079529534925,1000.0,3.0254566394666234,2.0,86.9935752134007
527,55.05181142275279,47.869857356334705,2.2357902115372243,0.03162205289843253,0.014521470127575624,233.0,55.05181142275279,47.869857356334705,1000.0,2.494561124949866,1.1259810820993315,73.32393326440811
529,41.936538433556265,30.564052670143926,1.8340819061951097,0.03664360194379788,0.01800613914598421,69.0,41.936538433556265,30.564052670143926,1000.0,2.8906948318863455,1.396179027461271,57.10321629375922
530,58.5259786167336,47.7168957144452,2.353983490585163,0.0365518911631334,0.005013902139495407,437.0,58.5259786167336,47.7168957144452,1000.0,2.8834600660436838,0.38877323762478616,81.74994726313585
531,63.3105154920065,54.2597963858307,1.7967119324261853,0.03441425929303449,0.02287926174124518,168.0,63.3105154920065,54.2597963858307,1000.0,2.714829225417048,1.774036352154244,68.94999269012395
532,62.6759136310455,52.0490414276875,2.4229006005525187,0.03772264664892034,0.0035644089141739733,440.0,62.6759136310455,52.0490414276875,1000.0,2.9758171666736266,0.2763809015868674,81.84169376104194
533,70.6796152097496,60.0813479003616,1.817195063291909,0.031221495913600295,0.010056285513365437,444.0,70.6796152097496,60.0813479003616,1000.0,2.462962484409386,0.7797548832701737,81.96305629895858
534,50.41395505770096,40.978406584180945,1.9535421004554934,0.03280765409462486,0.015623781877718285,137.0,50.41395505770096,40.978406584180945,1000.0,2.588089355492484,1.2114532943706973,66.22627939722786
535,46.136293779714784,37.72395980800936,2.218477455654547,0.03871404451533081,0.009730308491935598,131.0,46.136293779714784,37.72395980800936,1000.0,3.0540253268095037,0.7544789328254535,65.62881171323517
536,61.51675049839308,53.94453019615261,2.2418730172698305,0.0395015826460203,0.005499832594681163,159.0,61.51675049839308,53.94453019615261,1000.0,3.116151654013614,0.4264518262902731,68.2144457245348
537,50.67819025163675,42.76211146104664,2.029595729465606,0.03493751560190621,0.007605965993635392,143.0,50.67819025163675,42.76211146104664,1000.0,2.7561072174148684,0.5897594213729994,66.79831507788056
538,53.0758778142892,41.9878567579365,1.7552506812707453,0.027670261098506174,0.014274039126108477,426.0,53.0758778142892,41.9878567579365,1000.0,2.1828170952483474,1.1067955158770901,81.40808164943189
539,59.5739616747567,48.495197219464,1.6132549276534276,0.02476461216365306,0.022537704013063747,395.0,59.5739616747567,48.495197219464,1000.0,1.9535998809543367,1.7475522884197598,80.39505047981916
540,67.2556664023505,56.089436223615,1.680568540657381,0.0286971561257351,0.020267828782920116,387.0,67.2556664023505,56.089436223615,1000.0,2.263825511196466,1.571548306356389,80.12073871890821
541,58.108145989078096,49.46934027558518,1.5118225041182851,0.02969151763798345,0.006712543232056262,531.0,58.108145989078096,49.46934027558518,1000.0,2.3422674637340903,0.5204842640358138,84.36317104071912
542,57.74463881340556,48.73850215689753,1.5086499640166644,0.0302071592592114,0.010057645291550083,524.0,57.74463881340556,48.73850215689753,1000.0,2.382944757736882,0.7798603191866692,84.18514446780917
543,55.36171864576783,43.752985514311106,2.8987023398160505,0.05896783827745175,0.007281158849336999,513.0,55.36171864576783,43.752985514311106,1000.0,4.0,0.5645741820964196,83.90053535973361
544,55.7187323249169,37.6854208762897,1.6884190374264827,0.033942452528581295,0.004298609804323899,381.0,55.7187323249169,37.6854208762897,1000.0,2.6776099210008044,0.33331014535533726,79.91126731422864
545,52.9798903634238,34.2947111595913,1.7508779733666942,0.03508364695088784,0.0032577257086411652,343.0,52.9798903634238,34.2947111595913,1000.0,2.7676350452721206,0.2526009754090229,78.50295336436642
546,59.1792052325186,41.9664177094398,2.586267698306514,0.04214289778278058,0.005675437027708238,384.0,59.1792052325186,41.9664177094398,1000.0,3.324516432861683,0.44006802821639834,80.01641108187597
547,59.7746688123851,42.6653417863165,1.706814198752164,0.029523790141279486,0.002044695241119479,362.0,59.7746688123851,42.6653417863165,1000.0,2.3290359858725247,0.1585437383359087,79.22554711517377
548,58.2955294656817,46.357948847112894,1.1039637625288454,0.016716171431450714,0.03739434363757281,433.0,58.2955294656817,46.357948847112894,1000.0,1.3186845125087217,2.0,81.62663621698805
549,55.0650350029965,43.4805515079334,1.4898194747522404,0.022121085574659204,0.0345395581509209,420.0,55.0650350029965,43.4805515079334,1000.0,1.7450606478167474,2.0,81.21787833734082
550,53.0463401804753,41.6630826705198,1.5544613743574203,0.024324966743613927,0.032951469794359055,410.0,53.0463401804753,41.6630826705198,1000.0,1.91891768062046,2.0,80.89476638927518
551,51.0063111625745,39.7702248269196,1.3670547161076338,0.01929892305757695,0.02219239861585683,408.0,51.0063111625745,39.7702248269196,1000.0,1.5224294060685868,1.7207776339676972,80.82920133362843
552,47.43786767853679,41.986309481127215,1.9515211128756649,0.033925456908746834,0.004124385385045592,49.0,47.43786767853679,41.986309481127215,1000.0,2.676269191710722,0.31980094839224255,52.58075697346634
553,45.78673735331282,38.454111289773145,1.8638281789741535,0.032837422584401664,0.0038545238493067754,53.0,45.78673735331282,38.454111289773145,1000.0,2.5904376950384393,0.2988761397221365,53.615175685930126
554,45.01397726434152,37.30574108803376,1.933597994246771,0.033304063491460416,0.006614979542157849,62.0,45.01397726434152,37.30574108803376,1000.0,2.627249481730435,0.5129192676435539,55.68708564710496
555,44.3181071001754,36.04160326800553,1.8801569229903028,0.03089426254125551,0.007113201767403492,64.0,44.3181071001754,36.04160326800553,1000.0,2.437148105688958,0.551550948553239,56.10714513870607
556,53.45602112442192,43.059080827820964,2.019457257672843,0.03672665901779274,0.012934552532774543,283.0,53.45602112442192,43.059080827820964,1000.0,2.897246934895127,1.0029329902120327,75.92678804648767
557,56.71935335833506,46.20242112696295,2.2752611629236443,0.03786842718852479,0.009756981505939356,288.0,56.71935335833506,46.20242112696295,1000.0,2.987317320317652,0.7565471331458722,76.1613631060422
558,44.1531350475975,34.22290256925956,1.7116941217034851,0.032994764788788454,0.009313807411782005,192.0,44.1531350475975,34.22290256925956,1000.0,2.6028499108941867,0.7221838323427326,70.73481762901051
559,46.47855174476648,37.180854888478045,1.705976495610509,0.03380545477025924,0.009751762101785962,167.0,46.47855174476648,37.180854888478045,1000.0,2.6668026124679542,0.7561424254761306,68.87022503905538
560,52.339836809938085,41.588113374861884,2.501149651660071,0.04835158089223283,0.011691196988061096,218.0,52.339836809938085,41.588113374861884,1000.0,3.8142992933141158,0.9065243752872859,72.43348787695771
561,55.32271888089745,42.78383255580037,2.5872510687725403,0.048175723688741096,0.01242189584564244,207.0,55.32271888089745,42.78383255580037,1000.0,3.800426489268727,0.9631820747571086,71.74083388977455
562,53.46740559413145,43.32012390281125,1.5776346967975063,0.03253008822783208,0.012551515578346396,120.0,53.46740559413145,43.32012390281125,1000.0,2.5661930850909944,0.9732326664402657,64.45930834858979
563,53.6859642432124,44.0601120910706,1.847773340478779,0.029468669542269076,0.023883492334330788,570.0,53.6859642432124,44.0601120910706,1000.0,2.3246877007084663,1.8519034441184763,85.31405080845082
564,54.566437003831695,45.2461996569837,1.6706183341029042,0.026897985985665975,0.016085966710754816,570.0,54.566437003831695,45.2461996569837,1000.0,2.1218948179868065,1.2472906699160378,85.31405080845082
565,56.2119647819253,47.5123552138959,1.7876384951656694,0.027976851821908566,0.013663781767304171,591.0,56.2119647819253,47.5123552138959,1000.0,2.2070030423886666,1.059476736498086,85.79949824978371
566,58.364813908930124,46.01736819969868,1.4298130108001579,0.027402454744511383,0.002506269310901765,214.0,58.364813908930124,46.01736819969868,1000.0,2.161690721137352,0.19433375587521545,72.18572399947608
567,56.95679051385455,44.93617837982089,1.537478082679525,0.029951985876924554,0.002624750256256434,217.0,56.95679051385455,44.93617837982089,1000.0,2.362814957764082,0.20352065650487466,72.3719737661299
568,56.25063170138252,45.904350898623534,1.4329857457977007,0.02659019117433107,0.0030227162829587896,216.0,56.25063170138252,45.904350898623534,1000.0,2.0976138842573144,0.23437856644432106,72.3101768308099
569,55.74126438500673,46.07647081070751,1.2929557851538387,0.02379072609354689,0.0033537519942881903,215.0,55.74126438500673,46.07647081070751,1000.0,1.8767731695950156,0.26004676292729173,72.24809445828642
570,56.40506248995856,44.945788163276944,2.210188998667699,0.04087216553187427,0.007933278377451312,215.0,56.40506248995856,44.945788163276944,1000.0,3.2242724897023805,0.6151389145562485,72.24809445828642
571,58.75296484963314,49.63782618230174,1.5476854551478623,0.029922428994484752,0.0058611143249753875,217.0,58.75296484963314,49.63782618230174,1000.0,2.3604833112341788,0.45446527052460867,72.3719737661299
572,58.8957235854475,50.158653668796156,1.4845104528127278,0.0272316837491429,0.0054099223116390455,218.0,58.8957235854475,50.158653668796156,1000.0,2.1482191515437057,0.4194802678390819,72.43348787695771
573,61.1406591190221,52.913554086081604,1.279327953094059,0.027066463051145073,0.0057385966238106875,86.0,61.1406591190221,52.913554086081604,1000.0,2.1351854268963444,0.44496536366106143,60.02542140651529
574,65.2925566319329,56.8756499391592,1.1595112919292858,0.03380329066943883,0.008131669383655536,86.0,65.2925566319329,56.8756499391592,1000.0,2.6666318935777418,0.6305219658507871,60.02542140651529
575,63.196627766299954,60.69076770201136,1.428179356887455,0.020390366915865397,0.008324826007172872,18.0,63.196627766299954,60.69076770201136,1000.0,1.6085298698081378,0.6454991480542405,39.57564415442586
576,62.887975793418036,60.367086971069014,1.5762279935184151,0.02313775220582168,0.004881576826035395,18.0,62.887975793418036,60.367086971069014,1000.0,1.8252621787950658,0.37851285776449217,39.57564415442586
577,55.38685425927436,52.584076637561836,1.515855600683268,0.02175128491352318,0.006292254980897662,21.0,55.38685425927436,52.584076637561836,1000.0,1.7158882738341459,0.4878955098893214,41.54611356047303
578,58.85424979533412,55.87233453055394,1.4334387163470899,0.021607971493383504,0.0049877873766250354,20.0,58.85424979533412,55.87233453055394,1000.0,1.704582743237751,0.38674832357013333,40.92084688052097
579,62.496367015607355,59.88487635038502,1.3247584342081817,0.020636334593175598,0.0045333733531037175,20.0,62.496367015607355,59.88487635038502,1000.0,1.6279334615921062,0.3515134892571789,40.92084688052097
580,54.81831165897567,46.88972673771695,1.8291298472139843,0.031493889242889435,0.01975684623587568,357.0,54.81831165897567,46.88972673771695,1000.0,2.4844507101144933,1.5319272021430912,79.0391251286998
581,53.28163001253295,46.08927980416858,1.872045830271972,0.03262137684713889,0.016069409388493747,322.0,53.28163001253295,46.08927980416858,1000.0,2.5733945479942584,1.246006830781818,77.65632570744697
582,46.033691509327674,38.773739237085806,2.4412411610139393,0.05213318602776637,0.013165686691700342,300.0,46.033691509327674,38.773739237085806,1000.0,4.0,1.0208549146515686,76.70818331976895
583,42.2290650359598,36.9812267367773,2.50079821528874,0.053636631005056404,0.00645463104193388,300.0,42.2290650359598,36.9812267367773,1000.0,4.0,0.5004859963418877,76.70818331976895
584,44.8217080575807,37.2457998108725,2.5090475019658465,0.052700015735654145,0.005266289322540113,298.0,44.8217080575807,37.2457998108725,1000.0,4.0,0.408343101486781,76.6185775895277
585,48.56967730457936,40.11084475590132,2.4042191069601206,0.04851277196633372,0.014988293303365787,313.0,48.56967730457936,40.11084475590132,1000.0,3.8270151340102436,1.162178110362131,77.27649733079936
586,49.983783692728,41.7502561127366,2.58718186836897,0.053546337661300125,0.013842570730830618,318.0,49.983783692728,41.7502561127366,1000.0,4.0,1.0733398639122065,77.48883681422618
587,52.9836545373501,43.8712925568888,2.532746321729229,0.05608970429196309,0.013727770219507761,319.0,52.9836545373501,43.8712925568888,1000.0,4.0,1.0644383406622016,77.53090511071295
588,49.2886690655162,37.6005889892938,2.4602353461517366,0.05090942783222631,0.016987906746291158,297.0,49.2886690655162,37.6005889892938,1000.0,4.0,1.3172262486336088,76.57354970903963
589,47.333215298558,33.3249880274379,2.2229577764829567,0.04793537111845737,0.017999332573385575,297.0,47.333215298558,33.3249880274379,1000.0,3.7814658550544547,1.395651252248936,76.57354970903963
590,51.1055267926488,36.9838667694978,1.778473628067787,0.04051556340259075,0.022467169108511837,291.0,51.1055267926488,36.9838667694978,1000.0,3.196141305062274,1.7420830785219055,76.30016788273001
591,48.677331013765944,34.96364331406477,2.4139645412127044,0.052319137716624865,0.009937317374777557,302.0,48.677331013765944,34.96364331406477,1000.0,4.0,0.7705302061372333,76.79719563022604
592,46.7024818086857,32.53260310009,2.249814537004844,0.049876717471834774,0.010049224094984297,305.0,46.7024818086857,32.53260310009,1000.0,3.934612368304342,0.779207347556496,76.92961847236724
593,51.55805682734838,40.83785022359461,2.4530749619573817,0.05246180711668124,0.011136356374284737,314.0,51.55805682734838,40.83785022359461,1000.0,4.0,0.8635025579916522,77.31923444074906
594,55.21268534470644,43.108625143514246,2.4648529521250215,0.0536379178468747,0.013697741783630481,325.0,55.21268534470644,43.108625143514246,1000.0,4.0,1.0621099640979965,77.78058677513584
595,62.8320270626122,48.87734683416938,2.49607091781442,0.05415120925043395,0.019892196635194377,323.0,62.8320270626122,48.87734683416938,1000.0,4.0,1.5424221443044939,77.69787383869226
596,60.9192010971658,46.0838463517985,2.6933172351429313,0.04791952645889685,0.018230041297724094,309.0,60.9192010971658,46.0838463517985,1000.0,3.7802159212849835,1.4135401888922818,77.10417689669517
597,59.20718390729411,44.2692333145273,2.7375740697986504,0.04681674118130973,0.018507095854551472,308.0,59.20718390729411,44.2692333145273,1000.0,3.693220769785119,1.435022737625736,77.06074936374519
598,59.80695209332771,44.806610269002,2.82755844840898,0.0461055700347948,0.014734728020348831,313.0,59.80695209332771,44.806610269002,1000.0,3.637118786116307,1.142516897740684,77.27649733079936
599,66.69617635569122,51.99752645361834,1.0971612568660185,0.017087299092436906,0.0009959601012312592,474.0,66.69617635569122,51.99752645361834,1000.0,1.347961569202774,0.07722580583508437,82.83994174171407
600,52.15536209875491,47.672525243322006,2.434857301138724,0.04834953415905657,0.009070432027650767,70.0,52.15536209875491,47.672525243322006,1000.0,3.814137833176438,0.7033127348592865,57.29386927413139
601,46.48711265239926,39.49525856337895,2.4027596871090764,0.04732904968766282,0.009266407829976344,72.0,46.48711265239926,39.49525856337895,1000.0,3.7336351251729343,0.7185085135255803,57.66724911037371
602,54.113573724153376,48.380188502694274,1.272037134523591,0.031389846069824784,0.008338648072836002,84.0,54.113573724153376,48.380188502694274,1000.0,2.476243081859707,0.6465708979745646,59.71283034666521
603,54.14571226116191,48.649777510820584,1.3597389902719657,0.03249569602514234,0.009017832508950996,85.0,54.14571226116191,48.649777510820584,1000.0,2.5634799958394274,0.6992342178452959,59.87003459201013
604,55.912620166714724,44.98937585735717,1.7057909995479645,0.03550637708668029,0.006853707866107708,94.0,55.912620166714724,44.98937585735717,1000.0,2.800982853729708,0.5314300364684249,61.207792948069965
605,50.83250197547096,45.675181738304175,1.6957229522182744,0.03530215218169452,0.003694675833444571,84.0,50.83250197547096,45.675181738304175,1000.0,2.7848722137797846,0.2864816755053096,59.71283034666521
606,54.3545910552365,42.86289287144109,1.654465765034124,0.03371338779969119,0.009289229543750015,98.0,54.3545910552365,42.86289287144109,1000.0,2.6595397479598013,0.7202780876626673,61.76213170746288
607,43.82673641467851,34.2349469136997,1.6084004475221805,0.03301483041248214,0.00520096122971739,87.0,43.82673641467851,34.2349469136997,1000.0,2.604432822825139,0.4032776228539853,60.17903233282932
608,67.25645641686141,57.4099670665641,3.8334973699823385,0.0754555169285455,0.0063665558086862415,241.0,67.25645641686141,57.4099670665641,1000.0,4.0,0.4936567259190532,73.77576773476792
609,67.0446205767526,57.210183080760956,4.23163837416486,0.08046659604515935,0.0071216995750689885,238.0,67.0446205767526,57.210183080760956,1000.0,4.0,0.5522098605357454,73.60810473215558
610,67.6495643959282,56.35187886333843,1.6246495470719584,0.03274006553459397,0.0018896116624412078,559.0,67.6495643959282,56.35187886333843,1000.0,2.582757513347828,0.14651870407960438,85.05259445229363
611,54.888323594337855,44.764870067749115,1.9997990761687932,0.04502542985453192,0.01570005903588359,82.0,54.888323594337855,44.764870067749115,1000.0,3.5519100328505226,1.217367753191732,59.39279594742783
612,56.6133566701589,45.2733164421598,2.01589604441661,0.03381129884962185,0.015442603337860237,96.0,56.6133566701589,45.2733164421598,1000.0,2.6672636329221264,1.1974048814641316,61.48781994655193
613,42.0851321912461,33.9224168177474,1.6630261295690958,0.034084524763199474,0.0063833138856984354,43.0,42.0851321912461,33.9224168177474,1000.0,2.6888175384996305,0.4949561313871168,50.86257294665117
614,43.4564523102662,35.7250450572632,1.5407166993932901,0.03035069966051233,0.011131667722812842,43.0,43.4564523102662,35.7250450572632,1000.0,2.394268194140429,0.8631390043836821,50.86257294665117
615,44.0301600701609,36.7471975003549,1.773404196373942,0.038022525374874105,0.006205328565509725,45.0,44.0301600701609,36.7471975003549,1000.0,2.999473626118764,0.48115531771858105,51.46004063064385
616,69.475223140862,61.9528660362666,1.4669086190889251,0.029835588532928257,0.005334634462886414,79.0,69.475223140862,61.9528660362666,1000.0,2.3536327490595053,0.4136425191357712,58.89798633835666
617,68.7643283183089,61.3778456915167,1.4567338505467926,0.03154945502789848,0.010876324142619506,75.0,68.7643283183089,61.3778456915167,1000.0,2.488834114557149,0.8433399042782983,58.20856292678215
618,68.5366580037047,61.0859479724554,1.9546697465337475,0.034446910790415744,0.0062028325369641426,70.0,68.5366580037047,61.0859479724554,1000.0,2.717404996076224,0.48096177802197904,57.29386927413139
619,68.8647042708796,61.4492122126996,1.9656880237734828,0.037756358597210736,0.009594108503319237,68.0,68.8647042708796,61.4492122126996,1000.0,2.97847659286337,0.7439181143121167,56.90982001104971
620,76.1827826220839,68.915949221349,1.7744216537756783,0.04488192963491688,0.003943448194056134,71.0,76.1827826220839,68.915949221349,1000.0,3.5405897662497665,0.30577124944905865,57.481855691702414
621,76.4531573740476,69.1602376500674,1.7578573932415509,0.04278932264815108,0.005914757667047506,61.0,76.4531573740476,69.1602376500674,1000.0,3.37551079254268,0.45862472461728276,55.472028103051066
622,74.7237110008292,67.4085276389116,1.4089484727843185,0.03436194552185816,0.00896155981695358,79.0,74.7237110008292,67.4085276389116,1000.0,2.7107023617913644,0.6948708864421227,58.89798633835666
623,61.9570813183344,56.0837021153513,2.301191395982411,0.03512321782936459,0.04047875678337681,678.0,61.9570813183344,56.0837021153513,1000.0,2.770756663449324,2.0,87.6424280604889
624,61.4059393272324,55.6061904511096,2.245840053395821,0.035271832214303744,0.018774862811627612,700.0,61.4059393272324,55.6061904511096,1000.0,2.7824803699546634,1.4557851346441,88.07101192831045
625,59.94316384062127,51.90494973602695,2.264121064328284,0.051988237911321684,0.014758265067041771,187.0,59.94316384062127,51.90494973602695,1000.0,4.0,1.144341938116893,70.38202021592888
633,49.12547003143441,35.545798048366834,1.5778618623260616,0.032217184651886346,0.013703515508675953,276.0,49.12547003143441,35.545798048366834,1000.0,2.5415091375016616,1.062557653286304,75.59134935991834
634,45.61898853705906,34.67524545624628,1.029512789837643,0.028513187045894315,0.012646896551738908,297.0,45.61898853705906,34.67524545624628,1000.0,2.2493127875526957,0.9806284170556422,76.57354970903963
635,46.86123163385367,35.60937733131799,1.2139270902608346,0.023693032453443202,0.010050486711167567,301.0,46.86123163385367,35.60937733131799,1000.0,1.8690664353883448,0.779305249623148,76.75276316081961
636,51.407009725226736,40.46259302656871,1.5794139887880394,0.0333792916068961,0.013743152677842114,318.0,51.407009725226736,40.46259302656871,1000.0,2.6331839836070796,1.0656310819568844,77.48883681422618
637,53.01855742868994,41.743302781388024,1.2880172487525474,0.02385800684643752,0.011781623441085272,343.0,53.01855742868994,41.743302781388024,1000.0,1.8820807298333528,0.9135359570715034,78.50295336436642
638,49.01554553054481,38.20969247275245,1.172377766498693,0.029764547071650906,0.007182779362878421,317.0,49.01554553054481,38.20969247275245,1000.0,2.3480285187417795,0.5569459296091833,77.44663643495922
639,50.704270246317606,37.7953161426234,1.033770127534192,0.026125203830153133,0.012843249120057484,219.0,50.704270246317606,37.7953161426234,1000.0,2.0609325417744087,0.9958534098012799,72.49472174029529
640,45.3511083434086,33.20770740233,1.1810914259378769,0.02941485141429403,0.011903502553680933,198.0,45.3511083434086,33.20770740233,1000.0,2.320442163257266,0.9229863483803811,71.14630312478297
641,45.5668326702492,31.119801161913195,1.205400159640769,0.025360016860795722,0.009336315248477731,164.0,45.5668326702492,31.119801161913195,1000.0,2.000569425147916,0.7239290687475677,68.62804173452298
646,69.1620626849789,61.489213335934295,1.3470543676511857,0.025545128841415316,0.022796999847765086,100.0,69.1620626849789,61.489213335934295,1000.0,2.0151723085248836,1.7676578426078609,62.03095686364205
647,59.2387117044957,51.5272389687756,0.7745213938188172,0.01491925632231243,0.019241271647717724,117.0,59.2387117044957,51.5272389687756,774.5213938188173,1.1769317113705766,1.491950035397789,64.12186443894088
648,50.90573927212296,35.4644509031298,1.4257221856829247,0.026164338680535148,0.0048547099868962405,130.0,50.90573927212296,35.4644509031298,1000.0,2.064019763110331,0.3764296284260902,65.52659973963482
649,45.3960324947534,40.105953530867296,2.4333176296826298,0.04752483106689707,0.018390719151259435,284.0,45.3960324947534,40.105953530867296,1000.0,3.7490796827794717,1.4259989979387269,75.97403171465398
650,62.16465728136511,49.9480197018772,0.9242877770966685,0.01344898001832141,0.012592076323273744,379.0,62.16465728136511,49.9480197018772,924.2877770966685,1.060946385476293,0.9763777083033016,79.84071172042624
656,60.38839307130709,50.5666492147659,3.5892329614383596,0.06646261548280738,0.004353337795167653,65.0,60.38839307130709,50.5666492147659,1000.0,4.0,0.3375537020896071,56.31235232705702
658,52.706650938458,44.4640409069293,2.7030843029814147,0.04507584926342235,0.014111625118898227,289.0,52.706650938458,44.4640409069293,1000.0,3.5558874563835543,1.0942020871140195,76.20779081975354
659,45.523718814869994,35.8226353165629,3.4581942665878693,0.057358209787288776,0.014444657881687173,312.0,45.523718814869994,35.8226353165629,1000.0,4.0,1.1200251330814892,77.2336238980991
660,51.93899059413,44.212020320333906,2.943635099940223,0.04759455063855322,0.02081842471906122,288.0,51.93899059413,44.212020320333906,1000.0,3.7545796335151245,1.6142409953561325,76.1613631060422
661,43.41810200812469,34.2594517942236,2.8582749911581398,0.044570800499426425,0.016352570696290588,323.0,43.41810200812469,34.2594517942236,1000.0,3.5160457985090696,1.267962891219273,77.69787383869226
662,52.4292775287143,42.9209714314898,2.0996929408351206,0.040865719825211116,0.0013552944457261731,68.0,52.4292775287143,42.9209714314898,1000.0,3.2237640088230277,0.1050882516133195,56.90982001104971
664,58.5936998784722,48.6082513524429,1.8420310022878517,0.03913450662595358,0.004926236970101562,69.0,58.5936998784722,48.6082513524429,1000.0,3.0871942181222476,0.3819757631659806,57.10321629375922
665,62.85102092245996,49.583765339290494,1.6761091963852193,0.02740807522242107,0.0014722363418334802,894.0,62.85102092245996,49.583765339290494,1000.0,2.1621341023985936,0.11415581581755317,91.35481453616575
666,62.99317055774139,49.0735473712988,1.8100882881437972,0.029448718287131453,0.0012489347539739867,883.0,62.99317055774139,49.0735473712988,1000.0,2.3231138109417224,0.0968412215427579,91.18859667043937
667,62.87517177815592,49.206664747928755,1.6211106204228927,0.025884228043600268,0.005152961813201707,804.0,62.87517177815592,49.206664747928755,1000.0,2.041922744051289,0.3995557934197992,89.93033815204679
668,66.0120203879585,57.3556533164511,1.4688838948897718,0.024617504838598418,0.015341015906805179,1097.0,66.0120203879585,57.3556533164511,1000.0,1.9419950615121786,1.1895278879819184,94.10241045484103
669,62.056862616561105,46.1230842520969,2.095990720851107,0.035951787126643625,0.004980664826892181,280.0,62.056862616561105,46.1230842520969,1000.0,2.8361198062205437,0.38619604778916566,75.78405244219677
670,49.46801583287319,44.9999217756327,1.909924551028444,0.03627622347680764,0.004370482047479014,54.0,49.46801583287319,44.9999217756327,1000.0,2.8617135369387627,0.33888305122573026,53.86180296793899
671,47.0145778185281,40.302131193203,2.7757329958546193,0.05696491838393585,0.0022375751492052045,67.0,47.0145778185281,40.302131193203,1000.0,4.0,0.17349946428607757,56.713600325377385
674,48.88772319520831,44.474933110535,1.9248587939686623,0.03884968273659397,0.0041171469539849044,52.0,48.88772319520831,44.474933110535,1000.0,3.0647253858761054,0.31923968728253316,53.36393828219709
677,42.64589747763,32.723323122108,2.180502686654673,0.0397127426574491,0.00365978618945146,64.0,42.64589747763,32.723323122108,1000.0,3.1328093820031953,0.2837763654538967,56.10714513870607
681,40.94692777789483,33.15593883463833,2.24015844947957,0.04601829250271357,0.003639225387855226,62.0,40.94692777789483,33.15593883463833,1000.0,3.6302337448664326,0.28218210031222934,55.68708564710496
682,42.1982380921438,32.4092913205427,2.471454731556612,0.04347947763339954,0.010420499681291941,64.0,42.1982380921438,32.4092913205427,1000.0,3.4299548794563575,0.8079957059496237,56.10714513870607
683,47.73111168720634,40.529111461982566,1.7205895321013085,0.03637264138006034,0.006253177610215293,58.0,47.73111168720634,40.529111461982566,1000.0,2.8693196324056163,0.4848654874645962,54.80540505276274
684,51.791814241687995,45.435660532435335,1.767121571347129,0.03232360619026982,0.008636769316149142,66.0,51.791814241687995,45.435660532435335,1000.0,2.549904387277552,0.6696869376863489,56.514473575834074
685,50.144202295732896,44.18025893919403,1.8510083310891734,0.03755986470539282,0.002754154897317554,60.0,50.144202295732896,44.18025893919403,1000.0,2.96297582745154,0.21355457018514207,55.25347353549491
686,47.8735368926356,42.187024487211,1.8820237684476904,0.0390349832734497,0.00442700773483407,52.0,47.8735368926356,42.187024487211,1000.0,3.07934314384259,0.34326599965004934,53.36393828219709
687,60.24831753050957,48.333710688694424,2.3332280607532856,0.03611957766814953,0.026119026551347582,278.0,60.24831753050957,48.333710688694424,1000.0,2.8493562574819244,2.0,75.68804625004091
689,64.31107566820721,50.47225356189842,2.0190700817223237,0.03694670218190553,0.01351640580906394,307.0,64.31107566820721,50.47225356189842,1000.0,2.914605425970004,1.0480493438527887,77.01718106058814
690,65.39329927451601,51.50123745672411,2.045816922530034,0.030932773907315823,0.02808054749405649,352.0,65.39329927451601,51.50123745672411,1000.0,2.4401861423702367,2.0,78.85008108750975
692,73.5058491417514,65.1891876750394,1.3275705361651258,0.018601698910210962,0.013499238156894184,397.0,73.5058491417514,65.1891876750394,1000.0,1.4674276558981632,1.0467181803137404,80.46276251096111
697,63.1838621308046,56.1175923772432,1.2437409357575169,0.024873886737948867,0.01583396952600936,148.0,63.1838621308046,56.1175923772432,1000.0,1.9622201974739284,1.2277510461539192,67.25709032286147
700,58.3466613390857,50.8979085737833,1.6743079187002432,0.03556136957372639,0.01337603263166059,124.0,58.3466613390857,50.8979085737833,1000.0,2.8053210325566846,1.0371649402213545,64.8964463809323
701,41.5141927403841,29.262254310286,2.3660404647326962,0.042315490526857236,0.012439665170509909,269.0,41.5141927403841,29.262254310286,1000.0,3.3381317142984988,0.9645598914290208,75.24732447957423
702,35.3810823591469,27.4493580358476,2.2463866039576383,0.04072883130818376,0.015995278367038845,274.0,35.3810823591469,27.4493580358476,1000.0,3.2129653179813777,1.2402587813748636,75.49395176158309
703,34.8924002614158,27.0368415562173,2.3363712782392567,0.04041470437004237,0.01533246728835264,279.0,34.8924002614158,27.0368415562173,1000.0,3.188184863318806,1.1888650361789619,75.7361350661155
704,36.754951531527,29.0930168675659,2.181196925572602,0.03852614742153556,0.016919529627360808,283.0,36.754951531527,29.0930168675659,1000.0,3.039202734893091,1.3119243513954064,75.92678804648767
705,41.8732584572314,34.3610129068674,2.2661506947920573,0.039362982680757753,0.018019835209066498,299.0,41.8732584572314,34.3610129068674,1000.0,3.105217952575132,1.397241007260452,76.66345512622848
706,50.395541283939394,43.3040754892436,2.2962612660990644,0.041606060217245285,0.01748833790552325,322.0,50.395541283939394,43.3040754892436,1000.0,3.282167059603141,1.3560292081988636,77.65632570744697
707,72.92131547026781,66.59801839245957,2.591775017943866,0.05047849634941066,0.0048595215052524,1135.0,72.92131547026781,66.59801839245957,1000.0,3.982084750905131,0.37680270901625174,94.55970681884396
708,61.45053680554455,50.34405565773501,1.7272811756864501,0.030131970127622996,0.010626341449865122,491.0,61.45053680554455,50.34405565773501,1000.0,2.3770133311694286,0.8239564823230255,83.31257319930194
709,56.8926592098323,43.5446783360283,0.7925594333414232,0.010646089042508662,0.017659861026264042,569.0,56.8926592098323,43.5446783360283,792.5594333414232,0.8398354130738068,1.369328949024004,85.2904911008321
710,47.799871151009796,39.20804584462398,1.5944267557846075,0.027275438087522724,0.025317922773462526,309.0,47.799871151009796,39.20804584462398,1000.0,2.1516707892953972,1.9631278259379652,77.10417689669517
711,48.274706671097604,36.692643990218386,0.9104658997906232,0.020212430365655242,0.014847574540091935,300.0,48.274706671097604,36.692643990218386,910.4658997906232,1.5944930328485758,1.1512669103286104,76.70818331976895
712,49.302162493658386,39.32791484120596,0.917859045094412,0.02043690408543626,0.01627520055791797,285.0,49.302162493658386,39.32791484120596,917.859045094412,1.6122010360809143,1.2619636837449868,76.021109905535
713,49.7577810954467,38.737582931175226,0.9946313337440078,0.022897722813523987,0.020205438615253868,290.0,49.7577810954467,38.737582931175226,994.6313337440079,1.8063270390432489,1.5667106316661523,76.25405871313592
714,57.973185091843,47.22566694838059,1.234512328133663,0.023913953977144985,0.014080913271445136,254.0,57.973185091843,47.22566694838059,1000.0,1.8864942174005137,1.091820719461523,74.47906911324918
715,53.7727582499332,43.3249766469052,1.5125099169410388,0.02809356383109667,0.007792043740906175,250.0,53.7727582499332,43.3249766469052,1000.0,2.216210074008991,0.604187714196375,74.26656176553253
716,54.58691711270029,44.5531890072693,1.6051028308320097,0.03069570215397417,0.008025646995737207,275.0,54.58691711270029,44.5531890072693,1000.0,2.421484321156753,0.6223010900010109,75.54273878340598
717,49.58951820878751,40.26151907505741,1.7745935939744772,0.030419440876593713,0.00416038808029938,278.0,49.58951820878751,40.26151907505741,1000.0,2.3996909655800054,0.32259256338743314,75.68804625004091
718,64.374389756796,53.9917418441296,2.0504170169705023,0.0227021992313802,0.006547653230343297,267.0,64.374389756796,53.9917418441296,1000.0,1.7909028182125066,0.5076988489969081,75.14739234819037
719,56.303591692374596,46.3164431172963,1.7482926532613847,0.02179502662972762,0.0060053942192789585,269.0,56.303591692374596,46.3164431172963,1000.0,1.7193389158633858,0.46565259729565056,75.24732447957423
720,48.23709248625278,38.363331857231834,2.1152506236933513,0.045145740716725655,0.01482265196395469,173.0,48.23709248625278,38.363331857231834,1000.0,3.561400966304516,1.149334437307547,69.34188079269343
721,55.6896150413164,44.5682759666291,2.857551981511108,0.04089628798393767,0.007491614480949197,139.0,55.6896150413164,44.5682759666291,1000.0,3.2261754316571327,0.5808927130533237,66.41967567993736
722,52.9367943651686,42.622784014343594,2.645538441460383,0.03784293057123467,0.010589196069255912,140.0,52.9367943651686,42.622784014343594,1000.0,2.9853059749279662,0.8210762645843321,66.5153402101566
723,61.1553775084468,45.1639882947055,3.39594549477274,0.042419417137592764,0.020681987561980236,344.0,61.1553775084468,45.1639882947055,1000.0,3.3463301473294393,1.6036617870239904,78.54196880469381
724,63.790374619948125,57.63857940071715,1.9488158157943105,0.031833616740615626,0.05198141735857513,498.0,63.790374619948125,57.63857940071715,1000.0,2.5112507098370367,2.0,83.50245661626289
725,59.716700511648966,53.61085015564279,1.6782382745696636,0.03760228399843552,0.01687722927898644,412.0,59.716700511648966,53.61085015564279,1000.0,2.9663221478094264,1.3086444223236726,80.96001316669971
726,54.8302218912947,46.491170597801464,1.4916724211903578,0.030444218986538218,0.013444030820382709,34.0,54.8302218912947,46.491170597801464,1000.0,2.4016456302570846,1.0424374555690075,47.78675690758107
727,60.17846972954,51.7882836350159,1.5042447771445564,0.030519453782012554,0.01014541155371724,32.0,60.17846972954,51.7882836350159,1000.0,2.407580659100298,0.7866656322836627,46.99589294087888
728,65.30319326172207,56.466442439393546,1.3996283773059535,0.027617800725066696,0.012242409559648369,33.0,65.30319326172207,56.466442439393546,1000.0,2.178678666645916,0.9492648776172805,47.39714093919925
729,66.61823234731442,58.38737395511856,1.7157001332917923,0.033074214843717774,0.017195542335335566,37.0,66.61823234731442,58.38737395511856,1000.0,2.609117467875335,1.3333261161525722,48.892103540604005
730,60.9053352939729,49.7774039459287,1.7061725745372938,0.03990262454963502,0.009025367597924569,197.0,60.9053352939729,49.7774039459287,1000.0,3.1477885482230588,0.6998184815294575,71.07859109364102
731,58.4181615215583,47.2469660448315,1.6499575203509353,0.03703005159820175,0.009378189433802845,185.0,58.4181615215583,47.2469660448315,1000.0,2.9211805909141537,0.7271759535388578,70.23826686963507
732,51.04823866107489,40.66571444925741,1.652342872928569,0.037834382992244404,0.011311065183722364,164.0,51.04823866107489,40.66571444925741,1000.0,2.984631684162277,0.8770493141103254,68.62804173452298
736,78.23423563202466,71.58096558035393,0.6941126892600663,0.009776125541493636,0.002547651817520268,1115.0,78.23423563202466,71.58096558035393,694.1126892600663,0.7712068159132177,0.19754251636385228,94.3209650223972
737,71.774186006124,65.811971847198,0.7597882177192645,0.015878069190711133,0.007819439086598294,1110.0,71.774186006124,65.811971847198,759.7882177192645,1.252569346766716,0.6063119234338626,94.26061103793694
738,72.08023446232264,66.35504724704859,1.1623628945633315,0.020487545135116914,0.004206893182636891,1103.0,72.08023446232264,66.35504724704859,1000.0,1.61619594413656,0.3261985251112185,94.17565755576227
739,58.97418377142546,45.643558905658224,1.5856085385602878,0.027567139961904623,0.01743874842958633,33.0,58.97418377142546,45.643558905658224,1000.0,2.1746822034577002,1.3521840870585349,47.39714093919925
740,59.29824785184088,45.805358898691324,1.396747117932686,0.02341750367026779,0.008892560063039002,48.0,59.29824785184088,45.805358898691324,1000.0,1.8473308639021495,0.6895207106751534,52.30921622787394
741,55.6208265740224,45.65113639544259,2.079422909474069,0.043703030994092014,0.0006929085888194368,944.0,55.6208265740224,45.65113639544259,1000.0,3.4475902785471924,0.053727477712691186,92.08547320733307
742,63.307483213624,53.1171671713608,2.1055376624911246,0.0460381019182111,0.001434114137641954,914.0,63.307483213624,53.1171671713608,1000.0,3.6317964453643055,0.1111998561006321,91.651861095723
743,57.22518478898385,44.02182421190308,1.4944572725732728,0.025686626810101747,0.009670776906779286,28.0,57.22518478898385,44.02182421190308,1000.0,2.0263346240481126,0.7498629099238808,45.259182639931296
744,55.85905683894576,42.5575724284174,1.6285786147629422,0.026571695216301948,0.012468159266102738,27.0,55.85905683894576,42.5575724284174,1000.0,2.096154798156347,0.966769296696338,44.78752688629325
745,57.6627550550493,46.4787585697517,2.3271621726428156,0.04091333974888355,0.010746658771048441,268.0,57.6627550550493,46.4787585697517,1000.0,3.2275205900528388,0.8332857738004791,75.19745128782426
746,59.383121942675714,50.07049712503303,1.7094865962960832,0.03134410067173659,0.006293300110431261,246.0,59.383121942675714,50.07049712503303,1000.0,2.4726343758695335,0.48797654824651504,74.05064049948784
747,50.24905450616558,41.4804160368763,1.3941482763863078,0.03071709809919384,0.018050659570639095,138.0,50.24905450616558,41.4804160368763,1000.0,2.423172177835381,1.3996310991515357,66.32332537662401
748,49.9761425532234,40.659995308223,1.3564159317839257,0.029473016760735327,0.010178882150206498,157.0,49.9761425532234,40.659995308223,1000.0,2.3250306386645314,0.7892609107315327,68.04537670594179
750,57.1216231887506,50.135782114629,1.7581199599126756,0.03776775837857215,0.00393852661866079,130.0,57.1216231887506,50.135782114629,1000.0,2.9793758846174017,0.3053896351399978,65.52659973963482
752,48.489738757185,36.5511404846713,1.6485426446302136,0.04097843998942348,0.005315381300009318,154.0,48.489738757185,36.5511404846713,1000.0,3.2326561367486017,0.4121496470656755,67.78771751051703
753,52.63986329413902,40.762499357971826,1.3486794631644397,0.03624354456492333,0.011837590902246247,164.0,52.63986329413902,40.762499357971826,1000.0,2.8591356036384146,0.9178756211638267,68.62804173452298
754,43.89157119964031,36.4414080197393,1.7812593879150942,0.04208955565026001,0.0020309397518913524,188.0,43.89157119964031,36.4414080197393,1000.0,3.320308445147061,0.15747715068949128,70.45332441368896
755,49.563981957211105,37.37198847295169,1.4887436845810949,0.03726170794162276,0.004220355127386344,189.0,49.563981957211105,37.37198847295169,1000.0,2.93945520801451,0.3272423515959328,70.52425233424812
756,45.054796353797,37.82416780913506,1.4849983057589495,0.0330581867510421,0.014043225660728147,151.0,45.054796353797,37.82416780913506,1000.0,2.607853063662735,1.0888984577122618,67.52502231296029
757,43.91563929509771,33.750196116849466,1.4317327320391948,0.03364063229935433,0.0033666810556587895,159.0,43.91563929509771,33.750196116849466,1000.0,2.6538003026635217,0.26104927013797363,68.2144457245348
758,47.586354310453494,37.95812323949201,1.744924740179416,0.031625195177414925,0.012631664943823109,145.0,47.586354310453494,37.95812323949201,1000.0,2.4948090091406367,0.9794473725599767,66.98370849655186
759,55.41243070047193,44.53815338216417,2.18019734475373,0.037832003423122214,0.015013087915369526,142.0,55.41243070047193,44.53815338216417,1000.0,2.984443967677031,1.16410066116511,66.70465051935686
760,52.1420835408272,38.7336429883027,2.045034159453478,0.03493729655138799,0.0034634768152881734,88.0,52.1420835408272,38.7336429883027,1000.0,2.756089937230407,0.268554721942275,60.33090750531447
761,56.20461826637809,42.9852888690815,2.056192980644077,0.032960747136714784,0.004001255355470574,90.0,56.20461826637809,42.9852888690815,1000.0,2.600166368725131,0.3102535621619375,60.62960445899895
762,58.7101893231317,49.9939468291112,1.30127610550251,0.026227354857169212,0.020165064060377567,153.0,58.7101893231317,49.9939468291112,1000.0,2.068990904768313,1.5635800268038687,67.70072167441002
763,65.9342805026135,57.6303853092099,1.4254459606263685,0.031041236912735817,0.01049984080817466,138.0,65.9342805026135,57.6303853092099,1000.0,2.4487424368551323,0.8141477420119188,66.32332537662401
765,49.314541906162,37.6121820710032,1.1656458638937799,0.027623637018508472,0.012324573057044435,116.0,49.314541906162,37.6121820710032,1000.0,2.1791390728940625,0.9556357576242165,64.00747387822997
767,68.4105472981498,59.3821749644969,1.324470836950245,0.02732641279360305,0.019577219089664706,131.0,68.4105472981498,59.3821749644969,1000.0,2.1556920184215436,1.5179990828350487,65.62881171323517
768,50.0615043002749,41.8004235172463,2.3296165937532645,0.03953812921866542,0.01633678507913686,194.0,50.0615043002749,41.8004235172463,1000.0,3.119034694519032,1.2667388893704101,70.87338390529007
769,57.09287767115073,45.84776174911153,2.4227219637898636,0.042838401383375725,0.01366948910943639,193.0,57.09287767115073,45.84776174911153,1000.0,3.379382454681326,1.0599192784179805,70.80427933273006
770,62.239248122736,51.0060288190362,1.5934985045262922,0.030373937805713784,0.008582326297622324,304.0,62.239248122736,51.0060288190362,1000.0,2.3961013759968277,0.6654654774364551,76.88562232913901
771,51.9554054707163,43.0352924875806,1.622935679822665,0.030107829125440255,0.00541207294436917,302.0,51.9554054707163,43.0352924875806,1000.0,2.3751089258559652,0.41964702587028596,76.79719563022604
772,47.9870545557401,36.9550179645274,1.6896765885310348,0.031135275534755487,0.007731122833860222,302.0,47.9870545557401,36.9550179645274,1000.0,2.4561608385473814,0.5994639645873175,76.79719563022604
773,66.1437156899108,54.43395856160967,1.216002361763599,0.026043685663200155,0.013978298979337368,309.0,66.1437156899108,54.43395856160967,1000.0,2.0545018381476954,1.0838641041428747,77.10417689669517
774,65.28854381184185,57.960511190537886,1.176521447520049,0.03117348905745386,0.012166926904573888,180.0,65.28854381184185,57.960511190537886,1000.0,2.459175379332476,0.9434120238157154,69.87200960960587
776,67.1950437003149,65.0460531660478,1.9270096288916303,0.031675611350741706,0.006105611115491056,191.0,67.1950437003149,65.0460531660478,1000.0,2.4987861774305538,0.47342332080023924,70.66499508365284
778,51.13483069206894,39.56339189995301,1.197432914807237,0.03547098712760134,0.006830891975038763,806.0,51.13483069206894,39.56339189995301,1000.0,2.798191054714778,0.5296609138183644,89.96369005440826
785,50.03056507404956,38.33968092809462,1.038776083919318,0.030943485113412227,0.008350902521462996,816.0,50.03056507404956,38.33968092809462,1000.0,2.441031114656357,0.6475210963500962,90.12921936025786
786,48.40820562687143,37.259269330974824,1.5111936332537894,0.031092672605902934,0.004517251006830689,807.0,48.40820562687143,37.259269330974824,1000.0,2.4528000317564396,0.35026337775035477,89.98033502217646
787,46.72879912667202,35.4575377049954,1.8555316184477568,0.03980381923829589,0.0077627754278014405,800.0,46.72879912667202,35.4575377049954,1000.0,3.1399941178805113,0.6019182768342232,89.86338503848248
788,43.9601140807038,31.64113598087047,3.093343602989488,0.06905270483111954,0.010123683855742393,796.0,43.9601140807038,31.64113598087047,1000.0,4.0,0.784980887098615,89.79609673897303
789,38.5725311509474,27.9219716694141,1.405677693983498,0.03223314509919955,0.02515010249848149,247.0,38.5725311509474,27.9219716694141,1000.0,2.5427682053911562,1.9501152002767022,74.10494687540735
790,47.693629298831596,33.3130117601938,1.3859268228970314,0.030517494752505665,0.02562076169543642,241.0,47.693629298831596,33.3130117601938,1000.0,2.407426117620458,1.9866096699985354,73.77576773476792
791,49.69956468660919,35.5414878441119,1.7634206146010678,0.03695786025652535,0.02171108996738127,241.0,49.69956468660919,35.5414878441119,1000.0,2.9154856502636415,1.6834574158304754,73.77576773476792
792,51.0363617027344,36.7563470307563,1.5419982649354191,0.03676148598161501,0.02058853950370976,230.0,51.0363617027344,36.7563470307563,1000.0,2.899994321041438,1.5964159128220623,73.15050105481585
793,57.4645385729841,43.1784714812953,1.2614661792236699,0.03452157321887787,0.02276093522533931,206.0,57.4645385729841,43.1784714812953,1000.0,2.7232948727434403,1.7648614258382276,71.67605877763371
794,70.74962444533458,68.71362953208788,1.5680197326749308,0.027471468876863483,0.0048408610328801,462.0,70.74962444533458,68.71362953208788,1000.0,2.167135022055786,0.37535579360826227,82.4960216625969
795,62.39143692337554,54.69020021644774,1.7872642503025635,0.028524678339701088,0.0002999646306864196,1891.0,62.39143692337554,54.69020021644774,1000.0,2.2502192984265417,0.02325897422812862,100.0
796,65.8304807954351,59.7822485389376,1.886541556709999,0.039311257908724535,0.007357665639350632,1678.0,65.8304807954351,59.7822485389376,1000.0,3.1011375531802727,0.5705064463541486,99.81083035483942
797,65.7160528913706,59.6860448123173,1.874509997240204,0.03802678392699752,0.013021382215515269,1719.0,65.7160528913706,59.6860448123173,1000.0,2.9998095694748064,1.009665681824646,100.0
798,71.12983532031373,69.15326232952272,1.1896627130100763,0.02195780861972565,0.0007410744867590195,435.0,71.12983532031373,69.15326232952272,1000.0,1.7321802587513802,0.05746221595928989,81.68843315230805
799,72.41675690667775,69.32421131021691,1.738530792372303,0.03269330221398776,0.0012723978277594374,424.0,72.41675690667775,69.32421131021691,1000.0,2.579068506753838,0.09866052612956759,81.3449791403093
800,72.55791291751191,69.47185283979556,1.4066114864130257,0.02982176820967067,0.002976967980697865,413.0,72.55791291751191,69.47185283979556,1000.0,2.352542508611064,0.2308312862838816,80.99251816381184
803,70.07126913900775,64.5365714914335,1.3091993817635599,0.02323164608581626,0.0010721798733872188,442.0,70.07126913900775,64.5365714914335,1000.0,1.8326691622587103,0.08313581499913998,81.90251200849934
806,51.1515783459768,41.37592856532321,1.3111240277071607,0.02860525514880451,0.024099547231791404,268.0,51.1515783459768,41.37592856532321,1000.0,2.2565757413876457,1.8686561368622778,75.19745128782426
807,57.6257021347218,45.4155762501966,0.5536272485276147,0.007442946517434005,0.0010296876483283342,377.0,57.6257021347218,45.4155762501966,553.6272485276147,0.5871498949517032,0.07984100799046427,79.76978379986711
808,52.5344034207501,44.4358891181769,1.9855087399321143,0.03634751361850754,0.012925181998795266,160.0,52.5344034207501,44.4358891181769,1000.0,2.86733738484794,1.0022064078552093,68.2981893584027
809,51.13575721855079,44.140939414007,1.8188409295751293,0.035311853170894976,0.008862626408875673,152.0,51.13575721855079,44.140939414007,1000.0,2.785637493333606,0.6871996833955525,67.61315908618909
810,51.02738984877399,44.2702231773038,1.465148153421829,0.02824148982764957,0.007563949068256384,149.0,51.02738984877399,44.2702231773038,1000.0,2.227879475788678,0.5865014686527096,67.34699574005033
811,57.0545075081995,49.255451672813905,2.240116563378309,0.03416674366999792,0.00247381392979221,126.0,57.0545075081995,49.255451672813905,1000.0,2.695303521218527,0.19181719626929186,65.109797047118
812,58.323780719849,50.4414217338714,1.7701064899910688,0.036625273461517616,0.007153490351331726,140.0,58.323780719849,50.4414217338714,1000.0,2.8892489574036695,0.554674887309386,66.5153402101566
813,57.7456688864638,50.42431772128269,1.8776257988751748,0.03553326065279577,0.003353137194669489,129.0,57.7456688864638,50.42431772128269,1000.0,2.8031036110109357,0.25999909194536924,65.42360452488421
814,57.4548712089058,50.1285558796437,1.704209175963835,0.03767239490721819,0.004627180044059402,136.0,57.4548712089058,50.1285558796437,1000.0,2.9718529698609197,0.35878717149888684,66.12852762269118
815,55.46529143288049,48.3262951939189,1.2092761176699265,0.029167920724831806,0.0046380862780322435,142.0,55.46529143288049,48.3262951939189,1000.0,2.300962602570045,0.3596328305831588,66.70465051935686
816,52.9630294853792,45.9046824250908,1.8842755040373842,0.028524327423076517,0.00704095441007697,144.0,52.9630294853792,45.9046824250908,1000.0,2.2501916157529163,0.5459489566841889,66.8913314335754
817,55.57397141654549,48.4772830839655,2.094712743368139,0.038210198214096325,0.011165706910329427,135.0,55.57397141654549,48.4772830839655,1000.0,3.0142785273197203,0.8657783708429309,66.03005971155554
818,55.76549902450489,48.7357414847137,1.317936086022964,0.028370589824866926,0.016801011766510773,139.0,55.76549902450489,48.7357414847137,1000.0,2.2380637555798715,1.3027345883730932,66.41967567993736
819,58.8954542311989,47.6022363932388,1.0207508513322834,0.020423059846165412,0.006463043311509052,826.0,58.8954542311989,47.6022363932388,1000.0,1.6111089089758053,0.5011382757816378,90.2927348776144
820,58.4763865966923,47.7395187821931,0.9866806099836101,0.026432991731558143,0.0025467766030364326,820.0,58.4763865966923,47.7395187821931,986.6806099836101,2.085212930401957,0.19747465305917858,90.19486447123569
821,43.84969202900861,33.8809360124938,1.6724491437834192,0.03452338912780813,0.010223146825304247,819.0,43.84969202900861,33.8809360124938,1000.0,2.723438123905483,0.7926931518426232,90.17848322636205
822,69.7994259354921,59.8621053029327,1.5787040300091777,0.02646130449576119,0.0016554442476885403,735.0,69.7994259354921,59.8621053029327,1000.0,2.0874464324819026,0.128361583847341,88.72587817535643
823,67.2052884546425,57.7151976365904,1.8039558192926457,0.030594138324138327,0.0010372838453114389,699.0,67.2052884546425,57.7151976365904,1000.0,2.413472280242671,0.0804300099319849,88.05182447358146
824,63.5999496759257,54.0416605350722,1.7053001631428357,0.029966632657800387,0.001379764304868531,694.0,63.5999496759257,54.0416605350722,1000.0,2.3639703947717887,0.10698562138606786,87.9554741702681
825,75.6759003597368,66.5000518597584,1.4262987024033467,0.027613571081791285,0.002656047422980864,795.0,75.6759003597368,66.5000518597584,1000.0,2.1783450038150702,0.20594740926099522,89.77922189713927
826,47.40082006898581,37.8887902370083,2.14897320484274,0.03415619478827953,0.011187156159841024,297.0,47.40082006898581,37.8887902370083,1000.0,2.6944713541757705,0.8674415253970572,76.57354970903963
827,44.8167953264284,32.9166479879309,1.582785267927161,0.023609848092550418,0.01359424667657607,297.0,44.8167953264284,32.9166479879309,1000.0,1.8625042911292913,1.0540850512200766,76.57354970903963
828,56.20001473755814,51.621582776709786,2.0017196873405703,0.026701819599515026,0.003956537907951011,302.0,56.20001473755814,51.621582776709786,1000.0,2.106419888434136,0.30678621350478025,76.79719563022604
829,51.0520455272842,41.5627478425959,2.0368896549606257,0.034644769581329116,0.006700300609361705,322.0,51.0520455272842,41.5627478425959,1000.0,2.7330134339479644,0.519534982631917,77.65632570744697
830,65.5790118444342,54.91761204798908,2.2048452055208694,0.0421288596262888,0.012864872204144655,409.0,65.5790118444342,54.91761204798908,1000.0,3.323409008256366,0.9975300433242567,80.86202384018391
831,55.2926093827721,40.6687312357606,0.47807826378183005,0.011717641430762368,0.006106125264555106,406.0,55.2926093827721,40.6687312357606,478.07826378183006,0.92436670329935,0.4734631874331912,80.76331487936602
833,47.71053292785254,39.114460153405005,1.552511020416363,0.03617534645314813,0.008202911606462252,330.0,47.71053292785254,39.114460153405005,1000.0,2.853755675934927,0.6360460205382488,77.98516925991227
834,52.66338466094681,43.02152040630385,2.1971671057465945,0.04334631837223582,0.006272128235856205,353.0,52.66338466094681,43.02152040630385,1000.0,3.419450377506627,0.4863349010830627,78.88810320552487
835,54.5448987155713,43.1121344446009,1.6788055242878177,0.020239898950808428,0.0035988070021247824,556.0,54.5448987155713,43.1121344446009,1000.0,1.5966599403830295,0.27904809684690174,84.98039655396106
836,48.97786895266593,43.257824346981664,2.627335850491208,0.03729030878920886,0.00848103647924121,248.0,48.97786895266593,43.257824346981664,1000.0,2.941711436057581,0.6576115605599652,74.15903471401181
837,48.291094373729265,42.58317828805052,2.8918517435584437,0.04393442045574493,0.009039210640688227,260.0,48.291094373729265,42.58317828805052,1000.0,3.465843842211019,0.7008918579943494,74.79166017309929
838,65.28985562411572,49.83531676721132,1.7276924517577732,0.024741984819129363,0.014867161799993147,529.0,65.28985562411572,49.83531676721132,1000.0,1.9518148831810749,1.152785687966492,84.31254646201933
839,47.868297239878856,45.503164455862034,1.5482953878445203,0.03318197273410708,0.023109116981718664,262.0,47.868297239878856,45.503164455862034,1000.0,2.6176181381238846,1.7918591104645791,74.89426227251798
840,50.17452338094451,48.16386550197946,2.4613441539770484,0.047418658329403604,0.015151001689059683,260.0,50.17452338094451,48.16386550197946,1000.0,3.7407040600983197,1.1747943649548631,74.79166017309929
841,46.20454653414548,31.02256222427807,1.788029201537679,0.031466065150933954,0.0007962621326888468,73.0,46.20454653414548,31.02256222427807,1000.0,2.48225575780219,0.06174141391491425,57.85012009124929
842,56.5615931250694,45.0357546712022,1.4944528921067681,0.026887069080372705,0.0011880473662863613,74.0,56.5615931250694,45.0357546712022,1000.0,2.1210336187586343,0.09212007099309522,58.03053635387219
843,49.84247965540801,37.32998560558898,1.5817791926856881,0.030882191532772607,0.0013570185661212427,73.0,49.84247965540801,37.32998560558898,1000.0,2.436195863005755,0.10522193828078877,57.85012009124929
844,58.7362149029736,47.33449617723609,1.6535173782947503,0.033033417320557396,0.0019255458432633806,74.0,58.7362149029736,47.33449617723609,1000.0,2.605899083680071,0.14930500653046086,58.03053635387219
845,53.64308718737003,44.35048205157807,1.5801441746013587,0.02925727091832542,0.006879547423949611,145.0,53.64308718737003,44.35048205157807,1000.0,2.3080111493519957,0.5334336113850269,66.98370849655186
846,55.716870813485286,43.5704168418423,1.1047784308995976,0.025891789941388018,0.003369372965361481,121.0,55.716870813485286,43.5704168418423,1000.0,2.042519277625904,0.26125799827454116,64.56993292167306
847,57.193351654473744,48.903800318691594,0.35917310318573514,0.006921854022540831,0.01567094567148275,60.0,57.193351654473744,48.903800318691594,359.17310318573516,0.5460425992160717,1.215110330405773,55.25347353549491
850,66.8022502703159,56.82459617819758,0.7633414308182692,0.0158532679141149,0.007933922378070784,64.0,66.8022502703159,56.82459617819758,763.3414308182693,1.2506128545476687,0.6151888497561984,56.10714513870607
854,68.9162223307685,58.92112411826442,0.5721680953846304,0.012410139347159652,0.013427773242922169,61.0,68.9162223307685,58.92112411826442,572.1680953846304,0.9789956164474612,1.041176858363593,55.472028103051066
859,55.925087071447585,45.86740407911897,0.4178175800543482,0.00826298124353267,0.012243692929045515,60.0,55.925087071447585,45.86740407911897,417.81758005434824,0.6518397731011399,0.9493643888685407,55.25347353549491
861,60.2554404564511,54.68585740862801,0.695133388074068,0.01405943685249268,0.009667228952837541,50.0,60.2554404564511,54.68585740862801,695.133388074068,1.1091033439089033,0.7495878049253188,52.8469203196051
870,60.951066425977906,51.757314948739584,0.3718389417494526,0.006113640687375182,0.012610757909595415,47.0,60.951066425977906,51.757314948739584,371.8389417494526,0.482285272231452,0.9778262608669889,52.032076311296564
873,60.43247582468969,54.745579908319435,0.51833383635749,0.011089119907415705,0.01458362954961006,41.0,60.43247582468969,54.745579908319435,518.33383635749,0.8747846801659761,1.130800864991154,50.23730626669911
886,67.47540423839594,57.74543935485872,0.6602629348324408,0.013815602552246408,0.007411317331176046,40.0,67.47540423839594,57.74543935485872,660.2629348324408,1.0898680473177116,0.5746665478788091,49.91341566036167
891,58.20296997240512,49.59055299995285,0.41256338000352283,0.00996905408455654,0.01212166204650752,53.0,58.20296997240512,49.59055299995285,412.5633800035228,0.7864263225329726,0.9399022294616399,53.615175685930126
894,60.91042168236835,53.052071348756726,0.6442947335998828,0.0139085267125103,0.012700697802844878,43.0,60.91042168236835,53.052071348756726,644.2947335998828,1.097198532738992,0.9848001152656989,50.86257294665117
899,70.0381118619635,60.423871365586336,2.0792819352433467,0.04891097477954142,0.018741017997721994,35.0,70.0381118619635,60.423871365586336,1000.0,3.858428061591642,1.4531608397311124,48.165396305524276
900,64.10766563138029,55.47197810967361,2.0392401471659505,0.04840303045645629,0.025574508465300638,40.0,64.10766563138029,55.47197810967361,1000.0,3.8183579824580396,1.983023238207447,49.91341566036167
903,67.92401984397988,52.02809427100139,2.190460508938614,0.03998128290611233,0.005911023081239225,250.0,67.92401984397988,52.02809427100139,1000.0,3.153993650682756,0.45833514836001277,74.26656176553253
904,68.55335988300006,52.42109479459452,2.2136135940805834,0.04874234751772441,0.00395112793774287,270.0,68.55335988300006,52.42109479459452,1000.0,3.8451256041804625,0.3063667295230917,75.29701329681195
905,67.4647759189297,52.0329478396139,2.7310543311960576,0.05403224966701929,0.017634274500668488,290.0,67.4647759189297,52.0329478396139,1000.0,4.0,1.3673449939888633,76.25405871313592
906,65.8330674118956,50.6875217992706,2.667935185965461,0.05586317019640446,0.01579417457812039,306.0,65.8330674118956,50.6875217992706,1000.0,4.0,1.2246653834701513,76.97347107164305
907,66.4174552002492,52.4978544003713,2.3152612705045166,0.04892840769133114,0.01965729909790199,308.0,66.4174552002492,52.4978544003713,1000.0,3.85980328742486,1.5242084110599035,77.06074936374519
908,66.30464426162219,51.674661975751015,2.077181116857223,0.0466277316150809,0.018436802477820074,304.0,66.30464426162219,51.674661975751015,1000.0,3.678310418528909,1.4295722555670265,76.88562232913901
909,66.54073251672948,52.9634366731539,1.9515451932220778,0.043018459369664676,0.01753505651879513,298.0,66.54073251672948,52.9634366731539,1000.0,3.3935866448481016,1.3596517253588967,76.6185775895277
910,66.86397484617689,55.07437277944752,2.464392111314604,0.054716592610386555,0.017691487416966672,314.0,66.86397484617689,55.07437277944752,1000.0,4.0,1.3717812294965313,77.31923444074906
911,68.8738533789614,60.87833334344683,1.9818203067701927,0.04378509082402197,0.014566345654881312,321.0,68.8738533789614,60.87833334344683,1000.0,3.454063712208212,1.1294606881138411,77.61464874458082
912,48.8663083334546,36.8469956290923,2.1318751772867213,0.03949127638197309,0.0032446331882982644,143.0,48.8663083334546,36.8469956290923,1000.0,3.1153386262915297,0.25158579374397144,66.79831507788056
913,44.404627059284,34.2221509497639,1.907318010317655,0.04443003466667492,0.006696591749036949,128.0,44.404627059284,34.2221509497639,1000.0,3.5049412388136267,0.5192474011043487,65.31981397241599
914,41.8247514637914,32.2035692323509,1.940289786820453,0.043596245180573014,0.008234354877420741,123.0,41.8247514637914,32.2035692323509,1000.0,3.439166292288101,0.6384841020787225,64.78848748922921
915,50.6866528984728,39.859642797127066,1.9354062497610907,0.037514961833304904,0.004205388071373571,136.0,50.6866528984728,39.859642797127066,1000.0,2.959433585603141,0.32608182020503035,66.12852762269118
916,43.9134322333545,30.931040958763802,1.8907373165216381,0.04249296273858979,0.0015681775092658851,122.0,43.9134322333545,30.931040958763802,1000.0,3.3521319211025564,0.12159500334983148,64.67965442694566
917,43.38122646001031,30.702927950768803,1.6826482062012316,0.04046901050644396,0.004279831697456078,114.0,43.38122646001031,30.702927950768803,1000.0,3.1924688981709632,0.33185410867963905,63.77573003810981
918,52.49976174010069,42.08047607089631,2.171023902013515,0.04127777694865565,0.004983554939677218,128.0,52.49976174010069,42.08047607089631,1000.0,3.256269857975356,0.3864201444055892,65.31981397241599
919,47.646748922113645,36.18516040870981,1.8843471258639903,0.04490339096786891,0.006482725933991506,111.0,47.646748922113645,36.18516040870981,1000.0,3.5422827811543875,0.5026644477440249,63.420445658649534
920,47.63794737840535,35.87135917341853,1.9374654075425752,0.046011004947377025,0.006464262143023008,102.0,47.63794737840535,35.87135917341853,1000.0,3.629658853277425,0.501232782826374,62.29451059716119
921,53.217178487578224,42.233263261315614,1.0721629078805084,0.029397561894558714,0.00575728057035494,112.0,53.217178487578224,42.233263261315614,1000.0,2.3190782491578465,0.4464140992341791,63.539920309807684
922,48.15521027241762,39.01704302347185,1.1667321694197126,0.02988457828892069,0.00729888525205301,106.0,48.15521027241762,39.01704302347185,1000.0,2.3574973919153,0.5659486706252359,62.80660338206703
923,46.51933427997591,38.18831508766905,1.3042300776575113,0.02572658407841007,0.007705476877324751,109.0,46.51933427997591,38.18831508766905,1000.0,2.0294867232651144,0.5974754013332124,63.17826235411714
924,46.7567919488965,36.88065893104,1.457164534666149,0.02752943967911085,0.015048595455676467,106.0,46.7567919488965,36.88065893104,1000.0,2.1717081505029783,1.1668538823132615,62.80660338206703
925,47.87274612763569,37.1317996215223,1.4938231608865193,0.02802401059656185,0.015135565545986811,103.0,47.87274612763569,37.1317996215223,1000.0,2.210723245068999,1.1735974609962463,62.4243745035964
926,48.822102434564336,38.272772848375574,1.4882510681887442,0.027653382681701887,0.013603354377677835,99.0,48.822102434564336,38.272772848375574,1000.0,2.1814856117249373,1.054791253763752,61.89721635964448
927,55.32476784400349,42.79945531891727,1.2688412720474864,0.026976298962079037,0.005248727152855807,91.0,55.32476784400349,42.79945531891727,1000.0,2.1280726745341534,0.4069813474321694,60.776500016822
928,51.2555894612006,37.8558909762171,1.3527685872997375,0.03243929860668252,0.014879586577377686,268.0,51.2555894612006,37.8558909762171,1000.0,2.5590309865328758,1.1537490934730543,75.19745128782426
929,51.1448489939281,37.5348389903922,1.2861320076348113,0.031134792207106812,0.015452026246862587,267.0,51.1448489939281,37.5348389903922,1000.0,2.4561227103978,1.1981355249307901,75.14739234819037
930,45.8832323251258,32.1985020979476,1.8943057085690755,0.03413795866035976,0.014694007193627972,251.0,45.8832323251258,32.1985020979476,1000.0,2.6930327652288613,1.139359443286533,74.32000441946124
931,43.948472896502,30.2010953302851,1.8513041624408397,0.03514024344785131,0.006336956255727543,243.0,43.948472896502,30.2010953302851,1000.0,2.772099759235724,0.4913616045313913,73.8863923078512
932,51.0627846708756,37.6621396553924,1.6775164546722852,0.03403556427141878,0.016123532541150287,247.0,51.0627846708756,37.6621396553924,1000.0,2.6849552042025233,1.2502034889341571,74.10494687540735
933,50.0227869772597,36.3331753391428,1.9256805088646212,0.03299124834718143,0.016838232941566306,236.0,50.0227869772597,36.3331753391428,1000.0,2.60257251022829,1.3056206831415873,73.49515608634763
934,43.5089648057128,29.5156945418236,1.7128622423450768,0.0330088678084326,0.013089769422110849,226.0,43.5089648057128,29.5156945418236,1000.0,2.603962452343083,1.0149683612508853,72.9157211157998
935,47.3853251611621,34.0262241235007,1.5531813903237204,0.027416289970592873,0.02437353771911268,228.0,47.3853251611621,34.0262241235007,1000.0,2.1627821372212046,1.889901100539412,73.03362371177901
936,49.2691897248245,35.4603371012683,1.3005551884517985,0.03132694490949195,0.0179329701688161,237.0,49.2691897248245,35.4603371012683,1000.0,2.471281013464448,1.3905055740599241,73.55174905313622
937,45.773115806359,32.7674457089065,1.2964111939940843,0.030359840590224264,0.013583539645460621,236.0,45.773115806359,32.7674457089065,1000.0,2.394989292418853,1.0532548381372737,73.49515608634763
938,55.6262053200515,44.6596090911861,1.5252378378093456,0.023017331637119172,0.005907472982628764,785.0,55.6262053200515,44.6596090911861,1000.0,1.8157625909506434,0.4580598770658636,89.60929789239695
939,52.5457879496397,42.443219433757505,1.7394298588056514,0.029804758193220118,0.011249184032254236,383.0,52.5457879496397,42.443219433757505,1000.0,2.3512006436186614,0.8722511080554631,79.981454469831
940,71.6463169130475,64.1620061443763,2.0616393461061033,0.030845441991981325,0.009002957517457251,1013.0,71.6463169130475,64.1620061443763,1000.0,2.4332968110020112,0.698080825050269,93.0326908428861
941,72.5531430983877,64.9571767936203,1.9851067410153038,0.028314467305787364,0.012656984544627133,976.0,72.5531430983877,64.9571767936203,1000.0,2.2336364321932525,0.9814106304988199,92.53307535151286
942,67.8376438842745,58.969553738855,1.6742666128314574,0.027368744097002295,0.002772313540270814,1026.0,67.8376438842745,58.969553738855,1000.0,2.159031397562025,0.21496257421382098,93.2039136648256
943,68.4468240268598,59.718109233585,1.7301120822459315,0.02700788559720185,0.001420003453776038,996.0,68.4468240268598,59.718109233585,1000.0,2.1305644416657317,0.11010572699738555,92.80544150531746
944,69.1802474606503,60.763920531136,1.543681976910217,0.025093756358947047,0.0008386647391118112,981.0,69.1802474606503,60.763920531136,1000.0,1.9795649982957215,0.06502927197918122,92.60168606586328
945,71.9762997138183,64.3567049479206,0.8892890191515584,0.014949780047999892,0.002447448415186329,1038.0,71.9762997138183,64.3567049479206,889.2890191515585,1.1793396290264335,0.18977283916183474,93.360052610507
946,62.5992284271299,54.9200854964582,0.6754153283545486,0.0101377893016099,0.0004204111015438611,1049.0,62.5992284271299,54.9200854964582,675.4153283545487,0.7997372961823828,0.032598279849366675,93.50160385398732
947,51.481492601699784,44.100288472069586,2.3129857206537388,0.034242793534150176,0.014115719344538046,240.0,51.481492601699784,44.100288472069586,1000.0,2.701302848184467,1.0945195495042443,73.72011212830854
950,52.41234779687444,44.327881184375855,2.3032239723633423,0.03496590188715313,0.01127155117875655,250.0,52.41234779687444,44.327881184375855,1000.0,2.758346519331355,0.8739854354755447,74.26656176553253
951,57.973099525100764,50.45291632983932,1.569119024685781,0.0317426445875072,0.0035273111287577263,21.0,57.973099525100764,50.45291632983932,1000.0,2.504074211925084,0.2735043743344956,41.54611356047303
952,60.184528241829895,53.18538775759467,1.513402421137042,0.03146656355414564,0.003580354619787489,22.0,60.184528241829895,53.18538775759467,1000.0,2.482295075214011,0.2776173165437421,42.143581244465715
953,52.306481788372125,45.23699849643162,1.603691307636428,0.030137574033474824,0.004941142483986332,27.0,52.306481788372125,45.23699849643162,1000.0,2.377455405114809,0.3831315226383875,44.78752688629325
954,51.00326961800836,44.00409930488262,1.3638596469519126,0.025727065778891806,0.004097223790619581,26.0,51.00326961800836,44.00409930488262,1000.0,2.029524723052777,0.31769486400721414,44.29871629975198
955,57.17066471653069,50.171166055121795,1.8979879753024977,0.03386762501505983,0.0034512826679102613,26.0,57.17066471653069,50.171166055121795,1000.0,2.6717070213090337,0.26760919926865895,44.29871629975198
956,63.302113719102564,56.29901789338051,2.564861599106597,0.05075820073202295,0.006160622906200839,31.0,63.302113719102564,56.29901789338051,1000.0,4.0,0.47768888310814894,46.58229693089071
957,70.9046260203999,63.90481484229242,2.0716969266986203,0.03961855080141605,0.0054300707116847965,36.0,70.9046260203999,63.90481484229242,1000.0,3.125378892176946,0.42104255575392624,48.53366070507114
958,72.5761830623656,65.5762495159436,3.1669225395542013,0.06509732059020047,0.0035550798770256683,26.0,72.5761830623656,65.5762495159436,1000.0,4.0,0.27565753685513505,44.29871629975198
959,71.0998843374068,64.1000206648989,2.910062319356568,0.05593144932643804,0.002495330327458094,25.0,71.0998843374068,64.1000206648989,1000.0,4.0,0.19348555742789836,43.79145573124012
960,71.1421421362701,64.1422451332619,2.55468837649029,0.04870425348896418,0.002065911191006434,24.0,71.1421421362701,64.1422451332619,1000.0,3.8421204898843344,0.16018880305742852,43.2642975872882
961,71.236882765718,64.2345921489389,3.1067825069852213,0.05846938384800015,0.002471854525902696,25.0,71.236882765718,64.2345921489389,1000.0,4.0,0.19166526594182487,43.79145573124012
962,70.0151149825334,63.0152588636064,2.676427030110554,0.04789087787418201,0.002206362682096211,24.0,70.0151149825334,63.0152588636064,1000.0,3.777955927414756,0.1710792790581621,43.2642975872882
963,70.8550604704714,63.8385604730891,2.6226723264970353,0.05412417806116612,0.002813002875120435,24.0,70.8550604704714,63.8385604730891,1000.0,4.0,0.2181175868180116,43.2642975872882
964,69.2348554376269,62.235008555607706,2.564459616537507,0.04606920860291384,0.002004693284835621,19.0,69.2348554376269,62.235008555607706,1000.0,3.634250350764905,0.1554420244166646,40.265067566000376
965,69.28872801129414,62.288916114478766,3.0862653928238224,0.05966098019526062,0.0024129281988027143,20.0,69.28872801129414,62.288916114478766,1000.0,4.0,0.18709617417843785,40.92084688052097
966,69.55979407970003,62.55995041318095,2.898838445023299,0.05195557869762069,0.0023048721553969895,20.0,69.55979407970003,62.55995041318095,1000.0,4.0,0.17871761060240526,40.92084688052097
967,69.80249796277488,62.798672392647475,3.2340360426878907,0.05983311832847679,0.002588181217525813,20.0,69.80249796277488,62.798672392647475,1000.0,4.0,0.20068512777124833,40.92084688052097
968,69.0331004630319,62.0332340860671,2.8013854803243574,0.0491505639701907,0.0025310807335482237,20.0,69.0331004630319,62.0332340860671,1000.0,3.8773284752640738,0.19625761015955764,40.92084688052097
969,70.02943023458663,63.00016117990103,3.221839541697713,0.05920154194443876,0.002339355989602833,19.0,70.02943023458663,63.00016117990103,1000.0,4.0,0.18139145454609087,40.265067566000376
970,69.90301491750321,62.86921875317648,3.1855974326116105,0.05898188592561559,0.002769018659883352,18.0,69.90301491750321,62.86921875317648,1000.0,4.0,0.21470709229969875,39.57564415442586
971,69.33837992217354,62.31693603274359,2.9238572016321966,0.05078383924880964,0.0024247285468094212,19.0,69.33837992217354,62.31693603274359,1000.0,4.0,0.18801116202064738,40.265067566000376
972,69.36515620103148,62.314389287734045,3.251757740988476,0.059012144358556166,0.0026428948721268276,18.0,69.36515620103148,62.314389287734045,1000.0,4.0,0.2049275728867929,39.57564415442586
973,68.53741625936182,61.482902899215446,1.4587003061296762,0.0256729704431908,0.00164208762674542,18.0,68.53741625936182,61.482902899215446,1000.0,2.0252573175837436,0.12732592407112,39.57564415442586
974,68.60866813401432,61.56921090540514,3.073445942468524,0.05654417039400803,0.0029135005536373494,18.0,68.60866813401432,61.56921090540514,1000.0,4.0,0.22591008191739295,39.57564415442586
975,69.25362625589264,62.185243212548755,2.440087089523423,0.04608674179774084,0.002439412806829205,18.0,69.25362625589264,62.185243212548755,1000.0,3.6356334876014693,0.18914976567727762,39.57564415442586
976,68.30673845753181,61.217441894361066,3.404473970571462,0.05988341247225843,0.007235118655357214,17.0,68.30673845753181,61.217441894361066,1000.0,4.0,0.5610042689277123,38.84893691934613
994,47.904311660636,38.2428932712942,1.383270022832654,0.026511641350245356,0.007134470094488508,93.0,47.904311660636,38.2428932712942,1000.0,2.091417343565752,0.5532000745532405,61.06556082975073
995,37.4868359806132,27.6840307089229,1.8658173405529788,0.03205245798894583,0.004239448741662413,92.0,37.4868359806132,27.6840307089229,1000.0,2.5285143856765986,0.3287228524181553,60.921807483456924
996,37.5971161237331,26.0097856363912,2.5129568425267164,0.04136651188154286,0.010056557975658721,90.0,37.5971161237331,26.0097856363912,1000.0,3.2632698688448736,0.7797760097391282,60.62960445899895
997,37.7544222293301,26.097139294366,2.482493778569274,0.04196436940500105,0.004935885506237164,84.0,37.7544222293301,26.097139294366,1000.0,3.3104329085459274,0.3827239015475078,59.71283034666521
998,34.2861691249943,25.9630798644902,1.765305225928331,0.03195302390484385,0.002861306510384655,90.0,34.2861691249943,25.9630798644902,1000.0,2.52067035349145,0.22186300508670712,60.62960445899895
999,37.9400568948204,26.3219356512634,1.9403262886373227,0.03283146058726497,0.002598894973232002,83.0,37.9400568948204,26.3219356512634,1000.0,2.589967372433768,0.20151586227246765,59.553765652877246
1000,54.5760505915628,43.822853926857505,0.9809431707993459,0.011651188519657548,0.012769417851767098,274.0,54.5760505915628,43.822853926857505,980.9431707993459,0.9191244488127651,0.9901286029716663,75.49395176158309
1001,58.241969932547505,47.53318608248969,0.9808364241389388,0.016756609640914424,0.016285632354215988,268.0,58.241969932547505,47.53318608248969,980.8364241389388,1.3218745516125952,1.2627725553799307,75.19745128782426
1002,64.0825363783219,53.36905730704,0.45734940454789275,0.012388086528049739,0.019621766772302887,256.0,64.0825363783219,53.36905730704,457.34940454789273,0.977255941119492,1.5214532680836004,74.58407597355546
1004,57.0497894201732,46.2977171182612,0.2678635718956163,0.0056478415126591025,0.014651507467841125,251.0,57.0497894201732,46.2977171182612,267.8635718956163,0.4455398870721583,1.1360640546784937,74.32000441946124
1005,62.986237416680396,52.2712428349129,0.4268804101046301,0.005591303315812814,0.017578448932832128,249.0,62.986237416680396,52.2712428349129,426.88041010463013,0.44107977221558914,1.363016332170951,74.21290576711043
1006,68.30593581088434,60.56696487299319,1.4851172961159456,0.028573728910557327,0.01060685263936426,150.0,68.30593581088434,60.56696487299319,1000.0,2.25408873876957,0.8224453383586883,67.43630377464147
1007,72.96268111140262,65.62442580272491,1.7131677958471376,0.03376008028743598,0.013863166818629428,136.0,72.96268111140262,65.62442580272491,1000.0,2.6632231667792396,1.0749368651127034,66.12852762269118
1008,73.54133180437188,66.30751328615287,1.732231082599143,0.034869627359079856,0.014467947941519989,109.0,73.54133180437188,66.30751328615287,1000.0,2.750751734267088,1.1218310223297765,63.17826235411714
1009,39.07876315706449,35.9260998351531,2.5941137183718235,0.03996349494441496,0.004358651604291266,15.0,39.07876315706449,35.9260998351531,1000.0,3.1525904161146245,0.33796572983159956,37.26583754471257
1010,37.350893499762144,32.917486655463165,2.253015009677014,0.03612575680450009,0.0020106269041016735,17.0,37.350893499762144,32.917486655463165,1000.0,2.8498437094944613,0.15590211165185908,38.84893691934613
1011,42.99274198255784,34.19680413842437,2.3161175538677616,0.036917926434573166,0.004344990720607684,17.0,42.99274198255784,34.19680413842437,1000.0,2.9123354006535815,0.3369064778097768,38.84893691934613
1012,47.854629060507776,44.805181227225255,1.815274218464248,0.03951059051469522,0.0022305334827458336,17.0,47.854629060507776,44.805181227225255,1000.0,3.1168622555386727,0.17295346011776347,38.84893691934613
1013,47.91331359005889,44.9051750315661,2.115185551959898,0.04199897579859942,0.0018215637780229373,17.0,47.91331359005889,44.9051750315661,1000.0,3.3131628946231273,0.141242335374596,38.84893691934613
1014,43.06375949932104,35.15183163054766,1.727119843655576,0.03856739167101664,0.001989735511550287,16.0,43.06375949932104,35.15183163054766,1000.0,3.0424563598779613,0.15428221279968277,38.0806815530211
1015,44.63667753298169,37.239456452341,1.6625457281885887,0.03665347859960349,0.001212510748368126,16.0,44.63667753298169,37.239456452341,1000.0,2.8914739692085276,0.09401693854068101,38.0806815530211
1016,48.111461536570054,44.390664589355715,2.0455268072545802,0.04209843725819374,0.0021373960639608177,15.0,48.111461536570054,44.390664589355715,1000.0,3.321009086372021,0.165731672608223,37.26583754471257
1017,46.65920199154041,43.61716932772504,1.4617954163013553,0.030619791814940508,0.002883176156979313,14.0,46.65920199154041,43.61716932772504,1000.0,2.415496000874596,0.22355875683370285,36.398387560228095
1020,58.124897237866875,48.38601017558419,1.4370555749895508,0.02243342990721092,0.058546094092126806,210.0,58.124897237866875,48.38601017558419,1000.0,1.7697004785097301,2.0,71.93330700824349
1021,57.88432547020154,46.60829013823074,2.8458250890029,0.039483207829828976,0.028128612475987785,195.0,57.88432547020154,46.60829013823074,1000.0,3.114702124399069,2.0,70.94213500023021
1022,57.051677892326154,45.6983323865039,3.009429835080103,0.043949547357938754,0.02599863732211678,195.0,57.051677892326154,45.6983323865039,1000.0,3.4670371544312863,2.0,70.94213500023021
1023,54.0478905878244,45.8789443375288,2.0848424445891163,0.038222949068457045,0.007274271033539836,114.0,54.0478905878244,45.8789443375288,1000.0,3.0152844008378095,0.5640401073631828,63.77573003810981
1024,43.48484347505,34.5180033217021,2.3973500760538062,0.03833445786509519,0.010367323653063832,97.0,43.48484347505,34.5180033217021,1000.0,3.0240809679069023,0.8038724869311629,61.62567561405209
1025,53.3106705471537,45.5611875513013,1.7541266787968062,0.03669366183935794,0.011146804845915225,94.0,53.3106705471537,45.5611875513013,1000.0,2.894643894579532,0.8643127226161306,61.207792948069965
1030,76.20738697613933,68.13880940862015,1.343379227755583,0.02786785649425468,0.0026211790246796025,29.0,76.20738697613933,68.13880940862015,1000.0,2.198404754730371,0.20324374658046748,45.71484694640623
1031,63.888789595366916,55.5859128155608,1.8236800999035434,0.030716348222906822,0.005923432435965954,29.0,63.888789595366916,55.5859128155608,1000.0,2.4231130225287942,0.45929735800825094,45.71484694640623
1032,62.638348836478485,54.543391647318174,1.7089690964632855,0.028954986495680297,0.006671805084466169,31.0,62.638348836478485,54.543391647318174,1000.0,2.284164912302477,0.5173254665378174,46.58229693089071
1033,75.4428963578546,67.4177367249514,1.6396546448381033,0.03330679618442193,0.0028180490850770582,55.0,75.4428963578546,67.4177367249514,1000.0,2.6274650550093144,0.21850886517327048,54.1039862724714
1034,75.80717455508807,67.72393369251228,1.5732165230311206,0.030342662451683263,0.0025496704267960676,52.0,75.80717455508807,67.72393369251228,1000.0,2.393634164820369,0.19769903742106842,53.36393828219709
1038,61.32841752858412,48.844110375457674,1.6410521046573348,0.026840675281347138,0.008240944819902665,179.0,61.32841752858412,48.844110375457674,1000.0,2.1173737625228726,0.6389950799963562,69.79754509916837
1044,60.7382199791369,47.3311187539577,1.4822096519248003,0.022984599369106067,0.020105134937648914,187.0,60.7382199791369,47.3311187539577,1000.0,1.813180448558459,1.558933179214303,70.38202021592888
1048,61.9769896874829,52.5967544495255,2.1050421819659952,0.04631612149304241,0.028331588648237167,76.0,61.9769896874829,52.5967544495255,1000.0,3.6537285073204613,2.0,58.38426228823187
1049,61.4474074853036,52.1508361944349,2.0968004203268427,0.04765740221065388,0.027924506008372034,75.0,61.4474074853036,52.1508361944349,1000.0,3.7595377900556843,2.0,58.20856292678215
1050,60.56289397525751,51.4282572031891,1.8416413515704533,0.04487515032796664,0.02705992893502982,75.0,60.56289397525751,51.4282572031891,1000.0,3.5400549687264538,2.0,58.20856292678215
1051,62.2066218539888,51.141740446693106,2.386501569442429,0.05930896079313394,0.008763337060043392,79.0,62.2066218539888,51.141740446693106,1000.0,4.0,0.6795008810389777,58.89798633835666
1052,60.558868012108306,51.3272914666469,1.7055514558012173,0.03454970794268553,0.016974799960522997,77.0,60.558868012108306,51.3272914666469,1000.0,2.7255143297944175,1.3162099608409523,58.557694497824116
1054,63.635101513928504,54.58114808763091,0.2219379715334352,0.003938395993718986,0.0002550717939035802,314.0,63.635101513928504,54.58114808763091,221.9379715334352,0.3106872780254148,0.0197780260531046,77.31923444074906
1055,68.9240748967623,59.1017905008274,2.176894652596584,0.04838064434648173,0.000656947081416599,303.0,68.9240748967623,59.1017905008274,1000.0,3.816592014895442,0.05093905638457249,76.84148169913844
1056,58.2732085738298,49.2997160248634,2.3594205902667857,0.042882448778462284,0.000135937782811857,296.0,58.2732085738298,49.2997160248634,1000.0,3.382857210725507,0.0105404873228378,76.52837047404688
1058,47.311354450828404,33.4552257415302,2.246903499753016,0.03923267478690585,0.026422154888302914,184.0,47.311354450828404,33.4552257415302,1000.0,3.094938385738623,2.0,70.16580949871523
1059,52.1479854322166,38.7879562052334,2.1178155804801504,0.038639520587603046,0.03205922942976982,188.0,52.1479854322166,38.7879562052334,1000.0,3.048146376015722,2.0,70.45332441368896
1060,61.041086869696,46.5640868819849,2.3916083091235563,0.04273231175920419,0.004538862262483713,995.0,61.041086869696,46.5640868819849,1000.0,3.3710133885403994,0.35193909410771645,92.7919534863681
1061,55.78507375439359,46.17412684884129,1.827756407792476,0.03571789823640609,0.015458219854324646,123.0,55.78507375439359,46.17412684884129,1000.0,2.817669070747479,1.1986157714052146,64.78848748922921
1062,52.721416614414515,41.60653100373281,1.4359582470897359,0.025915157486579285,0.004922672867139261,563.0,52.721416614414515,41.60653100373281,1000.0,2.044362667427536,0.3816994059876131,85.14825898251287
1063,66.9859824433747,61.8395565213119,2.2376700114757924,0.05074844658796311,0.0063564793145055596,24.0,66.9859824433747,61.8395565213119,1000.0,4.0,0.4928754040748009,43.2642975872882
1064,66.7336581197244,61.5964359898289,2.3325077762207576,0.05344745836824013,0.009271654432698832,21.0,66.7336581197244,61.5964359898289,1000.0,4.0,0.7189153301466878,41.54611356047303
1065,66.7502726821588,61.383733839396,2.165538070250699,0.05240406100720903,0.0036035524968434534,17.0,66.7502726821588,61.383733839396,1000.0,4.0,0.2794160580265539,38.84893691934613
1066,49.026941186743,41.9241579994907,1.8954028776576302,0.03856130412538874,0.002370878262458429,140.0,49.026941186743,41.9241579994907,1000.0,3.0419761331602815,0.18383566181907035,66.5153402101566
1067,47.58685504866661,37.9489692419077,2.443341925986347,0.05094950299013015,0.003458875035247463,140.0,47.58685504866661,37.9489692419077,1000.0,4.0,0.26819790426305234,66.5153402101566
1068,48.580391172843,30.6340871431709,2.378538824094028,0.04227731308429543,0.02140817450268363,402.0,48.580391172843,30.6340871431709,1000.0,3.335120019758281,1.6599696367193795,80.63056506193489
1069,50.7305736822336,40.3569585928986,2.1772805905823,0.0414215382959177,0.008880893763745266,403.0,50.7305736822336,40.3569585928986,1000.0,3.2676107240887045,0.6886161168435749,80.66387563599832
1070,53.119038781738,42.7590075120944,2.3611688089912106,0.045362149153556436,0.010900591517626276,406.0,53.119038781738,42.7590075120944,1000.0,3.5784727255404887,0.8452215736223646,80.76331487936602
1071,57.2625986418765,44.2800219212728,1.6371230783784811,0.03656704991742849,0.006761417085687585,408.0,57.2625986418765,44.2800219212728,1000.0,2.8846558909728452,0.5242738964982777,80.82920133362843
1072,58.83447184886119,55.26134964122914,1.7670036048978588,0.03195951717122315,0.004385144788615514,110.0,58.83447184886119,55.26134964122914,1000.0,2.5211825862024555,0.34001998632846936,63.29989947165514
1073,67.3621576275122,55.608243421225495,2.323552326121838,0.04621926192403674,0.017864531941228435,380.0,67.3621576275122,55.608243421225495,1000.0,3.6460875702757662,1.3851989385141341,79.87603581370199
1074,61.85296709881028,51.331161594196985,2.2205544759966878,0.04388187307797586,0.014058273545358532,387.0,61.85296709881028,51.331161594196985,1000.0,3.461698550119395,1.090065256477853,80.12073871890821
1075,59.46504149789342,49.79538564708301,2.184036787833772,0.04204382527228789,0.020248981002131603,377.0,59.46504149789342,49.79538564708301,1000.0,3.3167009240450964,1.5700868672306685,79.76978379986711
1076,53.968937295313005,41.758383114688755,2.9992054252173848,0.04031278606550858,0.022301375725916176,376.0,53.968937295313005,41.758383114688755,1000.0,3.1801448590462376,1.7292276161823539,79.73417898499328
1077,65.24378956342937,53.365662393045945,1.7309424480013087,0.03183103714279442,0.019490766774680982,380.0,65.24378956342937,53.365662393045945,1000.0,2.5110472137369118,1.5112956519619916,79.87603581370199
1078,64.60722315244399,52.73173941377525,3.2964244592523433,0.042344481142205126,0.01589175721809721,379.0,64.60722315244399,52.73173941377525,1000.0,3.34041868985532,1.2322318492335975,79.84071172042624
1079,48.67075489230318,39.841732728619455,2.0803591957096184,0.04143773026076643,0.008097006998596298,114.0,48.67075489230318,39.841732728619455,1000.0,3.268888055645195,0.6278342772425223,63.77573003810981
1080,43.69605216451425,34.459939758780685,1.7473156173626376,0.037309193419167684,0.014078403578687813,109.0,43.69605216451425,34.459939758780685,1000.0,2.943201183225662,1.0916261202548447,63.17826235411714
1081,49.0929221486089,45.2604037865583,1.746023788506162,0.03234306797746859,0.02458737856756573,770.0,49.0929221486089,45.2604037865583,1000.0,2.55143966450715,1.906482118013736,89.35031474013945
1082,46.61967921774129,43.3876347109335,1.488034553815308,0.03211650111126733,0.02606839253234303,771.0,46.61967921774129,43.3876347109335,1000.0,2.533566539746948,2.0,89.36773640136677
1083,61.4093100778635,52.9033594665958,1.688834420676816,0.028222492906767448,0.008005960475010699,175.0,61.4093100778635,52.9033594665958,1000.0,2.2263808703540944,0.6207746157724607,69.49549171900746
1084,71.5686997508687,62.8735145224509,1.7679569861731974,0.030194749213027103,0.017088767642654427,163.0,71.5686997508687,62.8735145224509,1000.0,2.3819657694697502,1.3250469073018356,68.54633443271796
1085,54.10402662870055,44.31696714933567,2.4590092045251972,0.05010013906181463,0.003915775185458611,86.0,54.10402662870055,44.31696714933567,1000.0,3.952237372431316,0.3036255104920633,60.02542140651529
1086,56.37050919510932,46.20255219669662,2.3040683888023348,0.04765977715047518,0.002597445760455921,81.0,56.37050919510932,46.20255219669662,1000.0,3.7597251413504074,0.20140349168219904,59.22987504653981
1087,60.21859657863438,49.26162030252685,2.3878809511474084,0.0477593677558972,0.003421702606074076,84.0,60.21859657863438,49.26162030252685,1000.0,3.7675815209945105,0.26531558920423265,59.71283034666521
1088,60.21544463344556,51.89063206386567,0.8507109664861685,0.01999852286053165,0.005310343827983875,306.0,60.21544463344556,51.89063206386567,850.7109664861686,1.5776185639983014,0.41175904624134974,76.97347107164305
1090,67.59984319482919,57.3936782061973,1.4448925171072569,0.02652543874088426,0.002988449117353478,387.0,67.59984319482919,57.3936782061973,1000.0,2.092505774934332,0.23172152277933591,80.12073871890821
1097,49.77875026124289,42.9802107861564,1.9553841639042144,0.04108701242997624,0.0031244948967038295,140.0,49.77875026124289,42.9802107861564,1000.0,3.241221064215954,0.24227038405179513,66.5153402101566
1098,48.2496540759847,38.6968391022033,2.4700681621427645,0.05269967880642359,0.0022780169933129335,140.0,48.2496540759847,38.6968391022033,1000.0,4.0,0.1766352866918298,66.5153402101566
1103,63.9448666731346,52.5230115493999,2.273982367036639,0.03646074754954068,0.0013381139597052126,603.0,63.9448666731346,52.5230115493999,1000.0,2.8762700421705936,0.10375609294956696,86.06922254699776
1104,68.329853414618,53.9190653143781,2.349348491268085,0.036293950544778374,0.0147330968308834,92.0,68.329853414618,53.9190653143781,1000.0,2.8631119677984285,1.1423904168497507,60.921807483456924
1105,61.44700313434599,50.73219278515181,0.5472377172733168,0.014164363630895885,0.003711989160109437,335.0,61.44700313434599,50.73219278515181,547.2377172733168,1.1173806769211392,0.28782413450715866,78.18668442523352
1106,49.838524456374,40.0707323692285,0.7824662228212776,0.019177377079352003,0.005585948115919227,345.0,49.838524456374,40.0707323692285,782.4662228212776,1.5128410383194144,0.433129142494302,78.58087132028928
1107,55.1875435833354,47.676711033303,1.0663723548605244,0.027552223881130645,0.011244096790112195,87.0,55.1875435833354,47.676711033303,1000.0,2.1735055222550317,0.8718566481032907,60.17903233282932
1108,46.0868057858694,38.3480301157942,1.4391368466066228,0.03231500772823129,0.010336525554969033,79.0,46.0868057858694,38.3480301157942,1000.0,2.549226082513324,0.8014844314853489,58.89798633835666
1109,42.2721294505278,35.3377681140927,2.188926505788974,0.0409142396366728,0.006180423499026384,60.0,42.2721294505278,35.3377681140927,1000.0,3.22759157927998,0.47922420237954816,55.25347353549491
1110,63.014048893520126,52.25857644013967,1.9408276573974386,0.03933110676982107,0.011432505999960586,222.0,63.014048893520126,52.25857644013967,1000.0,3.102703365413431,0.8864657203334995,72.67676709324866
1111,49.1840274911302,38.8421607876693,2.2597467169509255,0.04960910919343871,0.005172513719975045,66.0,49.1840274911302,38.8421607876693,1000.0,3.9135016197344834,0.4010718298095269,56.514473575834074
1112,51.5453184757306,42.1209423229042,2.183898221128824,0.04727596992094029,0.002073735937031865,57.0,51.5453184757306,42.1209423229042,1000.0,3.729447834644621,0.16079552647588852,54.575642026109435
1113,48.092011242855,37.9990566893513,1.8793912420947434,0.04169362404028707,0.00478142928840851,65.0,48.092011242855,37.9990566893513,1000.0,3.2890746854177464,0.3707475122591105,56.31235232705702
1114,42.5666908975837,30.774541120224505,1.2998844643245993,0.034240649114167555,0.0030866098386483406,63.0,42.5666908975837,30.774541120224505,1000.0,2.7011336818516742,0.2393328124223421,55.89875631706885
1115,50.3773263430816,40.963200377686,1.5102066601614172,0.03567816798756743,0.0007984566340145753,59.0,50.3773263430816,40.963200377686,1000.0,2.814534880359656,0.061911573475599495,55.03130633258437
1116,50.3293850838005,35.4995794563574,2.028196915079457,0.03727210336101395,0.025657480427339417,328.0,50.3293850838005,35.4995794563574,1000.0,2.940275268912331,1.9894568057994033,77.90370955750956
1117,64.97945937581092,56.93291363607442,1.25252517466545,0.026175554020291442,0.003483501648969286,163.0,64.97945937581092,56.93291363607442,1000.0,2.064904504864733,0.2701074286378802,68.54633443271796
1118,52.6393325947815,42.9945415405234,2.113679230623167,0.036253741767921385,0.009631413159606457,1024.0,52.6393325947815,42.9945415405234,1000.0,2.859940027888284,0.7468106821364904,93.17771324764988
1119,70.0365090401541,57.1291252990013,2.257896921776855,0.03600836705409663,0.0047564954250110605,355.0,70.0365090401541,57.1291252990013,1000.0,2.8405832130692414,0.3688141640345486,78.96382627767076
1120,73.70962561443142,66.51089500660423,1.1115134460933427,0.019472985349460948,0.00202333307533412,130.0,73.70962561443142,66.51089500660423,1000.0,1.5361606153625609,0.1568873361716879,65.52659973963482
1121,62.61938982408537,52.97726176542136,1.806871450881779,0.02936217933428776,0.00933874437800402,686.0,62.61938982408537,52.97726176542136,1000.0,2.316287033810866,0.7241174211573816,87.79986247836301
1122,49.16154736884337,41.51093286692116,1.519728954619993,0.02826006398086463,0.021684206994193718,726.0,49.16154736884337,41.51093286692116,1000.0,2.2293447304540845,1.6813729354731948,88.56050727475483
1123,47.383098018145226,39.42966849591821,1.2228184106309816,0.02139521421945372,0.02474459048840564,573.0,47.383098018145226,39.42966849591821,1000.0,1.687799012393323,1.9186721819116113,85.38448316047679
1124,50.408022135958305,36.9369315220944,1.2573628453109225,0.02130793709045608,0.02186327888598098,484.0,50.408022135958305,36.9369315220944,1000.0,1.6809140029414056,1.6952580008775098,83.11996874019603
1125,58.8489209035603,49.1173257325023,1.743022145533567,0.03004895425029244,0.004636069783897792,3.0,58.8489209035603,49.1173257325023,1000.0,2.3704644780317916,0.3594764735320056,18.632918772356284
1126,62.6700457610863,52.9391434983213,1.9257292271143291,0.030664329812620145,0.004801407884719553,24.0,62.6700457610863,52.9391434983213,1000.0,2.419009458965112,0.3722966337526992,43.2642975872882
1127,57.979882289717196,48.3618259342039,1.7470796795472598,0.028278777575271467,0.005515906422872326,19.0,57.979882289717196,48.3618259342039,1000.0,2.2308209851825587,0.4276981757508415,40.265067566000376
1128,51.3656977573321,45.324785675454805,1.7379699709607899,0.03411398638410925,0.009880765408863162,97.0,51.3656977573321,45.324785675454805,1000.0,2.6911416701565978,0.766145220098236,61.62567561405209
1129,58.04018037271449,50.80646242890454,0.6661137599549766,0.012303570551948386,0.006740358894970906,567.0,58.04018037271449,50.80646242890454,666.1137599549766,0.9705887500583424,0.5226410642738604,85.24324743266581
1130,58.0278936367938,41.8896422823283,2.3930156051902793,0.03722209190576338,0.013622499357520246,571.0,58.0278936367938,41.8896422823283,1000.0,2.9363300275179482,1.056275737423488,85.33756929171315
1140,67.2784643201652,57.2145672376743,1.5784888882281922,0.03401147835400752,0.011214566654372515,356.0,67.2784643201652,57.2145672376743,1000.0,2.683055144347907,0.8695669092612458,79.00152843354206
1141,60.9905308352952,50.2620010983084,1.5906528696075064,0.03131593638793381,0.019243721348607343,359.0,60.9905308352952,50.2620010983084,1000.0,2.4704125869264777,1.4921399828916915,79.11400448534651
1142,63.7281878623589,52.6414478711737,1.4471958615332319,0.03266142116223366,0.0188000891402525,269.0,63.7281878623589,52.6414478711737,1000.0,2.5765535140497358,1.4577411603462433,75.24732447957423
1143,50.6477426256237,45.0962329908512,1.0601292830129638,0.024107368848118055,0.002734911620089702,28.0,50.6477426256237,45.0962329908512,1000.0,1.9017520888507424,0.2120624646389544,45.259182639931296
1144,49.7701407773455,44.80894685147619,0.8674213300377767,0.01762262471664723,0.009877597650455884,29.0,49.7701407773455,44.80894685147619,867.4213300377767,1.3901916703171386,0.765899595102425,45.71484694640623
1145,49.932997601491294,40.0363625004719,1.2335480641294094,0.029340462665501277,0.004021764540657626,29.0,49.932997601491294,40.0363625004719,1000.0,2.314573876290949,0.3118438250159745,45.71484694640623
1146,49.1706015382676,39.2647166765036,1.176510814652072,0.02782451000028174,0.0022676248678088423,27.0,49.1706015382676,39.2647166765036,1000.0,2.194985290500295,0.1758294910927886,44.78752688629325
1147,40.82769216024542,30.106917961726623,1.4902547458231408,0.031013727717679358,0.0019892206847315504,203.0,40.82769216024542,30.106917961726623,1000.0,2.446572325737207,0.15424229361427233,71.47983909196138
1148,46.19918551554633,36.64500375545226,1.997536948001238,0.04211856281417287,0.0008473246948684531,211.0,46.19918551554633,36.64500375545226,1000.0,3.3225967261664646,0.06570075677157007,71.99685705455336
1149,48.32808474772364,38.09386733530155,2.020108690700045,0.0430306028564829,0.0004436718777629382,209.0,48.32808474772364,38.09386733530155,1000.0,3.3945446051119523,0.034401898473894986,71.8694550603432
1150,42.97074643623007,31.442049106574544,1.621308755732985,0.03370243929277683,0.002061135216985864,209.0,42.97074643623007,31.442049106574544,1000.0,2.6586760557823035,0.15981847854148662,71.8694550603432
1151,39.42905702237904,31.524458167000283,2.0869525415163195,0.04484860900740045,0.002540196154620462,205.0,39.42905702237904,31.524458167000283,1000.0,3.537961210085865,0.1969644113024543,71.61096998333933
1152,39.5689558825172,32.1298594223734,2.1023879861372876,0.04268810932895329,0.008571386114341974,202.0,39.5689558825172,32.1298594223734,1000.0,3.367526402275265,0.6646171859549348,71.41379075386827
1153,43.79601135346685,36.724099588828885,2.0359001199137365,0.04244044920360775,0.007841305973921967,194.0,43.79601135346685,36.724099588828885,1000.0,3.347989298758566,0.6080074612295916,70.87338390529007
1154,47.98555462337912,40.987877666927474,2.117526587464727,0.04409105178021212,0.004066723730103875,188.0,47.98555462337912,40.987877666927474,1000.0,3.478199979057044,0.31532991811386724,70.45332441368896
1155,51.176715444767225,40.9785639033159,2.498711596350666,0.04641295535722264,0.0007544890422752677,202.0,51.176715444767225,40.9785639033159,1000.0,3.6613674165949015,0.05850236792760775,71.41379075386827
1156,50.99540884686683,40.988898048960316,2.3461343358775717,0.04287367772640839,0.0007779547757833928,197.0,50.99540884686683,40.988898048960316,1000.0,3.3821652908951014,0.06032187874680222,71.07859109364102
1157,53.27375740703788,44.64305543518136,1.5018095941084653,0.03095814618705403,0.004306366470332342,183.0,53.27375740703788,44.64305543518136,1000.0,2.4421876791739847,0.3339115899135632,70.09295940300014
1158,64.6837079531649,55.7057922978024,1.7840694176270917,0.03253990501256066,0.0023067471754889025,51.0,64.6837079531649,55.7057922978024,1000.0,2.566967499378219,0.17886299788988388,53.107915117418266
1159,51.6926034480369,42.8930202766053,1.8446818418336899,0.03555869589900836,0.003362678548206404,50.0,51.6926034480369,42.8930202766053,1000.0,2.8051101150354922,0.26073891948939915,52.8469203196051
1160,49.1744318827832,40.280435283337,1.8447632328372596,0.03542820636265818,0.0012811814378433913,46.0,49.1744318827832,40.280435283337,1000.0,2.794816219011808,0.0993415989617382,51.74910144357259
1161,45.2940325095577,36.2940325095577,1.9586082881028744,0.03605625149652079,0.0019131300986008793,46.0,45.2940325095577,36.2940325095577,1000.0,2.84436066132489,0.1483423014126364,51.74910144357259
1162,50.02492892762194,44.22186972030663,1.3504506060659995,0.02995210221659291,0.010104822811498144,26.0,50.02492892762194,44.22186972030663,1000.0,2.3628241354229425,0.7835184195370605,44.29871629975198
1163,50.5978226015493,44.8872493043081,1.4237947945726568,0.03157585465960427,0.0047394087184527,27.0,50.5978226015493,44.8872493043081,1000.0,2.4909166958233864,0.36748927694177674,44.78752688629325
1164,50.486777505417,45.1159417306451,1.1422484591909898,0.023935230000459218,0.004809865845155562,28.0,50.486777505417,45.1159417306451,1000.0,1.8881726138292239,0.372952456018656,45.259182639931296
1167,50.429479129400704,45.0344868530295,1.1959709458086185,0.027101663137894038,0.004488084446376463,27.0,50.429479129400704,45.0344868530295,1000.0,2.137962247499386,0.3480018301926457,44.78752688629325
1168,49.799846868684995,40.1742196252643,1.351871947096323,0.030706829109041017,0.004160931054588974,28.0,49.799846868684995,40.1742196252643,1000.0,2.4223620905298544,0.3226346651011562,45.259182639931296
1169,49.2601227390281,40.1454046249154,1.5374658446981446,0.03661491527765788,0.0034759403026630034,26.0,49.2601227390281,40.1454046249154,1000.0,2.888431833896079,0.26952112898493336,44.29871629975198
1170,48.75189772687004,39.69565020612129,1.5153833681613333,0.034786585935921974,0.007448043693036864,25.0,48.75189772687004,39.69565020612129,1000.0,2.744200865902042,0.5775142752994018,43.79145573124012
1171,64.76702507897876,53.83585012767628,1.2501033761734415,0.02526575412867864,0.008325824715858765,203.0,64.76702507897876,53.83585012767628,1000.0,1.9931333441374228,0.6455765869827349,71.47983909196138
1172,52.924758121509505,41.0384954181426,1.0573863427555539,0.01924295731670117,0.0053808082994142884,201.0,52.924758121509505,41.0384954181426,1000.0,1.5180144504056463,0.4172227948214682,71.3474162498202
1173,52.44769209526708,42.66547023024506,2.380239064015104,0.04242120158014239,0.01162014194195055,851.0,52.44769209526708,42.66547023024506,1000.0,3.3464709162108366,0.9010148341041077,90.69302681307165
1174,64.0970157228383,52.2829847624847,1.4761464474151396,0.037016139276841734,0.007138061710636697,84.0,64.0970157228383,52.2829847624847,1000.0,2.920083093033988,0.553478565078063,59.71283034666521
1175,61.541072236170805,48.3697881106681,1.1268724182544705,0.02913796033019403,0.016150391571576907,350.0,61.541072236170805,48.3697881106681,1000.0,2.2985991242724277,1.2522861127923623,78.77371264481397
1176,47.7340667520669,42.008446686369695,0.934575875486869,0.02607057755025848,0.005959536581956873,135.0,47.7340667520669,42.008446686369695,934.575875486869,2.056623251841098,0.46209683939780605,66.03005971155554
1177,56.9396670109585,48.875340889489,0.7919934869268824,0.02045231771643982,0.013018107838614854,140.0,56.9396670109585,48.875340889489,791.9934869268824,1.6134169674064134,1.0094117897315493,66.5153402101566
1178,68.33623038836444,62.651623546319655,0.7515372275775931,0.01605753427606075,0.007384877270899213,578.0,68.33623038836444,62.651623546319655,751.5372275775931,1.2667267649026257,0.5726164105704146,85.5010563955945
1179,62.1941526763939,39.9262458104781,2.3354468389359817,0.03637028643464799,0.011101067153031184,386.0,62.1941526763939,39.9262458104781,1000.0,2.8691338584049246,0.860766265096757,80.08605273899998
1180,60.6601869287836,38.9023034308547,2.450494917904706,0.04008391143168678,0.008922087551204777,377.0,60.6601869287836,38.9023034308547,1000.0,3.1620896819882263,0.6918102442268176,79.76978379986711
1181,64.8092528030229,58.4087121207634,2.7670012807618125,0.041081792803072295,0.004605847438710898,158.0,64.8092528030229,58.4087121207634,1000.0,3.2408093047896083,0.357133061423028,68.13017704878109
1182,62.7083740572452,52.9896971087737,2.7804448881364894,0.04225903021930678,0.005266652619721259,151.0,62.7083740572452,52.9896971087737,1000.0,3.333677743875691,0.4083712712071713,67.52502231296029
1183,51.1990817991476,42.7146100838599,1.5681696465297763,0.041691385983494,0.012566753981336887,122.0,51.1990817991476,42.7146100838599,1000.0,3.2888981323808717,0.9744142378196068,64.67965442694566
1184,58.501369348649,48.3208718202173,1.5598287962271384,0.034338857995038496,0.018852822274427736,126.0,58.501369348649,48.3208718202173,1000.0,2.7088810617302785,1.4618300377780378,65.109797047118
1185,59.17289748675039,48.289373597061726,2.4397286253139225,0.03917659554694554,0.0019201359896943273,385.0,59.17289748675039,48.289373597061726,1000.0,3.090514476501261,0.14888553159285697,80.05127701518865
1186,66.5752748489015,50.21309981342141,2.5857974070892022,0.04156270848796429,0.012830383848286542,881.0,66.5752748489015,50.21309981342141,1000.0,3.2787471823766032,0.9948558487759235,91.15815314722008
1187,66.555846625437,50.1826774589481,2.425199576038502,0.03770065346101318,0.007408698488528948,858.0,66.555846625437,50.1826774589481,1000.0,2.9740821954577115,0.5744634852927403,90.80300482969012
1188,57.210579577441365,49.13538963990365,2.1029546437792495,0.0332425509957492,0.01321025685548647,60.0,57.210579577441365,49.13538963990365,1000.0,2.6223969605803155,1.0243108430671048,55.25347353549491
1189,58.9703868984879,50.75804232728252,1.6770444575045202,0.02771886917945471,0.015363625261918161,50.0,58.9703868984879,50.75804232728252,1000.0,2.186651628998642,1.1912809960289708,52.8469203196051
1190,49.709081231844735,41.67554275482277,2.1204018572974577,0.036609011928418686,0.020606338069668734,34.0,49.709081231844735,41.67554275482277,1000.0,2.8879661378337014,1.5977959968205995,47.78675690758107
1191,47.082814700337494,39.00224684388481,2.0378280941753233,0.030102097521155034,0.01616781780476918,30.0,47.082814700337494,39.00224684388481,1000.0,2.3746567781956145,1.2536373264597367,46.15556871687292
1192,42.57007506874682,34.16550165111334,2.2218590447202597,0.03605835077762665,0.014971793700870512,51.0,42.57007506874682,34.16550165111334,1000.0,2.8445262667981916,1.1608987467640501,53.107915117418266
1193,50.2857545795454,44.0102194497848,2.4900319031482097,0.04296889247200414,0.01210655186642041,137.0,50.2857545795454,44.0102194497848,1000.0,3.3896764731592017,0.9387306003651553,66.22627939722786
1194,49.8901093746249,43.1626185699874,2.1870242896220953,0.04840751637234783,0.012645263695971833,109.0,49.8901093746249,43.1626185699874,1000.0,3.8187118618038487,0.9805018069612529,63.17826235411714
1195,63.00610005812423,54.1949161393604,2.1274035832084266,0.041236605305589216,0.006086616875473906,129.0,63.00610005812423,54.1949161393604,1000.0,3.253021960674896,0.4719505253642212,65.42360452488421
1196,66.5881648843581,61.1471533409474,2.3529214912123755,0.05446567890492298,0.008565126762344406,20.0,66.5881648843581,61.1471533409474,1000.0,4.0,0.6641318417113049,40.92084688052097
1197,66.1472457201828,60.7847748407335,2.4059529697368682,0.056031333726397944,0.00360560200516338,20.0,66.1472457201828,60.7847748407335,1000.0,4.0,0.2795749749664758,40.92084688052097
1198,66.5145734177917,60.9213433519603,2.400215675013529,0.05540257948376269,0.0026261815783523183,18.0,66.5145734177917,60.9213433519603,1000.0,4.0,0.20363163986869373,39.57564415442586
1212,58.65224311003302,46.33369531929554,1.6035444522261968,0.026783282279351044,0.01566071095164211,238.0,58.65224311003302,46.33369531929554,1000.0,2.1128462148622735,1.214316739893249,73.60810473215558
1213,66.39544244873156,59.06308774411495,1.670306719067084,0.0350551548535932,0.0012408650591902832,143.0,66.39544244873156,59.06308774411495,1000.0,2.7653873961865987,0.09621550502886918,66.79831507788056
1214,57.3361866929162,44.8585865269813,0.1833532572723161,0.004450445342885116,0.0023009216088289547,471.0,57.3361866929162,44.8585865269813,183.3532572723161,0.351081189343836,0.17841128895174038,82.75478321129715
1215,70.7841537555492,63.78689642243344,2.023651821608063,0.04948879369809805,0.0006266433731159044,142.0,70.7841537555492,63.78689642243344,1000.0,3.9040103207865653,0.04858933545657611,66.70465051935686
1217,65.3513702103015,54.4053320930842,1.2575399068900928,0.02499358651534696,0.001687443808882684,674.0,65.3513702103015,54.4053320930842,1000.0,1.9716629244316473,0.13084279960742198,87.5630138870402
1219,62.51005761592304,46.67720508119929,0.9821766677598912,0.019279147210510193,0.002881131656056132,475.0,62.51005761592304,46.67720508119929,982.1766677598912,1.5208693536752733,0.22340022816259641,82.86820843931437
1220,61.50936039954482,47.25512526005118,1.1198622837253682,0.02591951965417678,0.022990617209577117,313.0,61.50936039954482,47.25512526005118,1000.0,2.0447067846720484,1.7826707500236423,77.27649733079936
1223,51.8062563352357,40.1187910975586,2.0921752973460515,0.031811690691464285,0.012713017008756591,70.0,51.8062563352357,40.1187910975586,1000.0,2.509521034979672,0.9857553348599419,57.29386927413139
1224,59.637861611272,46.83072354863009,3.0868742759812497,0.047047749837850025,0.027986727115073877,390.0,59.637861611272,46.83072354863009,1000.0,3.7114442929695,2.0,80.22426279748682
1225,62.8858512209617,49.8747172021279,2.5715196849417623,0.0457603464243518,0.029067162437320652,378.0,62.8858512209617,49.8747172021279,1000.0,3.609885215898965,2.0,79.80529454642824
1226,51.288647891595204,40.3824440218256,1.7328639595399973,0.025341988836081734,0.014991335885932851,73.0,51.288647891595204,40.3824440218256,1000.0,1.9991472527875194,1.1624140293414864,57.85012009124929
1227,55.28525229258976,43.422563802579944,1.2811775549269315,0.02378224784146338,0.007621644241556563,433.0,55.28525229258976,43.422563802579944,1000.0,1.8761043478040023,0.590975097912951,81.62663621698805
1228,55.194883319691066,44.30627176229123,1.41816218335026,0.027524162744339404,0.007327966680961699,436.0,55.194883319691066,44.30627176229123,1000.0,2.171291870244956,0.5682036171632878,81.71922539889158
1229,56.045902965151164,46.23751242838031,1.2906589087007916,0.024884875458191708,0.0038095267811960854,441.0,56.045902965151164,46.23751242838031,1000.0,1.9630870619503995,0.29538710954836916,81.87213728426121
1230,52.4871805754449,40.7357089510974,0.7836102447092488,0.018415097700794747,0.0072839963214152755,75.0,52.4871805754449,40.7357089510974,783.6102447092488,1.452707292094667,0.5647941970021457,58.20856292678215
1231,52.7538509626001,40.386797070285795,1.5993323372272827,0.024435808949988893,0.010171450331005904,70.0,52.7538509626001,40.386797070285795,1000.0,1.9276616625470846,0.7886846544880576,57.29386927413139
1232,55.28004790681627,48.35190079760912,1.4070561167128275,0.02140696196536579,0.011189396706743326,437.0,55.28004790681627,48.35190079760912,1000.0,1.68872575394145,0.8676152552882723,81.74994726313585
1233,50.40956150831498,42.805991863069096,1.4105143005251477,0.025093394835553166,0.006907747923101691,355.0,50.40956150831498,42.805991863069096,1000.0,1.9795364788884893,0.5356202514615507,78.96382627767076
1234,67.1681707211612,56.06312615667977,1.7535733162609288,0.033715162971101845,0.0023162437996049282,52.0,67.1681707211612,56.06312615667977,1000.0,2.6596797854711345,0.17959935715685285,53.36393828219709
1235,63.0052033254462,51.0712012997347,1.7504801480487941,0.035307847014388494,0.006765413358353498,599.0,63.0052033254462,51.0712012997347,1000.0,2.785321460648643,0.5245837637073962,85.97991451240661
1237,58.012047812733925,46.12180347446805,2.4092563406289367,0.0412484146520496,0.008181158079911708,457.0,58.012047812733925,46.12180347446805,1000.0,3.2539535616903565,0.6343592726298297,82.35008309795717
1238,73.2729756859342,64.4067002642161,1.5270454452447926,0.027353491134087218,0.005739278046254288,589.0,73.2729756859342,64.4067002642161,1000.0,2.1578281408205835,0.44501820051391944,85.75401323258497
1239,73.297309187081,64.9192642879372,0.7588957785942401,0.01364575708465667,0.008009640193958075,562.0,73.297309187081,64.9192642879372,758.89577859424,1.076469489606764,0.621059937705143,85.12440660756612
1240,58.24609370203138,45.45988171288809,2.1691102389055334,0.03752544901361768,0.01273116065655508,300.0,58.24609370203138,45.45988171288809,1000.0,2.9602608852222585,0.9871621761784787,76.70818331976895
1241,68.1404445139864,59.69659951937929,1.4642628659104093,0.018410039868054617,0.0011254133053678857,776.0,68.1404445139864,59.69659951937929,1000.0,1.4523082960848082,0.08726348505037188,89.45450758559211
1242,56.54539185483464,48.646734625734645,1.8712201692656238,0.031017810816209752,0.018769300008976305,862.0,56.54539185483464,48.646734625734645,1000.0,2.4468944281287244,1.4553538001790771,90.86544772831813
1243,68.4646297778209,60.0390409151715,1.5037308321126193,0.02810164985356857,0.0034001669406819803,41.0,68.4646297778209,60.0390409151715,1000.0,2.216847954078911,0.2636457340443289,50.23730626669911
1247,63.7686433945714,50.8216494808089,1.2542533969442051,0.029608247970081183,0.007461897952627864,180.0,63.7686433945714,50.8216494808089,1000.0,2.335698589881919,0.5785885215064946,69.87200960960587
1249,63.4316404172186,50.8725066175958,1.267879269974699,0.02693460534729454,0.005416520171702891,166.0,63.4316404172186,50.8725066175958,1000.0,2.124783600578895,0.41999185967854175,68.78998116038372
1252,63.71756050239091,51.2543431803428,1.1365608734773902,0.02673713782423394,0.005600099002507569,161.0,63.71756050239091,51.2543431803428,1000.0,2.109206028558214,0.43422638887868487,68.38141445251412
1255,57.81615547269401,45.4731535928747,2.3825145153357963,0.04179331949634884,0.012935428536155738,73.0,57.81615547269401,45.4731535928747,1000.0,3.29693933638853,1.0030009146870629,57.85012009124929
1256,52.808839598592115,44.556002650810605,1.40638183542849,0.02490505946841382,0.008738667727774641,444.0,52.808839598592115,44.556002650810605,1000.0,1.9646793130103604,0.6775880443083572,81.96305629895858
1260,58.5674707463516,49.57942991572621,1.8358080334187987,0.030347280652901376,0.00041894249326408957,666.0,58.5674707463516,49.57942991572621,1000.0,2.393998479726264,0.03248440535005569,87.402763884397
1261,56.8937138201433,43.82708092179121,1.5165706785730257,0.031404851492842153,0.004080265774752284,407.0,56.8937138201433,43.82708092179121,1000.0,2.477426810982,0.31637995546911385,80.79629847813953
1264,62.54256211607229,47.3186723372763,1.2301088555924584,0.024364280326178895,0.016132707647788323,409.0,62.54256211607229,47.3186723372763,1000.0,1.9220190015582268,1.2509149180394687,80.86202384018391
1265,70.9284973507615,62.34609453947711,1.4966914943665461,0.028451247907013012,0.0012664236736816368,904.0,70.9284973507615,62.34609453947711,1000.0,2.244426609907543,0.09819729586334432,91.50415840324996
1267,73.0072793765535,61.7095322076744,0.26586937342106864,0.004660246657839796,7.868821139369463e-05,752.0,73.0072793765535,61.7095322076744,265.86937342106864,0.3676317341781738,0.006101409611777738,89.03280053211653
1268,66.0265236220937,54.9144659926974,2.25789738761983,0.04239558400314548,0.01572616062226757,420.0,66.0265236220937,54.9144659926974,1000.0,3.344450028702452,1.2193916455540716,81.21787833734082
1271,66.0685400434424,54.953142909186,0.9286702120495531,0.01990926774130148,0.007563895633125574,420.0,66.0685400434424,54.953142909186,928.6702120495531,1.5705775173164338,0.5864973253431215,81.21787833734082
1272,69.8471363073352,60.1940730071628,1.908127490141916,0.036299252300415474,0.004985583783018485,547.0,69.8471363073352,60.1940730071628,1000.0,2.8635302060939867,0.3865774590025784,84.76144639504749
1273,67.6348240835864,59.4920624235404,0.46958510821028693,0.010581187282773455,0.0037425835602093132,846.0,67.6348240835864,59.4920624235404,469.58510821028693,0.834715523884566,0.2901963954027839,90.61391646252676
1274,61.674881285836406,46.8154624438067,0.1325611286661161,0.0017460052446005114,0.0,1176.0,61.674881285836406,46.8154624438067,132.5611286661161,0.1377366871508496,0.0,95.03625755636193
1276,66.8343793680172,55.88537452858431,1.103551481913622,0.01853794530146609,0.0008441506304181617,875.0,66.8343793680172,55.88537452858431,1000.0,1.462398340614268,0.06545464281113811,91.066406649314
1277,67.3408344636454,58.9390259123476,2.7527086070855575,0.055183843121475284,0.018202882877635624,1158.0,67.3408344636454,58.9390259123476,1000.0,4.0,1.4114343506423892,94.82911768992078
1278,68.6812363088862,59.210489440283254,0.9556219706442648,0.013164385562931894,0.004464801564465506,741.0,68.6812363088862,59.210489440283254,955.6219706442648,1.0384956525314324,0.3461964975136418,88.8350057823122
1279,67.6935553979612,59.5278918846386,1.5288077153542114,0.024452610189507368,0.007217363354791476,222.0,67.6935553979612,59.5278918846386,1000.0,1.9289870578048933,0.5596275396869143,72.67676709324866
1280,61.90389863851139,45.0142040160161,0.12979444526625436,0.0013880131830383128,0.0007637890674817666,1226.0,61.90389863851139,45.0142040160161,129.79444526625437,0.1094958552642523,0.05922348310076638,95.59544010021241
1281,63.2573030765663,55.0728562493658,1.77412005243009,0.030772623076361718,0.0007037793525317339,222.0,63.2573030765663,55.0728562493658,1000.0,2.427552363079888,0.054570386466452604,72.67676709324866
1282,64.94338583576553,56.355489454761965,0.9467960851021738,0.01913395091989781,0.0007308016240793662,223.0,64.94338583576553,56.355489454761965,946.7960851021738,1.5094152895380735,0.05666566788704419,72.73690504482768
1283,72.12688574734977,62.49797579808935,1.575745197369251,0.03158194377916494,0.004223686572938856,223.0,72.12688574734977,62.49797579808935,1000.0,2.491397046703515,0.32750066873842715,72.73690504482768
1284,57.3417719757327,46.2983646937094,1.5269113765353541,0.02330428309932744,0.00030222758379027005,814.0,57.3417719757327,46.2983646937094,1000.0,1.8383992605138566,0.02343444147505529,90.0962761826018
1285,48.689201841878436,41.7338199664533,0.17391767938953134,0.0034338243709322366,0.004223606378479861,807.0,48.689201841878436,41.7338199664533,173.91767938953134,0.27088326027237747,0.32749445053579856,89.98033502217646
1286,70.69447966530636,61.70764018782579,3.191676803588311,0.05093581041156018,0.016209849564926153,1773.0,70.69447966530636,61.70764018782579,1000.0,4.0,1.2568964294547027,100.0
1287,71.49927078198675,62.54678640771128,2.006382811940194,0.036134849190839834,0.020670345754996954,1798.0,71.49927078198675,62.54678640771128,1000.0,2.8505609783437986,1.6027590923030381,100.0
1288,51.206783232742275,44.14202644238641,1.5590820928603701,0.02339582772204011,0.004708150287707606,809.0,51.206783232742275,44.14202644238641,1000.0,1.8456209186949593,0.3650655277369183,90.01356324615821
1289,66.9400145403868,61.0883937222046,0.21841849387515855,0.004277403855896336,0.0004854519542454663,630.0,66.9400145403868,61.0883937222046,218.41849387515856,0.33743050803506097,0.03764148615439134,86.65701153124543
1290,47.9805135625582,36.9665467241534,1.301997505348452,0.016802317879330977,1.1550815215981818e-05,1200.0,47.9805135625582,36.9665467241534,1000.0,1.3254803261968733,0.0008956393052327958,95.30756990902395
1291,49.0028715655491,35.8005038811034,1.4774393825660292,0.030245936476853936,0.008366009773153148,910.0,49.0028715655491,35.8005038811034,1000.0,2.3860037665866702,0.6486924983814458,91.59297464992078
1292,53.792506710523696,45.861081041476,1.0088241277427705,0.018616892761445077,0.006965661081333333,326.0,53.792506710523696,45.861081041476,1000.0,1.4686262495109381,0.54011078306755,77.82175314653576
1293,56.8906725400869,47.3899381922037,1.1052795363589751,0.015896625693777353,4.909579198698276e-05,1104.0,56.8906725400869,47.3899381922037,1000.0,1.2540332090691633,0.0038068413530012025,94.18782669172717
1294,62.67141705776213,50.57394042296921,0.38260017331028395,0.007824309104390787,0.0032642875244866193,447.0,62.67141705776213,50.57394042296921,382.60017331028394,0.6172343517385002,0.2531097724138227,82.05336443100582
1295,58.2171829242084,41.01875673777711,1.400608663981257,0.014965618601436909,0.00033386700022572206,1497.0,58.2171829242084,41.01875673777711,1000.0,1.1805890811036384,0.025887731950606428,98.27767088218215
1296,66.58597975092673,59.21080230369561,1.6518689600692706,0.036443227415477834,0.012870403678074032,501.0,66.58597975092673,59.21080230369561,1000.0,2.8748879356553254,0.9979589485897625,83.58302115171067
1298,52.452934491612226,40.46178436261255,4.547469548898561,0.09536026060597518,0.006362701400532458,275.0,52.452934491612226,40.46178436261255,1000.0,4.0,0.4933578587502527,75.54273878340598
1299,65.8333563275226,50.02591932393051,0.3174577057568733,0.005605531115685934,0.00035464620596408934,,65.8333563275226,50.02591932393051,317.45770575687334,0.4422021571717794,0.027498931943231247,
1300,49.0599550055859,37.446164769338225,1.9459174471048564,0.04060554897650197,0.00033437495402041493,803.0,49.0599550055859,37.446164769338225,1000.0,3.2032399749432656,0.02592711820822222,89.91363111477436
1301,66.95976359515502,54.34381409382609,0.9604035180168358,0.015582216411312806,0.005560436104609205,451.0,66.95976359515502,54.34381409382609,960.4035180168357,1.2292304811792762,0.4311509652265033,82.17283908216397
1302,66.9234217945977,56.4127277594024,1.0722948250905557,0.02041392553985981,0.0025388137012105965,482.0,66.9234217945977,56.4127277594024,1000.0,1.6103883331964108,0.19685721717040588,83.06442812498666
1303,45.7637298300778,28.1565376975402,1.6524446786348097,0.026116284126591605,0.0001501613800839,2054.0,45.7637298300778,28.1565376975402,1000.0,2.0602288953090087,0.011643371624979313,100.0
1304,61.27724765841981,48.3492427711611,0.36853719034774624,0.006731358092220424,0.0017249991876950065,1783.0,61.27724765841981,48.3492427711611,368.5371903477462,0.5310149935206173,0.13375480821965255,100.0
1306,50.5154371055621,35.4777417972722,4.531487544432903,0.0767596937460285,0.01992342634737645,529.0,50.5154371055621,35.4777417972722,1000.0,4.0,1.5448436666990926,84.31254646201933
1307,56.9814266253855,48.0041685788234,1.2362143876586869,0.03440909222209334,0.0019402030968331322,2057.0,56.9814266253855,48.0041685788234,1000.0,2.7144216119600393,0.15044151613245585,100.0
1308,60.14398968314231,41.875360887343106,0.23660776910268372,0.000739321480524391,7.43877545068421e-06,1668.0,60.14398968314231,41.875360887343106,236.6077691026837,0.058322672157946606,0.0005767956245387201,99.73053854047134
1310,64.5419994732833,57.5293781224022,2.5517465923798297,0.0634826617244943,0.00025835184606588,1932.0,64.5419994732833,57.5293781224022,1000.0,4.0,0.02003235820064903,100.0
1312,50.93775160729406,46.33697616436525,0.3784806426582642,0.005792762967921075,0.003814128009733522,708.0,50.93775160729406,46.33697616436525,378.4806426582642,0.4569722703405323,0.2957438844645487,88.22353339196611
1313,49.745416658114515,40.65214549148288,0.26648962710551444,0.004127908554994309,0.00041148382794093535,656.0,49.745416658114515,40.65214549148288,266.48962710551444,0.3256373089283905,0.03190606748358624,87.19972664354171
1314,59.8395809577076,49.7509171815683,2.2886910435823786,0.03943341065485934,0.0012482607747692992,433.0,59.8395809577076,49.7509171815683,1000.0,3.1107737868806113,0.09678896183161713,81.62663621698805
1315,65.23497582442096,50.78268997895512,1.031161495697671,0.013424646939310869,0.001965156047434501,509.0,65.23497582442096,50.78268997895512,1000.0,1.0590268278452628,0.15237634436078695,83.79552849942733
1316,52.8297751905538,45.7670541794045,1.087570386280444,0.017571384281303098,0.002354248943272506,1604.0,52.8297751905538,45.7670541794045,1000.0,1.386149478671785,0.1825462401112789,99.20499094229514
1317,48.36344562702821,33.64730363345623,0.3123374098230994,0.006397260665313447,0.00027420060308595265,808.0,48.36344562702821,33.64730363345623,312.3374098230994,0.5046591318128141,0.021261255855129835,89.99695940247156
1318,,,0.09168667733356292,0.00035349221031375085,0.0,1186.0,,,91.68667733356293,0.027885853225708673,0.0,95.14997066909844
1319,54.903715904992595,43.9914632699078,0.18781318738380307,2.9915105171843986e-05,0.0,1088.0,54.903715904992595,43.9914632699078,187.81318738380307,0.0023599055586352455,0.0,93.99178588175776
1320,53.4244519548737,41.4380455831235,0.6618853932981199,0.01803965540223145,0.00010638706176838856,754.0,53.4244519548737,41.4380455831235,661.8853932981199,1.4230898676451544,0.008249152315774354,89.06845256828558
1321,63.117104686864,52.3396268287621,2.0878509593962233,0.03109761707679875,0.0021682477635819935,919.0,63.117104686864,52.3396268287621,1000.0,2.453190085018312,0.16812388426578018,91.72510819664424
1322,65.2222544051436,57.374375752096,2.4788992798580427,0.032932006935101635,0.0013480798860808678,316.0,65.2222544051436,57.374375752096,1000.0,2.597899147495135,0.1045288414706188,77.40430314089248
1323,61.3095943460353,48.4247919155909,0.21281483557215206,0.005045560333358459,0.0017389565577316858,680.0,61.3095943460353,48.4247919155909,212.81483557215205,0.39802787951850516,0.13483704951334344,87.68195988238378
1324,74.52568959857585,65.10352385986941,1.2542833407007374,0.01845474305524383,0.004821451622324617,773.0,74.52568959857585,65.10352385986941,1000.0,1.4558347854396183,0.37385080624071804,89.40251212517812
1326,58.5803042013641,46.82947176139001,0.28046314808366757,0.007885273161284246,0.0016491097918256417,1877.0,58.5803042013641,46.82947176139001,280.4631480836676,0.6220436083302249,0.12787041612090863,100.0
1327,58.0713485924267,46.6197555947252,0.5197147392455158,0.009542032803751401,0.0007802140334863143,849.0,58.0713485924267,46.6197555947252,519.7147392455158,0.7527399995720873,0.060497059455830164,90.66143852648744
1328,51.8135389751578,42.37140257701731,1.2131457871994515,0.016755764358353638,0.0,1104.0,51.8135389751578,42.37140257701731,1000.0,1.321807870014708,0.0,94.18782669172717
1329,67.12889414914437,56.773157900054386,3.0482586487863816,0.056202950195184495,0.003075490261795073,307.0,67.12889414914437,56.773157900054386,1000.0,4.0,0.23847061093256644,77.01718106058814
1340,55.7266337586459,46.3325038569599,2.2579259497605118,0.0503469303132432,0.01061140761766386,164.0,55.7266337586459,46.3325038569599,1000.0,3.9717059333046025,0.8227985270750969,68.62804173452298
1341,50.6282917631605,43.0007453407804,2.5360377756784707,0.046587942007082946,0.014473382536767576,162.0,50.6282917631605,43.0007453407804,1000.0,3.675171545489657,1.122252415713772,68.46412738895769
1342,45.8132032146092,37.8278054734353,2.4666074280259926,0.04434956079880329,0.010870272354027079,158.0,45.8132032146092,37.8278054734353,1000.0,3.498592916552207,0.8428706543051157,68.13017704878109
1343,66.4716685721988,54.5540085681289,2.659960723522667,0.0397357544723663,0.010253135461237909,167.0,66.4716685721988,54.5540085681289,1000.0,3.134624709398016,0.7950184423567803,68.87022503905538
1344,63.2612510256598,51.4212786406931,2.3516584687072823,0.03715130699771135,0.020906420917086596,167.0,63.2612510256598,51.4212786406931,1000.0,2.9307460358515347,1.6210641374624604,68.87022503905538
1345,62.288340462140695,50.4767573998566,2.0185023193140883,0.03078541196409152,0.008310617899924646,166.0,62.288340462140695,50.4767573998566,1000.0,2.428561236927028,0.6443974648339196,68.78998116038372
1348,55.2528432636086,45.0765110048722,2.069252597048786,0.031992647823919154,0.007585718517325953,163.0,55.2528432636086,45.0765110048722,1000.0,2.523796155869331,0.5881894511782193,68.54633443271796
1349,50.1239841895734,38.3438252372389,2.84428151024651,0.04775230669794475,0.010755056777699234,150.0,50.1239841895734,38.3438252372389,1000.0,3.767024497049045,0.8339369473065403,67.43630377464147
1350,47.830983817832106,35.6235245427786,2.488892542370237,0.0393029731084853,0.014819758234128722,147.0,47.830983817832106,35.6235245427786,1000.0,3.1004839921774137,1.149110060229185,67.16657947742742
1351,46.3242197188502,34.9209559739183,1.56544111087249,0.03965562690929804,0.016090346828622464,149.0,46.3242197188502,34.9209559739183,1000.0,3.1283037059986145,1.2476303001196611,67.34699574005033
1352,45.6121100667276,33.9432672307591,1.8047762731155421,0.046025581493319485,0.019726320231349587,147.0,45.6121100667276,33.9432672307591,1000.0,3.630808749679183,1.529560244575676,67.16657947742742
1353,42.2107208130288,39.5367276257627,2.9096501436564495,0.05067844572119397,0.006788348481156016,43.0,42.2107208130288,39.5367276257627,1000.0,3.9978581079167976,0.5263621314734959,50.86257294665117
1354,47.3474667070234,47.5899563308313,2.393862524852571,0.04282341127827298,0.010304464748398617,163.0,47.3474667070234,47.5899563308313,1000.0,3.3781999339396043,0.7989984668166213,68.54633443271796
1355,45.20913912952929,46.0634385157626,2.964295458571248,0.04817023962507395,0.011397976055591305,160.0,45.20913912952929,46.0634385157626,1000.0,3.7999938692843522,0.8837883010512795,68.2981893584027
1356,41.2148677512267,40.74916056512849,2.6267092879796907,0.047219380578759636,0.013743863852963958,151.0,41.2148677512267,40.74916056512849,1000.0,3.7249836850986138,1.06568622580432,67.52502231296029
1358,57.67930623010922,47.712113123975186,1.4694114570359078,0.03134830486597669,0.005241111267977264,86.0,57.67930623010922,47.712113123975186,1000.0,2.472966031108577,0.4063908189098264,60.02542140651529
1359,50.50028022221183,35.13726261699274,2.306247239365508,0.042021433500727685,0.004092357539939322,202.0,50.50028022221183,35.13726261699274,1000.0,3.314934509858382,0.31731753952432173,71.41379075386827
1360,63.25935515080004,52.52982385964911,1.4340918459769703,0.03758709964172163,0.0035743730679277186,176.0,63.25935515080004,52.52982385964911,1000.0,2.9651243031885377,0.2771535126604901,69.57164381934672
1361,64.10533292763574,53.303970907757645,1.6728970733054485,0.03129464561824819,0.009576579452096187,178.0,64.10533292763574,53.303970907757645,1000.0,2.4687330272043875,0.7425589282317195,69.72266574252166
1362,59.79370901600014,49.00169828980539,1.2532086654120553,0.032501482366129486,0.008984764171282253,212.0,59.79370901600014,49.00169828980539,1000.0,2.563936461500547,0.6966701301665443,72.06010804071538
1363,50.60112420222906,38.70916080938579,1.940802818079004,0.03274752070114872,0.004686740311311115,218.0,50.60112420222906,38.70916080938579,1000.0,2.583345627241864,0.36340541838305446,72.43348787695771
1364,51.5466762164659,39.8553513786961,1.1266463622666623,0.02407545640476165,0.012918074595114038,60.0,51.5466762164659,39.8553513786961,1000.0,1.8992346197650147,1.0016553064847833,55.25347353549491
1365,44.664758342648994,31.7155288676974,1.2782328576742132,0.027124284250743348,0.009579353844683008,60.0,44.664758342648994,31.7155288676974,1000.0,2.1397467536760795,0.7427740520132398,55.25347353549491
1366,53.855124610987,43.8448043413906,1.0350315993549681,0.022336138592192897,0.01875848166829644,51.0,53.855124610987,43.8448043413906,1000.0,1.7620254824233363,1.454514956257751,53.107915117418266
1367,54.0214146959536,41.942896003042506,1.4623998669544533,0.03127748369488799,0.006332564129475451,55.0,54.0214146959536,41.942896003042506,1000.0,2.467379178768891,0.491021043208977,54.1039862724714
1368,58.8059707952611,47.7288917573251,1.1848586227108278,0.02510233680795073,0.005722266846484358,55.0,58.8059707952611,47.7288917573251,1000.0,1.980241882070091,0.4436991681462268,54.1039862724714
1369,55.190232160289845,53.13459947617187,1.9538900071214065,0.041791427453862516,0.00011182104266576011,83.0,55.190232160289845,53.13459947617187,1000.0,3.296790079297338,0.00867049806363432,59.553765652877246
1370,58.57931380869201,48.36120406670571,1.4116277521258038,0.02252364686682776,0.0021460978262782798,105.0,58.57931380869201,48.36120406670571,1000.0,1.7768174016580847,0.16640639904186286,62.68039766837523
1371,59.17693534253417,48.94962985387666,1.3905293082696542,0.025198294095614894,0.01949660774578252,106.0,59.17693534253417,48.94962985387666,1000.0,1.9878116410680757,1.5117485553459908,62.80660338206703
1372,50.49808962071231,48.687179608722666,2.182537497195537,0.04332199847019677,0.00024178867911768027,82.0,50.49808962071231,48.687179608722666,1000.0,3.4175318593641126,0.018748065874907807,59.39279594742783
1373,63.1854680070989,61.874221950920195,2.052414380323239,0.042438219861297616,0.0002837781579013514,82.0,63.1854680070989,61.874221950920195,1000.0,3.3478134331789677,0.02200389041211107,59.39279594742783
1374,63.08633905797599,61.7903179667718,2.43206069376969,0.0472724388677363,0.0005067679662911442,75.0,63.08633905797599,61.7903179667718,1000.0,3.729169281317261,0.03929430960121696,58.20856292678215
1375,63.264967274185125,61.98142524332492,2.363693545198467,0.044862103338928504,0.0004891163664604814,77.0,63.264967274185125,61.98142524332492,1000.0,3.539025734104757,0.037925621217499414,58.557694497824116
1377,57.982257227683704,46.620456606759205,1.3845193355111767,0.024586517538006333,0.0040585496705282595,511.0,57.982257227683704,46.620456606759205,1000.0,1.9395505739366112,0.3146961092525579,83.84813447560327
1378,62.17648100395233,55.30694523394053,2.2305984137360237,0.03890032012890076,0.009063963843629319,75.0,62.17648100395233,55.30694523394053,1000.0,3.068720005413397,0.7028111979777102,58.20856292678215
1379,64.17891697912262,57.26038374812721,1.8368550609903616,0.03848790905130911,0.006651337299827467,61.0,64.17891697912262,57.26038374812721,1000.0,3.036186233967148,0.5157384138432077,55.472028103051066
1380,56.45520688474094,49.4585047567223,1.8395312820114154,0.03569543472725498,0.004897650714900844,97.0,56.45520688474094,49.4585047567223,1000.0,2.8158969974150394,0.3797592119296874,61.62567561405209
1381,63.94915696369543,57.00469609279932,1.6873214447037972,0.040399354362364664,0.00625070554569696,66.0,63.94915696369543,57.00469609279932,1000.0,3.1869739510309962,0.48467380591603965,56.514473575834074
1382,47.2465367014112,40.2551797157773,2.094803841689901,0.0336949773397794,0.015965673077797695,102.0,47.2465367014112,40.2551797157773,1000.0,2.6580874065278293,1.2379632152012767,62.29451059716119
1383,42.635748547618,34.6494819572133,1.9723113741870122,0.03281167392292248,0.012822404221368117,96.0,42.635748547618,34.6494819572133,1000.0,2.5884064667006785,0.9942371160392638,61.48781994655193
1384,46.8333998735175,39.0119166229849,1.7231596494782044,0.0299282571115037,0.00358721323758178,107.0,46.8333998735175,39.0119166229849,1000.0,2.3609430724708647,0.2781491272914058,62.93163507210827
1385,63.697978182254424,56.09927349629697,1.461012281349478,0.028364724104571512,0.0073045280163036574,181.0,63.697978182254424,56.09927349629697,1000.0,2.2376010279427456,0.5663862052371696,69.9460638451771
1386,66.15480537098625,59.24996215689846,1.625280662515217,0.02597936129969359,0.00852093969112748,185.0,66.15480537098625,59.24996215689846,1000.0,2.0494274978730136,0.6607056179318576,70.23826686963507
1387,41.0198106830955,30.0780954973758,0.5664902806270141,0.015605165965194656,0.0004894918030920385,31.0,41.0198106830955,30.0780954973758,566.4902806270142,1.2310408970030837,0.0379547322194122,46.58229693089071
1388,47.1610652051944,37.219249069818,0.4911854993690198,0.015384757200172459,0.002037100700375859,28.0,47.1610652051944,37.219249069818,491.1854993690198,1.2136535648590079,0.15795486481763382,45.259182639931296
1389,41.5550481947035,30.4458118137851,1.5590064827528647,0.03486826451182648,0.021549189825814257,87.0,41.5550481947035,30.4458118137851,1000.0,2.75064422367034,1.670903831724174,60.17903233282932
1390,43.9004758454637,38.8685783817332,1.6582883513356967,0.03567751890358835,0.02174854281721408,85.0,43.9004758454637,38.8685783817332,1000.0,2.8144836762311245,1.6863614744424453,59.87003459201013
1391,50.9212033819016,42.6799538942967,1.5644556762502189,0.03574417422358117,0.0007678625680328571,146.0,50.9212033819016,42.6799538942967,1000.0,2.8197418980979734,0.05953933848718068,67.07545499445794
1392,48.4115800503542,39.091712933459,1.4563104667548652,0.0314187129471946,0.0003344658024202637,146.0,48.4115800503542,39.091712933459,1000.0,2.4785202961290254,0.0259341625073648,67.07545499445794
1393,52.953047056302594,43.4445465317398,2.405237311667906,0.05381963803501191,0.0027572590661039597,137.0,52.953047056302594,43.4445465317398,1000.0,4.0,0.21379526450179384,66.22627939722786
1394,69.1032145653557,62.2007189912734,1.6407040411235374,0.03620995252692581,0.0013554020697296987,120.0,69.1032145653557,62.2007189912734,1000.0,2.8564856367825113,0.10509659667693118,64.45930834858979
1395,70.0220792811198,63.2396412497173,1.6996692924131283,0.038460742198003106,0.0025111091369579655,121.0,70.0220792811198,63.2396412497173,1000.0,3.0340431290788588,0.19470903141770923,64.56993292167306
1396,56.8827715052555,49.9878702670279,1.436303455748645,0.02239435967337557,0.002911054133773719,119.0,56.8827715052555,49.9878702670279,1000.0,1.7666183545634637,0.22572038883114756,64.34776571876252
1397,48.1163495285123,34.1738970932859,0.8443651629927605,0.01762595795912199,0.017451267595687665,388.0,48.1163495285123,34.1738970932859,844.3651629927606,1.390454618998057,1.353154811377073,80.15533541691615
1398,57.9214316385668,42.6370202455431,1.142871630243035,0.027329586173752425,0.006453082093885575,401.0,57.9214316385668,42.6370202455431,1000.0,2.1559423560824396,0.5003658923727838,80.59717172859622
1404,50.0469748799657,43.93734143918426,1.8986261519096799,0.03171746888354252,0.011184282037414901,160.0,50.0469748799657,43.93734143918426,1000.0,2.50208818234613,0.8672186686579653,68.2981893584027
1405,47.62619393002038,42.85549489782732,1.5929982098948783,0.02146256764806299,0.023289213875496963,155.0,47.62619393002038,42.85549489782732,1000.0,1.6931123057832378,1.8058236535554428,67.87415388400225
1406,55.0390259516259,46.65259196916839,1.5774759440078099,0.02426406315258428,0.026934440153522473,184.0,55.0390259516259,46.65259196916839,1000.0,1.9141131939844918,2.0,70.16580949871523
1407,49.5810241786412,39.4265762629046,1.7591292568197918,0.03598576221119591,0.010103709046451347,89.0,49.5810241786412,39.4265762629046,1000.0,2.8387999903759886,0.783432059246981,60.48108571299023
1408,48.6631893937235,38.4181870186315,2.1703357820550027,0.04226752362538668,0.023530286992176516,82.0,48.6631893937235,38.4181870186315,1000.0,3.334347761116298,1.824516235394553,59.39279594742783
1411,54.103556802348095,43.0506462739729,2.7244954859425867,0.05255123328954491,0.019051185355467414,104.0,54.103556802348095,43.0506462739729,1000.0,4.0,1.4772109237816853,62.55299567416506
1412,65.1500344847372,56.4824225780265,2.4016685414845496,0.04271631780606733,0.013504742179540646,598.0,65.1500344847372,56.4824225780265,1000.0,3.369751677485218,1.0471449570326894,85.95749447425554
1418,48.0088788613118,39.92202270775968,2.269469606363077,0.03207377645215106,0.02755272666273647,144.0,48.0088788613118,39.92202270775968,1000.0,2.5301961300505726,2.0,66.8913314335754
1419,70.43894591120305,68.07170830981165,1.3078010832434506,0.03167436928604859,0.0043546680928614225,135.0,70.43894591120305,68.07170830981165,1000.0,2.498688194977989,0.3376568521166764,66.03005971155554
1421,69.76032483643225,67.35318718762004,1.3146044279679474,0.03287212721636496,0.003441062526096395,118.0,69.76032483643225,67.35318718762004,1000.0,2.5931754308214194,0.2668167391225658,64.23528966695808
1423,55.787863855454376,52.4506843069435,1.3087370331662374,0.03187864324717101,0.0030697243998923486,122.0,55.787863855454376,52.4506843069435,1000.0,2.514802704807323,0.23802353144492308,64.67965442694566
1425,68.63512494802674,66.33957383997245,1.325844555201673,0.03400445055839608,0.003419409640633004,99.0,68.63512494802674,66.33957383997245,1000.0,2.6825007443605715,0.2651377948290164,61.89721635964448
1427,60.529779880083,49.6761157181912,0.6607844319754659,0.013907170234849872,0.0007203912171063029,456.0,60.529779880083,49.6761157181912,660.7844319754658,1.0970915246187591,0.05585845476016079,82.32070426712346
1428,59.67793751962194,41.87776380545837,1.940563507182165,0.040882044948268914,0.00041491370831031024,118.0,59.67793751962194,41.87776380545837,1000.0,3.225051844798472,0.03217201716883513,64.23528966695808
1429,60.7215211100014,47.411066746834095,1.4820837173442458,0.023592783769399574,0.0033907157553218653,175.0,60.7215211100014,47.411066746834095,1000.0,1.8611581420575531,0.26291289805558865,69.49549171900746
1430,48.5074056698788,37.2250656085554,0.297211755145221,0.003352269146702081,3.210221478141111e-05,897.0,48.5074056698788,37.2250656085554,297.21175514522105,0.2644496333173356,0.002489175422309196,91.3997921902572
1431,74.0714059515932,69.0349384254091,2.255932868832587,0.038749592269217516,1.8724999348185868e-05,995.0,74.0714059515932,69.0349384254091,1000.0,3.0568295737447007,0.0014519187687713543,92.7919534863681
1432,66.1555308006122,57.55933401984691,0.304293501182943,0.005010571727859129,0.003387489094239834,577.0,66.1555308006122,57.55933401984691,304.29350118294303,0.3952677419848929,0.2626627058019948,85.47782249222035
1433,47.99205677971409,38.7662399735621,2.0891427322523795,0.0368493981748353,0.009285823388687026,42.0,47.99205677971409,38.7662399735621,1000.0,2.906929428648803,0.7200139776152735,50.55357520583199
1434,46.1948016692685,39.8794323737901,2.515727312642814,0.04205893519655076,0.004099482939089241,43.0,46.1948016692685,39.8794323737901,1000.0,3.3178928969314923,0.31787003624639815,50.86257294665117
1435,66.3965083434475,52.038569955082195,1.1015153563450528,0.018970182311347922,0.0005567637341784954,185.0,66.3965083434475,52.038569955082195,1000.0,1.4964961155145573,0.04317093423574941,70.23826686963507
1436,55.222326708031,44.8354174946041,1.6298912413608424,0.03289541183159812,0.012025597346997215,79.0,55.222326708031,44.8354174946041,1000.0,2.595012278547803,0.9324534633686838,58.89798633835666
1437,52.80217701369891,44.3077586571556,1.0460310320584898,0.01892123382634481,0.017935740374910636,473.0,52.80217701369891,44.3077586571556,1000.0,1.4926347283931662,1.3907203732247855,82.81161547252579
1439,56.13547535943,44.4612210477164,2.822778677131931,0.0497086442014345,0.016826656716508938,423.0,56.13547535943,44.4612210477164,1000.0,3.9213536134780704,1.304723073581246,81.31331644073151
1440,48.26835229454551,36.8915478294492,0.08700763513806012,7.913351887659028e-05,0.00130313344185697,423.0,48.26835229454551,36.8915478294492,87.00763513806012,0.006242586479254597,0.10104373662523282,81.31331644073151
1441,58.3293955541254,45.9052893851272,1.5091524036205133,0.03197202225046257,0.02671105512159453,228.0,58.3293955541254,45.9052893851272,1000.0,2.52216907131888,2.0,73.03362371177901
1442,53.0009510850742,47.5644127972362,1.7124397531701023,0.03306174421969847,0.014840961510023258,40.0,53.0009510850742,47.5644127972362,1000.0,2.608133700819403,1.1507541422212997,49.91341566036167
1443,54.08916113729884,41.09500769895121,0.29599853898124084,0.002802603673528706,9.704920359627372e-05,1128.0,54.08916113729884,41.09500769895121,295.99853898124087,0.22108830805772722,0.007525103610184838,94.47662870155285
1444,56.2930467892501,44.1067889700569,2.1217130057107907,0.04388680516394814,0.00921283543079941,24.0,56.2930467892501,44.1067889700569,1000.0,3.4620876263748452,0.7143545602780127,43.2642975872882
1447,56.6384947749689,44.3371023660745,1.6857980519405285,0.04268947229881299,0.009504701310824539,12.0,56.6384947749689,44.3371023660745,1000.0,3.367633922544028,0.7369855650269398,34.474996345061975
1448,52.92984585349289,43.83817117236249,1.5180181827524053,0.02619047129490676,0.022731839518541342,889.0,52.92984585349289,43.83817117236249,1000.0,2.0660812802456703,1.7626053722061228,91.27951568513673
1449,49.502204983694,35.7297677765556,1.2863947568123706,0.019872767747728323,0.007032029141433518,53.0,49.502204983694,35.7297677765556,1000.0,1.5676981512828316,0.5452568997810728,53.615175685930126
1450,64.7237459364176,50.1444811437821,2.0813422977213953,0.032896189186311396,0.0023011988442325983,84.0,64.7237459364176,50.1444811437821,1000.0,2.595073601538257,0.17843278552316522,59.71283034666521
1451,58.232038173648,44.27294553918421,2.8992161308358173,0.049712361754784926,0.005822419378662351,46.0,58.232038173648,44.27294553918421,1000.0,3.9216468791967034,0.4514649009243854,51.74910144357259
1452,57.98850274454439,43.3619020259545,2.868468832541449,0.04741165527113127,0.01359324262808055,42.0,57.98850274454439,43.3619020259545,1000.0,3.7401516115593827,1.0540071982477857,50.55357520583199
1453,68.8203101708773,57.42359535266516,2.0875043422055075,0.03530037396039279,0.012677430775809986,310.0,68.8203101708773,57.42359535266516,1000.0,2.784731935672443,0.9829960119588145,77.14746456617286
1454,69.0584554861582,54.4217953023246,2.595352003381103,0.043103408242251014,0.0049597908604800565,116.0,69.0584554861582,54.4217953023246,1000.0,3.400287985708002,0.3845775001433735,64.00747387822997
1456,49.6882994746732,36.9845779272832,2.3911636643529874,0.04456868895151438,0.01806035235523758,46.0,49.6882994746732,36.9845779272832,1000.0,3.5158792253472395,1.4003826685170941,51.74910144357259
1457,49.9435803140377,38.4678872411759,2.2459918130254652,0.041013259722904274,0.01503554121497537,44.0,49.9435803140377,38.4678872411759,1000.0,3.23540295251674,1.165841668815491,51.16462632681209
1458,55.66672291311042,47.681946629347465,1.1414952642999665,0.021701105592448453,0.0143314119775078,80.0,55.66672291311042,47.681946629347465,1000.0,1.7119297900496981,1.111244152601485,59.06495506633598
1461,68.4501139641468,51.3947722994841,0.6482841507111334,0.011848021029305001,0.031417037446147045,709.0,68.4501139641468,51.3947722994841,648.2841507111334,0.9346519266861956,2.0,88.24247745395364
1462,46.9098270983692,33.6034525665057,0.9013950858346399,0.01968180325850549,0.012751316404119627,340.0,46.9098270983692,33.6034525665057,901.3950858346399,1.5526335824962554,0.9887250338129928,78.38522289116781
1463,54.849593258900896,44.1971683549088,1.4635658365518014,0.03056287401397424,0.008926257159472805,190.0,54.849593258900896,44.1971683549088,1000.0,2.411005940280993,0.6921335517148556,70.59480792805049
1464,61.1138073278594,53.113807327859405,1.7536959060718824,0.03063703293365321,0.005801995243408972,37.0,61.1138073278594,53.113807327859405,1000.0,2.4168560967744255,0.4498812327618987,48.892103540604005
1465,50.9882355606013,42.9510940667077,1.881195926326752,0.03325454907254659,0.0031700899721437935,34.0,50.9882355606013,42.9510940667077,1000.0,2.6233434499195454,0.2458057831492185,47.78675690758107
1466,56.7383314209945,48.7366869240881,1.5609750273700003,0.02789454499230796,0.0024620696609828525,34.0,56.7383314209945,48.7366869240881,1000.0,2.2005101237252576,0.19090655675509322,47.78675690758107
1467,64.6028583431581,56.6025539284652,1.7415520878552821,0.029355924310007133,0.00653152353438062,38.0,64.6028583431581,56.6025539284652,1000.0,2.3157935952458186,0.5064481676020884,49.24123511164597
1468,57.241875351007195,49.2393914947681,1.7535363069355767,0.032476924892108905,0.007513361524783135,37.0,57.241875351007195,49.2393914947681,1000.0,2.5619992020754405,0.5825789582980182,48.892103540604005
1469,49.9234290551817,39.7785936753485,0.7379371261564078,0.012683713569344151,0.0008665109439056386,1104.0,49.9234290551817,39.7785936753485,737.9371261564079,1.0005769989605389,0.06718844040570113,94.18782669172717
1470,59.2555673971923,47.284196258584,1.9915172130519858,0.04473121956274297,0.008977952326257355,14.0,59.2555673971923,47.284196258584,1000.0,3.5287007377799533,0.6961419461352552,36.398387560228095
1471,69.2640073133273,60.2093903789519,1.5998746927271776,0.030669012635354504,0.007303959839417313,164.0,69.2640073133273,60.2093903789519,1000.0,2.419378871652697,0.5663421493378915,68.62804173452298
1475,65.2931385640701,56.1793424318566,2.252696895204726,0.040763726140590706,0.01724628326617748,120.0,65.2931385640701,56.1793424318566,1000.0,3.2157180580600686,1.337260520018997,64.45930834858979
1478,71.6277033493355,60.6218710357637,0.3476100298543591,0.005749649158432413,0.008127040196891417,443.0,71.6277033493355,60.6218710357637,347.61002985435914,0.4535711618342518,0.6301630230801096,81.93281824401143
1479,69.14984169912668,63.14326375615139,2.4888430943187987,0.04836679337817167,0.020308274772535505,1264.0,69.14984169912668,63.14326375615139,1000.0,3.8154993569582687,1.574684450200891,96.0053842124047
1482,50.9388394079606,43.0541647611834,1.6314517746640171,0.037270194872976135,0.004311165786022689,95.0,50.9388394079606,43.0541647611834,1000.0,2.940124714484955,0.3342837243205397,61.34853569747471
1483,54.06379441646139,40.6712482671556,2.261837989142593,0.04907789159380919,0.0046529084492284425,101.0,54.06379441646139,40.6712482671556,1000.0,3.8715955873468557,0.36078212774218854,62.16337970578323
1485,48.25625094519269,34.9158161192057,1.8851864597138608,0.03874673676757545,0.005108644265791941,97.0,48.25625094519269,34.9158161192057,1000.0,3.056604312487584,0.3961194526395584,61.62567561405209
1500,60.66417871175099,46.6684877789738,1.497792177157319,0.02482321046354857,0.019881111465154037,66.0,60.66417871175099,46.6684877789738,1000.0,1.9582225106544702,1.5415626106865046,56.514473575834074
1501,50.0438774385195,39.2353873730617,1.7493799804453471,0.0315845524008713,0.029055316358711107,56.0,50.0438774385195,39.2353873730617,1000.0,2.491602832403744,2.0,54.34188292100986
1502,57.73084650885056,43.74414696163284,1.9470655829212655,0.029222557559606944,0.017354448619173273,90.0,57.73084650885056,43.74414696163284,1000.0,2.3052727251436216,1.3456475593574304,60.62960445899895
1519,49.62941019685941,43.5701858799093,1.5489887536556495,0.02972979579626589,0.02004300587180688,151.0,49.62941019685941,43.5701858799093,1000.0,2.3452871034106395,1.554115750112976,67.52502231296029
1520,46.0305152219894,34.4961206165651,1.4929727305188853,0.03698810364451388,0.01729426885067973,144.0,46.0305152219894,34.4961206165651,1000.0,2.9178714529882552,1.3409812769319223,66.8913314335754
1521,47.3339805298744,40.8110635747437,1.7317645772787205,0.030678659767848587,0.02211787509235093,146.0,47.3339805298744,40.8110635747437,1000.0,2.4201399026257424,1.7149991503223203,67.07545499445794
1522,45.3529189981045,38.7372366605535,1.6204741786678059,0.03802793025401741,0.01385662474354999,149.0,45.3529189981045,38.7372366605535,1000.0,2.999899999493043,1.0744295987882606,67.34699574005033
1524,59.29275532711729,45.0809560390211,1.5643954657458625,0.024157717334507743,0.016247429714598298,52.0,59.29275532711729,45.0809560390211,1000.0,1.9057239175378677,1.2598103587760145,53.36393828219709
1525,61.21467640797334,49.281282240434905,1.7162250846384568,0.03925436163740296,0.01627181332786959,90.0,61.21467640797334,49.281282240434905,1000.0,3.0966491909904654,1.2617010411253562,60.62960445899895
1526,53.0058922815049,42.82435412437577,1.8172805540847985,0.04392602685055108,0.007856645864857346,81.0,53.0058922815049,42.82435412437577,1000.0,3.4651816979384127,0.6091969018883513,59.22987504653981
1527,58.48407742675797,51.110777797101896,2.185230224716229,0.04408883911326616,0.007200685890436524,155.0,58.48407742675797,51.110777797101896,1000.0,3.478025428942806,0.5583343848481763,67.87415388400225
1528,59.10299069892736,49.34208625709897,1.8895027800134727,0.04418877734454481,0.009799416194503127,80.0,59.10299069892736,49.34208625709897,1000.0,3.4859092316625313,0.7598374788290444,59.06495506633598
1529,52.60399305691859,37.15938593461238,1.9040511040237782,0.03773162170200098,0.010778477319966602,291.0,52.60399305691859,37.15938593461238,1000.0,2.976525179482954,0.8357529540395974,76.30016788273001
1530,53.4804250562196,38.2921564157383,2.2953313872768404,0.044519872000657004,0.01414904019495079,289.0,53.4804250562196,38.2921564157383,1000.0,3.5120282145277164,1.0971032167827361,76.20779081975354
1531,60.27417290747771,44.66994956781903,1.6672275243623287,0.03592788071029415,0.017970569882907347,271.0,60.27417290747771,44.66994956781903,1000.0,2.834233906622127,1.39342102038782,75.34651909773368
1532,49.0222656422562,40.0715821557326,2.0442831476354053,0.033754803189403736,0.006488238730645191,74.0,49.0222656422562,40.0715821557326,1000.0,2.662806873642103,0.5030919047912092,58.03053635387219
1533,49.07532916062101,38.1660636552553,1.8942556902130514,0.030836175410550722,0.013103546266832786,75.0,49.07532916062101,38.1660636552553,1000.0,2.4325658004672994,1.016036604782128,58.20856292678215
1534,61.95408272638859,54.7220910098466,1.6826070868237586,0.035391887177076795,0.013032714556272806,382.0,61.95408272638859,54.7220910098466,1000.0,2.7919511163338715,1.010544380826661,79.94640670615209
1535,71.47066288766631,64.43417646949966,1.8399296336319177,0.029950333711980512,0.019039386469332228,405.0,71.47066288766631,64.43417646949966,1000.0,2.362684623833687,1.476296049291613,80.73025014004641
1536,47.0239814302954,36.8268474139759,1.0310740514453876,0.022630388170174754,0.011640966993484067,315.0,47.0239814302954,36.8268474139759,1000.0,1.7852378766541621,0.9026295889363996,77.36183609211993
1537,44.84239537872129,36.2767602819264,1.7015118149977317,0.03428244832620079,0.007845935904889287,314.0,44.84239537872129,36.2767602819264,1000.0,2.7044310860311733,0.6083664617050826,77.31923444074906
1539,48.4025842761383,40.2571978034569,1.8344634588447994,0.029160645972439673,0.011159009848009079,318.0,48.4025842761383,40.2571978034569,1000.0,2.3003887209637703,0.8652590869541714,77.48883681422618
1540,65.06822042750231,55.46365330987705,1.9424317562741962,0.03474353897403771,0.013953707501331132,151.0,65.06822042750231,55.46365330987705,1000.0,2.7408050307863205,1.0819573041582573,67.52502231296029
1541,56.64300259570648,49.29823434805029,0.7875880846200437,0.014960243513990787,0.005801410287093878,63.0,56.64300259570648,49.29823434805029,787.5880846200437,1.1801650578996619,0.44983587580155904,55.89875631706885
1542,48.33280647323616,40.31621162187599,1.2853413185106553,0.028198423517921328,0.007959308528640834,59.0,48.33280647323616,40.31621162187599,1000.0,2.2244821143843385,0.6171572679010611,55.03130633258437
1543,44.8982051037181,34.5695338905724,1.8187676899168481,0.030425725060072722,0.0004210135530605183,223.0,44.8982051037181,34.5695338905724,1000.0,2.4001867044195784,0.0326449933711161,72.73690504482768
1544,67.15403547503726,53.43616867280218,0.8715730970155666,0.018945483650553253,0.008707154206207131,888.0,67.15403547503726,53.43616867280218,871.5730970155666,1.4945477183230593,0.6751445156019926,91.26440516105497
1545,59.13401700867679,47.27100917155798,1.370909768385864,0.024238033493530434,0.009087438242659184,619.0,59.13401700867679,47.27100917155798,1000.0,1.9120597986600332,0.7046313807132781,86.4206362828733
1546,62.0194427876169,54.45488137059119,1.2254558136229774,0.02799048269867774,0.008770558664373599,42.0,62.0194427876169,54.45488137059119,1000.0,2.2080783380184785,0.6800608374198939,50.55357520583199
1547,48.9537308239138,34.2703456269377,1.2516016548498332,0.026273116709178243,0.010434683657186715,65.0,48.9537308239138,34.2703456269377,1000.0,2.0726009087549007,0.8090955180475834,56.31235232705702
1548,46.6684448332223,29.306855049007197,1.4616779772588173,0.02287473820021338,0.012431911169120588,61.0,46.6684448332223,29.306855049007197,1000.0,1.8045138574948905,0.9639586534828456,55.472028103051066
1549,39.2950785444921,25.4466105934667,1.1510019243468774,0.02756612421254749,0.008285023126489904,55.0,39.2950785444921,25.4466105934667,1000.0,2.174602074287493,0.6424128702691164,54.1039862724714
1550,45.9737855390641,34.5157957079357,1.284930617660312,0.028843328092717464,0.007449615384228557,52.0,45.9737855390641,34.5157957079357,1000.0,2.2753565432759717,0.5776361427503693,53.36393828219709
1551,46.46492666774441,36.1778573111456,1.5590549304992098,0.02676537172659061,0.005931017252721345,66.0,46.46492666774441,36.1778573111456,1000.0,2.111433309483042,0.45988547753766024,56.514473575834074
1552,54.96947060746449,44.74093697486148,2.3453558803234884,0.05036950661416696,0.010640696883588601,134.0,54.96947060746449,44.74093697486148,1000.0,3.9734869044139254,0.8250695890991276,65.9308650933961
1553,48.613883717899526,35.087068875217554,2.3732836767317647,0.051096785256503435,0.00592079556154186,136.0,48.613883717899526,35.087068875217554,1000.0,4.0,0.45909289725522,66.12852762269118
1554,62.4564764998963,55.8142083061354,2.7971433633936273,0.04145694117504391,0.007932455287421125,1026.0,62.4564764998963,55.8142083061354,1000.0,3.2704035423242312,0.6150750929324932,93.2039136648256
1555,72.5686866986672,66.0732531740776,3.1880307313368452,0.04447111118097418,0.0014783802456917136,1030.0,72.5686866986672,66.0732531740776,1000.0,3.5081816317143817,0.11463220832146853,93.25616177631369
1556,55.84089032949826,47.376923219202624,1.192117202564114,0.020526376913110055,0.011021988801308294,39.0,55.84089032949826,47.376923219202624,1000.0,1.6192592570753344,0.8546346043722353,49.58152695217852
1557,63.66012607486767,53.32873354303996,2.049517814669148,0.038789134575851814,0.008828019655706827,37.0,63.66012607486767,53.32873354303996,1000.0,3.0599489379819813,0.6845163084315393,48.892103540604005
1558,62.06540556549274,51.255710029201545,1.6939322618847512,0.034138186328302206,0.021260243773197005,35.0,62.06540556549274,51.255710029201545,1000.0,2.693050725213953,1.648499227635468,48.165396305524276
1559,39.8134074566506,29.303379771509,1.5564891107758823,0.029524207806057474,0.01053245831747213,141.0,39.8134074566506,29.303379771509,1000.0,2.329068934091344,0.816676872884447,66.61032866030953
1560,40.09238687707389,30.7337530616441,2.1776097846374514,0.04062772683517241,0.013011478899403888,141.0,40.09238687707389,30.7337530616441,1000.0,3.2049895142363543,1.0088977880443677,66.61032866030953
1561,39.0389476217699,31.2540822731182,2.2213124821541337,0.04326230210801561,0.011000933406933325,133.0,39.0389476217699,31.2540822731182,1000.0,3.4128226070939847,0.8530019889735136,65.83093296201221
1562,67.7020748869157,58.993228283262944,2.302461077058038,0.042097972584159316,0.022342980844583783,201.0,67.7020748869157,58.993228283262944,1000.0,3.320972429745528,1.7324536377990816,71.3474162498202
1563,68.76773350320404,60.45603466761961,2.457816077988058,0.04163247152344485,0.016270971471250752,206.0,68.76773350320404,60.45603466761961,1000.0,3.2842505618323035,1.261635764358037,71.67605877763371
1564,70.7881746321575,63.04220067666389,2.3592190361550687,0.04045967714548831,0.02187982174359136,204.0,70.7881746321575,63.04220067666389,1000.0,3.1917326196162508,1.696540718436373,71.54556445400577
1565,58.1398930986986,44.4307552033304,1.4602308375344515,0.03244273949145295,0.015234443462078726,70.0,58.1398930986986,44.4307552033304,1000.0,2.5593024267651505,1.1812643612466198,57.29386927413139
1566,54.3465200286917,46.2112102857779,1.7587811372050208,0.03916871605630655,0.024518336703938434,59.0,54.3465200286917,46.2112102857779,1000.0,3.0898928890573476,1.9011286770994036,55.03130633258437
1567,59.6160149376578,44.6550398432808,1.4886178262497312,0.023792802091985102,0.007607443677436469,62.0,59.6160149376578,44.6550398432808,1000.0,1.8769369383742298,0.589873999579663,55.68708564710496
1569,61.6058402840187,46.76749436289731,1.1205243307346804,0.02621683849803396,0.01895842217623401,66.0,61.6058402840187,46.76749436289731,1000.0,2.068161303326589,1.4700181544536088,56.514473575834074
1570,62.702382023241,47.96756059908,2.1850861089943217,0.042618624429156746,0.015297913891959091,77.0,62.702382023241,47.96756059908,1000.0,3.3620449640409973,1.1861857984489241,58.557694497824116
1571,53.1068818386227,45.15546618898901,1.8479720897204635,0.03955133258079337,0.025297209614835486,74.0,53.1068818386227,45.15546618898901,1000.0,3.1200762649062814,1.9615217471759891,58.03053635387219
1572,62.1830420961797,47.0905143846028,1.6327268004428432,0.027686645419344763,0.007446286564091538,74.0,62.1830420961797,47.0905143846028,1000.0,2.1841096011445944,0.5773780291801134,58.03053635387219
1573,62.6026673119091,47.23870199490379,1.085615523585965,0.026801538680946948,0.01441843253678159,75.0,62.6026673119091,47.23870199490379,1000.0,2.1142864031336956,1.117991644600241,58.20856292678215
1575,48.6572891375142,39.1744341536992,1.391941814028463,0.02296602829502674,0.011040360146688383,252.0,48.6572891375142,39.1744341536992,1000.0,1.8117154367960775,0.8560591011462507,74.3732354187606
1576,47.7222339342015,37.9513011157296,2.4385669547664497,0.03553201181716647,0.015914003875289878,240.0,47.7222339342015,37.9513011157296,1000.0,2.8030050944211897,1.2339568340263787,73.72011212830854
1578,49.7523401920342,39.9996207085735,1.4319488882342095,0.021518429864617793,0.00999353346087104,223.0,49.7523401920342,39.9996207085735,1000.0,1.6975190947484808,0.7748891483720645,72.73690504482768
1579,63.7614564562586,53.9590656999314,1.4683028891078436,0.023563799390785605,0.00801090344877507,223.0,63.7614564562586,53.9590656999314,1000.0,1.85887165849643,0.621157889290851,72.73690504482768
1580,54.05292035434308,45.6637629819445,1.0479347370694407,0.018235533365751806,0.01405079050110132,237.0,54.05292035434308,45.6637629819445,1000.0,1.4385420444725623,1.0894850282918562,73.55174905313622
1581,53.4308049017421,47.3643707973943,0.8504054046398392,0.018319078494139666,0.01291542862222602,239.0,53.4308049017421,47.3643707973943,850.4054046398392,1.4451326485084448,1.0014501402454508,73.66422510494066
1582,51.6155693079513,40.36104817563229,0.44445468372734825,0.008434181260197035,0.007603157261220753,673.0,51.6155693079513,40.36104817563229,444.45468372734825,0.6653451867924459,0.5895416349136547,87.54308681184813
1583,49.68114447518127,46.99440820389064,1.5930922331939612,0.02719746087251765,0.008209554771536967,142.0,49.68114447518127,46.99440820389064,1000.0,2.145519419875825,0.6365611252854733,66.70465051935686
1584,48.0697946799814,42.98846939037055,1.644054552164574,0.02709613022870024,0.009441123585849143,145.0,48.0697946799814,42.98846939037055,1000.0,2.13752577424994,0.7320558082642777,66.98370849655186
1585,51.72014805391565,49.92771859193694,1.1693443256017582,0.018740894074381426,0.010857035138000707,138.0,51.72014805391565,49.92771859193694,1000.0,1.4784083106467947,0.8418442530733937,66.32332537662401
1586,51.2355820976046,48.83191210721159,1.605608623655587,0.02606491904567635,0.013332495606966036,139.0,51.2355820976046,48.83191210721159,1000.0,2.056176870779082,1.0337891204354592,66.41967567993736
1587,61.88781329350139,58.54229916873429,1.9018635936881558,0.03885599968727483,0.0148610362943305,54.0,61.88781329350139,58.54229916873429,1000.0,3.0652237096138877,1.1523107220412903,53.86180296793899
1597,44.2067901292008,30.5565765875615,0.8864573530761798,0.016962961117125145,0.00033744411568015345,937.0,44.2067901292008,30.5565765875615,886.4573530761797,1.3381529498647464,0.02616509810532697,91.9855410759492
1604,40.740146353562295,33.3199194184339,2.60126966040195,0.03764330686088727,0.0031998029704630566,42.0,40.740146353562295,33.3199194184339,1000.0,2.9695583082900563,0.24810970098302015,50.55357520583199
1609,71.3111678953115,59.76438414989809,1.4990320401111665,0.022838955063062785,0.0020884995215345635,443.0,71.3111678953115,59.76438414989809,1000.0,1.8016910419379333,0.16194028087802348,81.93281824401143
1611,58.77791138951931,51.04300199106952,2.1953880292765633,0.049735070540235106,0.00464128907854213,,58.77791138951931,51.04300199106952,1000.0,3.9234383015803416,0.3598811727105184,
1613,61.18246256540749,50.61136154670465,1.9058376644327493,0.04004582959690784,0.011389179403565616,,61.18246256540749,50.61136154670465,1000.0,3.159085529635707,0.8831062169592613,
1614,55.250850458101624,47.22368469797328,1.6478574507028831,0.03619008137752116,0.0058223748512367356,,55.250850458101624,47.22368469797328,1000.0,2.8549180662970617,0.45146144830984725,
1615,54.613591813152844,43.00039919346453,2.069595467990276,0.04085225174349493,0.008930810434908431,,54.613591813152844,43.00039919346453,1000.0,3.222701555566601,0.6924866083927994,
1616,52.34641328449254,43.948332595291795,2.1507227555840274,0.04626047138814684,0.008853313540491101,,52.34641328449254,43.948332595291795,1000.0,3.649338451155615,0.686477572374493,
1617,56.033483227649754,43.40998566860065,1.7754641043159636,0.039078706223003114,0.013229530004096013,,56.033483227649754,43.40998566860065,1000.0,3.082792305431637,1.0258052648120235,
1618,56.68123310156216,49.031518185427394,2.131920809428065,0.05074665425890103,0.008089282218478103,,56.68123310156216,49.031518185427394,1000.0,4.0,0.6272353050861187,
1628,,,1.696639452731152,0.03371839000784271,0.020748690842214916,129.0,,,1000.0,2.6599343559263926,1.6088338963902176,65.42360452488421
1629,48.3223438870758,37.4434679313064,1.449677223502118,0.02888654688395761,0.010960260355489197,168.0,48.3223438870758,37.4434679313064,1000.0,2.2787659334519126,0.8498482389692097,68.94999269012395
1631,54.89164135149521,45.2040616796226,0.17562887041694217,0.003086142757730961,5.617487563574097e-06,933.0,54.89164135149521,45.2040616796226,175.62887041694216,0.24345578619479313,0.00043557468148500025,91.9281016306041
1634,47.0629179027856,36.1137270109145,1.5408911757667418,0.030339591426499963,0.023853763235288906,152.0,47.0629179027856,36.1137270109145,1000.0,2.393391901610557,1.8495982778498457,67.61315908618909
1635,55.0483102499461,40.7191952242054,1.476890944681484,0.030674311754544572,0.024287091099636823,193.0,55.0483102499461,40.7191952242054,1000.0,2.4197969019675054,1.883198111290657,70.80427933273006
1636,,,1.4622293182429476,0.03698862837948008,0.015520408049768723,118.0,,,1000.0,2.917912847626731,1.203437785360052,64.23528966695808
1637,68.0070331690978,58.5446015440391,2.592154807698648,0.04628147481460759,0.032722944404350314,702.0,68.0070331690978,58.5446015440391,1000.0,3.650995343303257,2.0,88.109304859497
1638,55.52015168174659,43.64711423641036,2.2688394100007026,0.043559928917846026,0.01155358249307661,72.0,55.52015168174659,43.64711423641036,1000.0,3.4363014201846616,0.8958538772857828,57.66724911037371
1639,60.86525423983783,46.93057406553544,1.8628052866419853,0.029844143944645435,0.01380637418053186,84.0,60.86525423983783,46.93057406553544,1000.0,2.3543076577236,1.0705332175798725,59.71283034666521
1640,60.745101071627595,46.41648318159831,1.8146334448991908,0.031223497172365625,0.01666755907465631,80.0,60.745101071627595,46.41648318159831,1000.0,2.4631203572183713,1.292386792656597,59.06495506633598
1647,74.28504107905,65.0248382126295,1.5089994909758866,0.02125850588128221,0.012296316499098592,1043.0,74.28504107905,65.0248382126295,1000.0,1.677014535276847,0.9534447708017566,93.42457894545556
1648,65.04558283522249,54.89601845923773,1.0033377801460612,0.013997888671575415,0.026940384614716994,1041.0,65.04558283522249,54.89601845923773,1000.0,1.1042480076686936,2.0,93.39880557273544
1649,62.9153159340743,48.995533422434,1.475678269455835,0.023350556693225298,0.046978962473678304,483.0,62.9153159340743,48.995533422434,1000.0,1.8420496341572146,2.0,83.09222712094606
1650,50.9228961818404,34.794219912863,2.4462365619351596,0.040937220492154154,0.03413523243211505,335.0,50.9228961818404,34.794219912863,1000.0,3.229404464385384,2.0,78.18668442523352
1651,55.1024860404458,45.4308045042227,0.9054424114147063,0.01273002137171682,0.0276096912311104,848.0,55.1024860404458,45.4308045042227,905.4424114147063,1.0042300711994525,2.0,90.64561650022827
1652,63.0038245489121,48.887717768825794,2.0241524148866548,0.02307419878221954,0.03950270636380205,486.0,63.0038245489121,48.887717768825794,1000.0,1.8202486554673873,2.0,83.1752807925564
1653,60.16841530394014,49.903863931959606,3.328536514921685,0.062223353351914513,0.015105694593734155,324.0,60.16841530394014,49.903863931959606,1000.0,4.0,1.1712812955635938,77.73929393235018
1654,47.2263426119506,38.9068291370441,1.3957049069636693,0.02954606665188637,0.018201902577985447,163.0,47.2263426119506,38.9068291370441,1000.0,2.330793307496707,1.4113583391331417,68.54633443271796
1655,51.386780627412,42.4020751521831,1.375608259828148,0.03365504044824927,0.011269851830449236,157.0,51.386780627412,42.4020751521831,1000.0,2.654936914768727,0.8738536696123694,68.04537670594179
1656,50.250303534941395,39.8142317539892,1.1655568284140343,0.028372845451535532,0.01867323388788744,161.0,50.250303534941395,39.8142317539892,1000.0,2.2382416946472046,1.4479049238582617,68.38141445251412
1657,42.23993968228,28.195651907982956,2.449936885459401,0.04427543932823265,0.003969104347388813,200.0,42.23993968228,28.195651907982956,1000.0,3.4927457142973903,0.3077606033531912,71.28071234241808
1658,72.0649000140725,66.0235817172215,1.5845190079371754,0.03297741110960604,0.004116531056980638,951.0,72.0649000140725,66.0235817172215,1000.0,2.6014809354642123,0.3191919312103701,92.18466782549248
1659,44.254243426418995,30.497478189022615,1.970758716698143,0.03860323078888346,0.0036803219595428083,209.0,44.254243426418995,30.497478189022615,1000.0,3.0452835915719385,0.2853686896763106,71.8694550603432
1663,49.84595840337559,35.72540747909755,2.0987209072853505,0.03977793668876331,0.00993078566540615,211.0,49.84595840337559,35.72540747909755,1000.0,3.137952327548747,0.7700237435600036,71.99685705455336
1664,52.869586863429525,43.90905929969955,2.213143779402398,0.036762012891676826,0.011522225787540698,358.0,52.869586863429525,43.90905929969955,1000.0,2.9000358872661476,0.8934225079464381,79.07661695148936
1665,39.3284985393486,25.639909280235898,2.557702173852903,0.03784936450257697,0.04336148772270788,210.0,39.3284985393486,25.639909280235898,1000.0,2.9858135268904733,2.0,71.93330700824349
1666,46.4940451399334,35.0718368945585,1.1462019873997276,0.01998176911187582,0.005315229330651802,269.0,46.4940451399334,35.0718368945585,1000.0,1.576296915140517,0.4121378635051876,75.24732447957423
1667,41.5860182232915,32.7247886510924,1.4514178020468218,0.021680606003525657,0.0019874893465592633,275.0,41.5860182232915,32.7247886510924,1000.0,1.7103126440102392,0.15410804728717287,75.54273878340598
1668,52.8899439961014,43.4521259465852,1.0218665985439865,0.022967912547239122,0.001732738258331214,276.0,52.8899439961014,43.4521259465852,1000.0,1.8118640793378413,0.13435488844932933,75.59134935991834
1669,51.4702222030091,46.9187448340448,1.8863108295396014,0.041544555308353256,0.007709904782036462,143.0,51.4702222030091,46.9187448340448,1000.0,3.277315136952564,0.5978187368836024,66.79831507788056
1670,51.405100552896734,42.256891656081066,1.3259128855713282,0.018938848118203323,0.009452466772716057,419.0,51.405100552896734,42.256891656081066,1000.0,1.4940242627113491,0.7329353482633726,81.18591444652135
1671,49.455794560096,40.3026045885905,1.017853182210045,0.016895634921924925,0.013133319619824642,638.0,49.455794560096,40.3026045885905,1000.0,1.3328418048300867,1.0183452024602542,86.82634680729937
1672,52.826617906154056,45.954910740474986,1.6168533007219361,0.0398874676493676,0.003555523815219366,149.0,52.826617906154056,45.954910740474986,1000.0,3.146592869552123,0.27569195940349506,67.34699574005033
1673,52.86547460103209,40.42827034164765,0.958875853018243,0.02011652704122668,0.00297688520691047,511.0,52.86547460103209,40.42827034164765,958.875853018243,1.586927530835112,0.23082486808256442,83.84813447560327
1674,51.33918515473916,44.51012928206524,1.6250878333960075,0.0426129713403271,0.017229378843571546,65.0,51.33918515473916,44.51012928206524,1000.0,3.361599010210118,1.3359497670517786,56.31235232705702
1675,56.231401211514545,47.91141338353769,1.536712438518065,0.0382952918647348,0.028091806210902372,68.0,56.231401211514545,47.91141338353769,1000.0,3.020991289250282,2.0,56.90982001104971
1676,63.2780573934115,53.0254804742226,0.39392684150564355,0.0049785623972089885,0.010825834885074421,652.0,63.2780573934115,53.0254804742226,393.92684150564355,0.3927426297750065,0.8394250149216724,87.1176451074992
1677,41.0709721878849,36.0013692158894,2.342615652460609,0.03787587459930192,0.009277648581868773,65.0,41.0709721878849,36.0013692158894,1000.0,2.9879048223835625,0.7193801108134756,56.31235232705702
1678,47.06577104249134,42.285045018859535,0.8854438691446629,0.024293916292234336,0.011992474316323078,38.0,47.06577104249134,42.285045018859535,885.4438691446629,1.91646821128422,0.9298851348459366,49.24123511164597
1681,47.55975832120293,44.170793272070995,0.8664745348066081,0.02379945482738178,0.009633127166121452,40.0,47.55975832120293,44.170793272070995,866.4745348066081,1.877461751078466,0.7469435845832484,49.91341566036167
1682,49.58598382499956,41.08649778944678,2.5397434403500614,0.04649316973983666,0.0014695765474801983,52.0,49.58598382499956,41.08649778944678,1000.0,3.6676952689064986,0.11394957787485459,53.36393828219709
1683,49.50597094733002,41.49092424992084,2.535676616256199,0.049741568877221955,0.002114365311499846,51.0,49.50597094733002,41.49092424992084,1000.0,3.923950934295121,0.16394588980870306,53.107915117418266
1684,45.8182648726891,42.022969149427,0.8163435023473952,0.023082788468554494,0.01586946173786483,30.0,45.8182648726891,42.022969149427,816.3435023473952,1.8209262679448415,1.2305030787484172,46.15556871687292
1685,56.8493229552277,47.5968892647239,2.382321926614537,0.04710263111546648,0.012564376068726566,82.0,56.8493229552277,47.5968892647239,1000.0,3.7157736988454984,0.9742298567210965,59.39279594742783
1686,58.5973274689583,48.6062242494613,2.261155972853127,0.026269969554575844,0.0056827550003574435,1140.0,58.5973274689583,48.6062242494613,1000.0,2.072352639942292,0.4406354569057759,94.61873550289467
1687,61.9068183055124,49.881128264595404,1.6464674943370792,0.030250432873218654,0.016177314899763845,547.0,61.9068183055124,49.881128264595404,1000.0,2.386358472702994,1.2543737222381908,84.76144639504749
1688,70.3533412987335,58.346925735052,2.3846155401861,0.04756483498676905,0.021238250455184543,688.0,70.3533412987335,58.346925735052,1000.0,3.7522354621869245,1.6467938865235099,87.83893462725906
1689,61.1981498333737,49.4238046650894,1.6615251135962839,0.029731965292943915,0.017693744802648213,1096.0,61.1981498333737,49.4238046650894,1000.0,2.345458247962547,1.3719562650507888,94.09016370250849
1690,69.0926985257757,57.4175859378081,2.4357116448384106,0.048892693994326775,0.01886482302860639,1132.0,69.0926985257757,57.4175859378081,1000.0,3.856985949775673,1.4627605649255908,94.52416477145609
1691,61.69597217674949,49.633375166485095,1.6716283302396033,0.03010213245159717,0.011422492558842944,1329.0,61.69597217674949,49.633375166485095,1000.0,2.374659533744829,0.8856892875642187,96.67886044818508
1692,69.2146964652409,56.6911476193075,2.465099851576954,0.04986237275948214,0.011709632816032654,1317.0,69.2146964652409,56.6911476193075,1000.0,3.9334807605020785,0.9079538719805575,96.55703958626391
1693,58.6636938657227,51.3000910011779,2.23759494010984,0.034631774207526514,0.013009864679466862,439.0,58.6636938657227,51.3000910011779,1000.0,2.731988271084684,1.0087726229546439,81.8111811264734
1694,46.7890255303473,35.8740673835046,1.3253211516066572,0.03266091310085196,0.007513272819136842,,46.7890255303473,35.8740673835046,1000.0,2.5765134347362277,0.5825720801459632,
1696,62.0134360352397,47.87110778051159,0.4207297768236443,0.00906109727957469,0.012179812590252229,1202.0,62.0134360352397,47.87110778051159,420.72977682364433,0.7148005569283088,0.9444111677161763,95.3299339903152
1697,52.8934976156381,41.5404900311116,1.8443363378896083,0.034919438194470485,0.007611070947091941,,52.8934976156381,41.5404900311116,1000.0,2.754681149411824,0.5901552546437752,
1698,50.5830571969944,42.252924124721,1.8140681847753173,0.030959704652116306,0.004912812858415829,,50.5830571969944,42.252924124721,1000.0,2.4423106214248067,0.38093487022130407,
1699,52.8230427316127,44.1012040290925,1.6814562373954491,0.030478509026364002,0.005425423413376594,,52.8230427316127,44.1012040290925,1000.0,2.40435066021188,0.4206822086312219,
1700,53.1481502596455,44.6091665630474,2.00915697538297,0.03680544952779556,0.0063273355864596,,53.1481502596455,44.6091665630474,1000.0,2.9034624625175525,0.4906156269204698,
1701,58.3651704735545,48.073126154615,1.8781485484942542,0.03279230898247246,0.009930511588834963,,58.3651704735545,48.073126154615,1000.0,2.586878829396777,0.7700024919214649,
1702,58.2319317744096,46.8531022722567,1.4647153197426455,0.03564230605411151,0.008332884823869817,,58.2319317744096,46.8531022722567,1000.0,2.8117058488179025,0.6461240210915532,
1703,62.4844423948418,51.9896220270853,2.0088417766680733,0.03168113384530393,0.017335917644057782,302.0,62.4844423948418,51.9896220270853,1000.0,2.499221829103515,1.3442106850444588,76.79719563022604
1704,57.9207783762002,47.1848882250137,1.7583315145967817,0.024447795084234367,0.01470712174150454,280.0,57.9207783762002,47.1848882250137,1000.0,1.928607209777153,1.1403763329457461,75.78405244219677
1705,60.2545190527632,49.3997682610238,1.2944385726904615,0.02140014710155639,0.012762094285951264,300.0,60.2545190527632,49.3997682610238,1000.0,1.6881881514529158,0.9895607405934296,76.70818331976895
1706,67.9677110850128,57.1307109279255,1.2509515741253676,0.02235803168422941,0.010123050334553145,304.0,67.9677110850128,57.1307109279255,1000.0,1.7637525574008732,0.7849317644637899,76.88562232913901
1707,49.829671971277,36.1609493998552,2.1339822498633993,0.04424541366025657,0.02018475419528948,80.0,49.829671971277,36.1609493998552,1000.0,3.4903770867979564,1.5651067812729424,59.06495506633598
1708,63.92123374789891,50.397271011323035,1.6911981230369422,0.03281155447385812,0.02600273352444796,82.0,63.92123374789891,50.397271011323035,1000.0,2.588397043751659,2.0,59.39279594742783
1709,63.09650273388331,49.717744715058046,1.377619598140723,0.027196038574306833,0.02815527354447602,77.0,63.09650273388331,49.717744715058046,1000.0,2.14540721938599,2.0,58.557694497824116
1710,63.7639496951071,50.0797710629691,1.8693751687261908,0.03309529543920069,0.012555180507941062,79.0,63.7639496951071,50.0797710629691,1000.0,2.6107804476366865,0.9735168416205034,58.89798633835666
1711,54.5784876665044,41.013934740383,1.0832951803418593,0.017978098890563444,0.030522149611353633,80.0,54.5784876665044,41.013934740383,1000.0,1.4182338742190557,2.0,59.06495506633598
1712,62.2275349310414,48.9690707825135,2.618506519621964,0.060064599634223094,0.017756732680334134,79.0,62.2275349310414,48.9690707825135,1000.0,4.0,1.376840285611576,58.89798633835666
1713,49.6691984318283,36.2719089712532,2.1376553149477484,0.04424901037553511,0.009551349731648657,76.0,49.6691984318283,36.2719089712532,1000.0,3.4906608199932734,0.7406026395308513,58.38426228823187
1714,52.7544981483678,39.2391179110437,2.449464371707248,0.0524621276830111,0.023161860814534013,82.0,52.7544981483678,39.2391179110437,1000.0,4.0,1.795948817458826,59.39279594742783
1715,48.195973723038,35.1073612433923,1.66407978859521,0.028287259774427278,0.015801623126725433,76.0,48.195973723038,35.1073612433923,1000.0,2.2314901183452958,1.2252429368958508,58.38426228823187
1716,47.743277332513,34.6948795032281,1.6437991212574017,0.03060273741745925,0.015943056312125236,83.0,47.743277332513,34.6948795032281,1000.0,2.414150634806718,1.2362095325464397,59.553765652877246
1718,45.596040679949695,31.8823967956145,1.483455305747775,0.03305272122380526,0.011289865001514623,86.0,45.596040679949695,31.8823967956145,1000.0,2.607421905957188,0.8754054719997636,60.02542140651529
1719,40.6362158094247,27.590915948253702,1.281072184210234,0.022816397515380605,0.007607656944437376,81.0,40.6362158094247,27.590915948253702,1000.0,1.799911550210976,0.5898905361015405,59.22987504653981
1720,48.2155662078185,35.0566423123231,1.5668975394915712,0.02662999306411616,0.00502357908828807,74.0,48.2155662078185,35.0566423123231,1000.0,2.1007537261668934,0.38952357909691376,58.03053635387219
1721,46.8302457628825,33.7630896337143,1.2707446905647277,0.029272157820754176,0.005760240903243587,82.0,46.8302457628825,33.7630896337143,1000.0,2.309185528769707,0.44664364065113266,59.39279594742783
1722,44.1411799580045,24.515820036729103,1.4753074028960547,0.03317306430355117,0.008052542525000718,83.0,44.1411799580045,24.515820036729103,1000.0,2.616915380949312,0.6243865439445654,59.553765652877246
1723,38.3992970101825,23.820885374892804,1.6774013838452564,0.03273120755263217,0.009754384053890203,82.0,38.3992970101825,23.820885374892804,1000.0,2.5820587358991154,0.7563457291665703,59.39279594742783
1724,46.9393554396964,34.0477819735603,1.5428756070481422,0.032311438390353366,0.006090458371255762,81.0,46.9393554396964,34.0477819735603,1000.0,2.5489445090322893,0.4722483913198947,59.22987504653981
1725,68.0447428005975,57.5409430188721,1.033881855977456,0.01823197384107324,0.014118457797289041,317.0,68.0447428005975,57.5409430188721,1000.0,1.4382612451229766,1.0947318865448301,77.44663643495922
1726,54.5541599892265,44.3824757532725,1.3260670666839254,0.02297021930703801,0.010283857038726644,276.0,54.5541599892265,44.3824757532725,1000.0,1.8120460521318718,0.7974005644670531,75.59134935991834
1727,50.35923758422135,44.49172578903181,0.5223003071324033,0.012169846644150672,0.004448745202481628,177.0,50.35923758422135,44.49172578903181,522.3003071324033,0.9600397049681961,0.3449515023662942,69.64736689149262
1728,36.2737454231695,28.0895916491696,0.43543675375789137,0.007709758675623991,0.013309977356912448,244.0,36.2737454231695,28.0895916491696,435.4367537578914,0.6081978401822833,1.0320430765886883,73.94136502151805
1729,58.2709303914778,50.756091765129,0.5212628013996391,0.008818549391919563,0.012050956878887355,201.0,58.2709303914778,50.756091765129,521.2628013996391,0.6956667412514278,0.9344198175262405,71.3474162498202
1730,46.738104863727,32.8522620808511,2.171569481035076,0.03512433345984423,0.010873707991702139,140.0,46.738104863727,32.8522620808511,1000.0,2.7708446719171254,0.8431370504064111,66.5153402101566
1731,66.5712234005278,54.5526117442468,2.092330045694066,0.037745024271854284,0.003992624180099384,126.0,66.5712234005278,54.5526117442468,1000.0,2.977582464721135,0.30958430897346134,65.109797047118
1732,63.7647126896519,49.5882534764543,2.030970648404704,0.035717321914215665,0.010495263161218007,134.0,63.7647126896519,49.5882534764543,1000.0,2.8176236065603093,0.8137927955892467,65.9308650933961
1733,55.8658545575365,46.56501892249571,1.4033328778128193,0.024861573275472556,0.003805816833809987,127.0,55.8658545575365,46.56501892249571,1000.0,1.9612488283820608,0.2950994437310909,65.215215703247
1734,46.68297266057306,41.50998194347931,1.3707113120903058,0.03013853325059899,0.005107962567810536,284.0,46.68297266057306,41.50998194347931,1000.0,2.377531074640631,0.39606659442175923,75.97403171465398
1735,46.16799010265977,39.546961197778685,1.4882830675917214,0.035921526896269824,0.010146641740834947,227.0,46.16799010265977,39.546961197778685,1000.0,2.8337326748548173,0.7867610198311913,72.97480169336615
1736,42.098008373414295,34.08546660265436,1.5481996177909585,0.03695202259008744,0.004190190097365934,236.0,42.098008373414295,34.08546660265436,1000.0,2.915025135704286,0.32490338365084565,73.49515608634763
1737,59.3276294264555,50.0475275380899,2.029220028679529,0.03173469286672508,0.01853259366745581,440.0,59.3276294264555,50.0475275380899,1000.0,2.503446926479599,1.4369998139625646,81.84169376104194
1738,50.074803221101604,38.8188315427991,1.5144448514163438,0.03311446929237735,0.019464078543162247,194.0,50.074803221101604,38.8188315427991,1000.0,2.612293010685759,1.5092262716898304,70.87338390529007
1739,48.8961129488301,38.3252137373436,1.5123490436140037,0.0328202150498733,0.014727591725575705,189.0,48.8961129488301,38.3252137373436,1000.0,2.589080248485916,1.141963556182272,70.52425233424812
1740,63.8180395096731,52.5859985813844,1.482406839779138,0.03227117221835293,0.018504956838010293,199.0,63.8180395096731,52.5859985813844,1000.0,2.545768041405552,1.4348568803028543,71.21367574582263
1741,64.2437550570118,55.31529357430862,1.3355450556144282,0.023118342210576966,0.010368791295704222,405.0,64.2437550570118,55.31529357430862,1000.0,1.8237309872646346,0.803986286555708,80.73025014004641
1742,58.64167798597556,49.58771816243279,1.3034477444340333,0.026598714118816445,0.017304055284303257,363.0,58.64167798597556,49.58771816243279,1000.0,2.0982862316868633,1.3417401077544562,79.26252323135523
1743,71.5416406537953,62.2208709641345,2.091604440606156,0.043922843159024,0.01681879456479631,277.0,71.5416406537953,62.2208709641345,1000.0,3.4649305468463947,1.3041134497611202,75.63978476280214
1744,71.0786738025723,61.64826941404661,2.5591276553827127,0.0533156321688852,0.011973315922041417,257.0,71.0786738025723,61.64826941404661,1000.0,4.0,0.9283996110432476,74.63627335859412
1745,36.492124829424,33.1996653719224,1.9978527080658608,0.045092185082268504,0.016184482582812583,173.0,36.492124829424,33.1996653719224,1000.0,3.5571761361150296,1.254929497613856,69.34188079269343
1746,47.02843577691381,42.1468345743634,2.884663867531857,0.05413538884801085,0.0070403390971471745,170.0,47.02843577691381,42.1468345743634,1000.0,4.0,0.5459012459006088,69.10812168759387
1747,45.0914411461586,39.4924816611957,1.7014262131522655,0.03957791196129694,0.014756019360595795,141.0,45.0914411461586,39.4924816611957,1000.0,3.1221730259718075,1.1441678081595332,66.61032866030953
1748,51.0428668521607,39.8607729890743,1.3885295147703862,0.030615740523383367,0.014849463073295908,558.0,51.0428668521607,39.8607729890743,1000.0,2.4151764076319706,1.1514133454100386,85.02857155089397
1750,42.8905891091572,30.6091768848427,1.6849918588742976,0.029306655841080748,0.02144235047988382,525.0,42.8905891091572,30.6091768848427,1000.0,2.3119069656312163,1.6626196097215342,84.21072165869612
1751,48.3484601587601,36.8828253401344,1.6154527349673344,0.02689083419828949,0.008150659085895856,372.0,48.3484601587601,36.8828253401344,1000.0,2.121330636691538,0.6319944094318745,79.59080898823547
1752,51.282799335791,40.3966809116024,1.3015488641866886,0.021991214669060673,0.01500889964045035,375.0,51.282799335791,40.3966809116024,1000.0,1.734815553565318,1.1637759062825674,79.69847960210701
1753,65.791972201612,53.3855072778877,0.6482745458849712,0.012396364479745643,0.006816102067470459,361.0,65.791972201612,53.3855072778877,648.2745458849712,0.9779089618629946,0.5285141183505774,79.188468995784
1754,55.4356304316428,44.0166451937936,0.6371881055065587,0.011778829175674665,0.008296951205248647,339.0,55.4356304316428,44.0166451937936,637.1881055065587,0.9291936059129097,0.6433377622332317,78.34574911902149
1755,51.7692191233232,40.4437269319699,1.5464477987288623,0.031937090932649854,0.010488252661557845,310.0,51.7692191233232,40.4437269319699,1000.0,2.5194134530249395,0.8132492080651146,77.14746456617286
1756,52.0695919468546,40.356965355890196,1.4216621400342102,0.028645895672607787,0.017876731195848938,294.0,52.0695919468546,40.356965355890196,1000.0,2.2597817404131635,1.3861448571985182,76.43755384640684
1757,65.4579419114982,53.34423639974689,0.5359555990021267,0.01660068658422982,0.0058486184646599345,351.0,65.4579419114982,53.34423639974689,535.9555990021267,1.3095742877132817,0.45349635331470184,78.8119511051856
1758,57.0829927378367,45.5472499753744,0.3767506114343185,0.007800646463233767,0.011148264802351496,342.0,57.0829927378367,45.5472499753744,376.7506114343185,0.6153676827738528,0.8644259262596659,78.46382434181092
1759,52.9910999701885,40.6727208207553,0.4935187632169155,0.010447408998596528,0.00700266963030579,302.0,52.9910999701885,40.6727208207553,493.5187632169155,0.8241621892183402,0.5429803910103299,76.79719563022604
1761,65.5503302880644,55.2087700395556,1.523706453659415,0.028251812953004038,0.01154187210573689,622.0,65.5503302880644,55.2087700395556,1000.0,2.228693833644569,0.8949458649087478,86.48551561925144
1762,54.36218243708589,42.029553481336,1.5569774106172667,0.0274323886197854,0.004054409251093308,791.0,54.36218243708589,42.029553481336,1000.0,2.16405210740843,0.31437506503907575,89.71150986599731
1763,63.66736270353441,54.4359842760041,2.757660031549039,0.04624179903290895,0.019113089775886823,385.0,63.66736270353441,54.4359842760041,1000.0,3.6478654496513387,1.4820109340890588,80.05127701518865
1764,56.7743785314294,47.6197415903532,1.262340231779183,0.01852111596279578,0.0044145121233835774,740.0,56.7743785314294,47.6197415903532,1000.0,1.4610707287055658,0.3422971017368966,88.81687926607184
1765,53.523709214941405,45.9612162706933,1.2405533922923513,0.013596589042284866,0.028596585811222746,591.0,53.523709214941405,45.9612162706933,1000.0,1.072590782317122,2.0,85.79949824978371
1766,54.2855990720968,43.3536971222608,0.5068472071768023,0.009441289412711964,0.01368057710448462,302.0,54.2855990720968,43.3536971222608,506.8472071768023,0.7447926804119495,1.0607790310844138,76.79719563022604
1767,52.7035148125767,42.5301578357145,0.5108129504509386,0.011899467126797724,0.008509087554812124,296.0,52.7035148125767,42.5301578357145,510.81295045093856,0.9387103423509827,0.6597866144730954,76.52837047404688
1768,58.1216543087423,48.7794271742318,0.5015151432157592,0.011394069684253879,0.016000064992939572,301.0,58.1216543087423,48.7794271742318,501.51514321575917,0.8988411783574757,1.240629931827535,76.75276316081961
1769,50.9351229726296,47.2769727987322,2.5931990200189907,0.0416890217369893,0.010726990453994483,99.0,50.9351229726296,47.2769727987322,1000.0,3.288711624647191,0.83176071106751,61.89721635964448
1770,41.4586207999472,39.7490249380483,1.485166363958927,0.03531514179174299,0.016066440676594764,95.0,41.4586207999472,39.7490249380483,1000.0,2.785896921959208,1.2457766396643146,61.34853569747471
1771,50.277731049885084,40.8404253230432,2.750761029847767,0.05035566832612061,0.0032620698663907884,54.0,50.277731049885084,40.8404253230432,1000.0,3.9723952467816024,0.252937817299049,53.86180296793899
1772,44.2100790247219,40.9469240158245,2.4901299732427713,0.04850560243861046,0.004372032392446048,49.0,44.2100790247219,40.9469240158245,1000.0,3.826449553236594,0.33900326351059346,52.58075697346634
1774,56.982235629911486,45.92945760640488,2.8830508154440557,0.05429008205350599,0.005500745806265404,50.0,56.982235629911486,45.92945760640488,1000.0,4.0,0.4265226358542343,52.8469203196051
1775,55.47939966525858,45.85128812877965,2.58694203415912,0.050404819836506895,0.007967913863789202,82.0,55.47939966525858,45.85128812877965,1000.0,3.976272649916561,0.6178245174630587,59.39279594742783
1776,48.9390009689535,36.8677192086027,1.1551188510029426,0.029425033154312972,0.009100867248735291,75.0,48.9390009689535,36.8677192086027,1000.0,2.3212453676828986,0.7056726531643628,58.20856292678215
1777,68.4600563157679,57.5980665118868,1.956306668085895,0.02923754120163413,0.006691163637098099,309.0,68.4600563157679,57.5980665118868,1000.0,2.306454736034288,0.518826510429991,77.10417689669517
1779,47.8194240065244,34.8180110267313,1.57726954531287,0.02946438247197104,0.004442067518910222,79.0,47.8194240065244,34.8180110267313,1000.0,2.3243495076461826,0.3444337210874297,58.89798633835666
1780,37.6030154962567,23.5780162853072,1.722931994055323,0.028100867598133242,0.00960583737862787,81.0,37.6030154962567,23.5780162853072,1000.0,2.2167862444863995,0.7448275602288041,59.22987504653981
1781,48.64023596090928,41.61800305634153,2.1134663900507538,0.04183158326789534,0.01634253630173297,178.0,48.64023596090928,41.61800305634153,1000.0,3.2999578411421733,1.2671848337400415,69.72266574252166
1782,44.713312412275,39.3310974188727,2.029961186816245,0.03333634240649485,0.016687690739430695,252.0,44.713312412275,39.3310974188727,1000.0,2.6297958605774725,1.2939477829343016,74.3732354187606
1783,46.1112179748178,40.6489570485699,1.8056667941753681,0.02779039964642451,0.031148548968206898,256.0,46.1112179748178,40.6489570485699,1000.0,2.1922944353883946,2.0,74.58407597355546
1784,46.17443606784279,40.868450086746094,1.8532026882551247,0.03151803966106718,0.020234805178216502,268.0,46.17443606784279,40.868450086746094,1000.0,2.486355858225243,1.5689876872295152,75.19745128782426
1785,52.7042314594989,41.33260790432389,1.6223989442908322,0.03153201806882194,0.007430745028978575,93.0,52.7042314594989,41.33260790432389,1000.0,2.487458569446609,0.576172953222222,61.06556082975073
1786,53.8946618777453,48.7754008155919,2.377150559460757,0.039587122007683814,0.008795271562758882,81.0,53.8946618777453,48.7754008155919,1000.0,3.122899576640402,0.681977052226054,59.22987504653981
1787,49.1330331989304,46.550043646712,2.413632303453596,0.04670246451218034,0.009262398627470771,80.0,49.1330331989304,46.550043646712,1000.0,3.68420585423822,0.7181976437489035,59.06495506633598
1788,50.5126326790186,45.7861646007225,2.160246872505965,0.04151970098118729,0.009456116105628597,80.0,50.5126326790186,45.7861646007225,1000.0,3.2753544597462443,0.733218314091605,59.06495506633598
1789,50.59183477800539,45.063990998081,2.2205039720844204,0.044078966107363594,0.007610798910208176,81.0,50.59183477800539,45.063990998081,1000.0,3.4772465795496292,0.5901341611606732,59.22987504653981
1790,51.5900680513129,45.59062062397119,2.2244081913887164,0.0435273484526324,0.01136608393539673,81.0,51.5900680513129,45.59062062397119,1000.0,3.433731253022658,0.8813154161648561,59.22987504653981
1791,64.0040771480241,52.7789323707793,1.2813285882011853,0.029951363032074216,0.014942288617187851,79.0,64.0040771480241,52.7789323707793,1000.0,2.362765823555259,1.1586109504348516,58.89798633835666
1792,63.6373796763268,52.5294115802292,1.1354713844841005,0.02709441498550556,0.004879912718595904,79.0,63.6373796763268,52.5294115802292,1000.0,2.1373904642810704,0.3783838244449325,58.89798633835666
1793,49.3477206840937,38.3329644974583,1.5818976397788336,0.03500562752147535,0.0047409830261412,79.0,49.3477206840937,38.3329644974583,1000.0,2.7614803456949533,0.36761134727343614,58.89798633835666
1794,50.5787883098067,40.7036371571471,1.6689498907914737,0.03523911404394263,0.010876340583155876,92.0,50.5787883098067,40.7036371571471,1000.0,2.7798993396804916,0.8433411790619648,60.921807483456924
1795,64.7853258316029,53.63700456360769,1.4716800243864947,0.03486313451816827,0.0086298585893335,78.0,64.7853258316029,53.63700456360769,1000.0,2.750239535119849,0.6691510864543725,58.728917319763646
1796,53.0083691212957,41.5580495390589,1.886973152934941,0.029529337276880802,0.006834403289920605,79.0,53.0083691212957,41.5580495390589,1000.0,2.3294735813970884,0.5299331778588172,58.89798633835666
1797,65.4185782437627,54.1491887457077,1.4737501712126109,0.03509547934914804,0.013499520818108015,81.0,65.4185782437627,54.1491887457077,1000.0,2.7685684647692557,1.046740097597364,59.22987504653981
1798,54.09396786036281,42.9772431424795,0.5398114721918962,0.016834547612644926,0.015388151772897166,79.0,54.09396786036281,42.9772431424795,539.8114721918962,1.328022825257599,1.1931827585316406,58.89798633835666
1799,52.0925183973461,42.5051263952625,1.4969995587831475,0.031178808217664944,0.008954156257738774,105.0,52.0925183973461,42.5051263952625,1000.0,2.4595949906183905,0.6942968214512618,62.68039766837523
1800,47.4313481459323,36.4193167092444,1.517812830195872,0.029839915493075818,0.0068856352966489625,85.0,47.4313481459323,36.4193167092444,1000.0,2.3539740889025564,0.5339056592857887,59.87003459201013
1801,48.96695452475241,36.9235383993848,1.337396174026046,0.027580276912252795,0.007436072266945664,89.0,48.96695452475241,36.9235383993848,1000.0,2.1757185348351795,0.5765860222240576,60.48108571299023
1802,46.023953091707,34.3233731945723,1.4162980102654141,0.029583274372646143,0.0045345708252107625,89.0,46.023953091707,34.3233731945723,1000.0,2.333728503831159,0.3516063401136713,60.48108571299023
1803,69.6366906270079,60.3517336180559,1.4058936305996532,0.020504799190352415,0.01309831630118267,972.0,69.6366906270079,60.3517336180559,1000.0,1.6175570605566882,1.0156310781839033,92.47793349056097
1804,65.1544474604503,57.3320000897446,0.43655148551714384,0.007432844871453865,0.0014159005650897407,,65.1544474604503,57.3320000897446,436.5514855171438,0.5863530088848498,0.10978759288271646,
1805,65.7026861769705,59.7653746783423,1.6409587592608352,0.029557958217470672,0.0003499473793363609,,65.7026861769705,59.7653746783423,1000.0,2.331731394512015,0.027134589363285447,
1806,61.56150682440091,48.4263086911438,1.5078795892998245,0.032056732800707706,0.017991505803913586,209.0,61.56150682440091,48.4263086911438,1000.0,2.5288516117027493,1.3950443719343404,71.8694550603432
1807,66.3291132425743,53.328490189527,1.641609102578253,0.03542638438612404,0.016527731889110532,206.0,66.3291132425743,53.328490189527,1000.0,2.794672489196188,1.2815447247182576,71.67605877763371
1808,63.0842872083346,50.5504542050791,2.154170474664237,0.04955846704622088,0.018920362190520814,220.0,63.0842872083346,50.5504542050791,1000.0,3.9095066250976918,1.4670670190987491,72.55567789808308
1809,54.8609004402129,41.8753856372929,2.2360946775126096,0.05240436434246484,0.019832417194834733,148.0,54.8609004402129,41.8753856372929,1000.0,4.0,1.5377869029444868,67.25709032286147
1810,63.22790791381961,50.2192649728069,2.1605560059795894,0.048621574481005875,0.020795929596338105,345.0,63.22790791381961,50.2192649728069,1000.0,3.8355982112781777,1.612496744780729,78.58087132028928
1811,49.98581239413238,43.10805059224022,2.7941347754306514,0.04391148019253002,0.01155015871946828,155.0,49.98581239413238,43.10805059224022,1000.0,3.464034159297774,0.8955884011130191,67.87415388400225
1812,48.367225692855946,41.4518989056182,2.205102148222779,0.03738730387886769,0.012035287901850301,141.0,48.367225692855946,41.4518989056182,1000.0,2.9493630638867767,0.9332048598418895,66.61032866030953
1813,45.81844080650802,39.28405834149573,2.168845958545315,0.03764560386494048,0.012984307552854601,130.0,45.81844080650802,39.28405834149573,1000.0,2.969739511484972,1.0067909474889087,65.52659973963482
1815,56.3275572193384,49.0867079419573,2.3663687565374674,0.04897231065485361,0.021313860842660005,185.0,56.3275572193384,49.0867079419573,1000.0,3.863266649731697,1.6526566445748383,70.23826686963507
1816,54.446416945266606,47.25898339564519,2.551719519107896,0.05572853210062637,0.009264791014465973,138.0,54.446416945266606,47.25898339564519,1000.0,4.0,0.7183831471775503,66.32332537662401
1817,58.99670973155722,45.50203090517173,0.4153939298479369,0.009509321018195717,0.020016420209571978,546.0,58.99670973155722,45.50203090517173,415.3939298479369,0.7501594729744939,1.5520543229662345,84.73689696401244
1818,61.5589166356325,42.9810780716938,1.2441597092962682,0.023780018762695407,0.023504664148293136,409.0,61.5589166356325,42.9810780716938,1000.0,1.8759285030143897,1.8225294642736674,80.86202384018391
1819,61.4622300527266,43.0729209733311,1.4683062556901068,0.02763237177867316,0.024774818963706556,398.0,61.4622300527266,43.0729209733311,1000.0,2.1798281297751125,1.921016069343842,80.49649103494684
1820,61.7893711779688,43.3865751869,1.3770980528688874,0.020943421737919365,0.033141895592783376,393.0,61.7893711779688,43.3865751869,1000.0,1.6521585698009291,2.0,80.32699560148868
1821,62.36378798074411,44.1215854370965,1.6657413686681515,0.027286856868629354,0.03767962722466817,377.0,62.36378798074411,44.1215854370965,1000.0,2.152571579877666,2.0,79.76978379986711
1822,64.5307317902952,46.6848296848478,1.417895234622594,0.027283454369341913,0.03519065597101951,372.0,64.5307317902952,46.6848296848478,1000.0,2.1523031677515654,2.0,79.59080898823547
1823,61.7116610892424,54.5410613945798,2.2812722217363084,0.03226617603735951,0.009639876560553822,176.0,61.7116610892424,54.5410613945798,1000.0,2.545373908901903,0.7474669262545607,69.57164381934672
1824,46.7260038228701,39.7260038228701,2.5183926329652233,0.03498364363206595,0.005233273631975076,184.0,46.7260038228701,39.7260038228701,1000.0,2.759746108007348,0.4057830960147397,70.16580949871523
1825,58.386418917795396,51.0445894081655,1.9144625872191752,0.04339356909797025,0.005968551464381471,743.0,58.386418917795396,51.0445894081655,1000.0,3.423177833909327,0.46279584486889613,88.87118564199135
1826,59.65394698339825,51.99677017753431,2.2103701221157745,0.03653499135827105,0.005835085212620361,225.0,59.65394698339825,51.99677017753431,1000.0,2.8821268952857872,0.45244699773004204,72.85637969598582
1827,58.288268397448036,50.41455400431189,2.229651192513199,0.03619324521380387,0.017966318663497786,225.0,58.288268397448036,50.41455400431189,1000.0,2.8551676510732906,1.393091384848927,72.85637969598582
1828,49.0204427002121,39.7163171715219,0.5986742639284756,0.009415737484925506,0.0008862391732072638,1403.0,49.0204427002121,39.7163171715219,598.6742639284755,0.742776971756716,0.06871814867778338,97.40663141717023
1829,58.80524693015282,52.52087888067504,1.6136346078515567,0.029639891535891038,0.006922249118503893,286.0,58.80524693015282,52.52087888067504,1000.0,2.3381948480906316,0.5367446604605884,76.06802377429865
1830,53.0108044510517,43.13260661759371,0.12954791651506667,0.0007081750526360081,0.010244430119087544,847.0,53.0108044510517,43.13260661759371,129.54791651506667,0.055865631546416106,0.7943434383462773,90.62977582690965
1831,70.0000807199189,63.0277951085825,1.285728973299658,0.020269430733248536,0.00023832439400092338,920.0,70.0000807199189,63.0277951085825,1000.0,1.5989896068554181,0.01847944847803287,91.73970983822706
1832,56.8315409909135,48.9343825891971,1.6732330651140603,0.026689737047480736,0.010952040259964605,102.0,56.8315409909135,48.9343825891971,1000.0,2.1054667351176284,0.8492108605238853,62.29451059716119
1833,56.74778379884471,48.7926254255158,0.4892454756270504,0.009764088357416236,0.0050445900541753255,92.0,56.74778379884471,48.7926254255158,489.2454756270504,0.7702572415275889,0.3911527495526487,60.921807483456924
1834,64.99355738097066,52.18712862083342,1.2546179714196666,0.023934531736298573,0.020857015246778347,367.0,64.99355738097066,52.18712862083342,1000.0,1.8881175300357813,1.6172332684370243,79.40941878917829
1835,48.439483814869,35.0271496879341,0.6342771511504318,0.008438045093486883,0.013257954015058204,364.0,48.439483814869,35.0271496879341,634.2771511504318,0.6656499920607535,1.0280092357832569,79.29939790401781
1836,55.022860885139494,47.2690323184057,2.5650590914141236,0.03678137942856154,0.006973188401872796,278.0,55.022860885139494,47.2690323184057,1000.0,2.901563650507601,0.5406944443946659,75.68804625004091
1837,55.03425733312531,48.060301119435906,2.0781555705596317,0.03701892608276607,0.009997263880351659,353.0,55.03425733312531,48.060301119435906,1000.0,2.920302935108883,0.7751784015762215,78.88810320552487
1838,63.0175124291317,52.2556714299394,2.48274820255776,0.03640934184829104,0.01182070394298222,247.0,63.0175124291317,52.2556714299394,1000.0,2.872214813234319,0.9165662222876504,74.10494687540735
1839,68.10925574612651,57.324840508339996,1.5891697271717657,0.02679207421384451,0.014104850271794277,227.0,68.10925574612651,57.324840508339996,1000.0,2.1135397820405637,1.093676771866586,72.97480169336615
1840,67.06535860397071,56.786400832290276,2.12254167951896,0.04351649827678835,0.013133198499807855,223.0,67.06535860397071,56.786400832290276,1000.0,3.4328753178641667,1.0183358109285174,72.73690504482768
1841,54.1883194041055,43.537136956345,1.61797045349529,0.03926690863479054,0.02115925778327598,263.0,54.1883194041055,43.537136956345,1000.0,3.0976389828935544,1.6406688693308897,74.94527109941332
1842,49.76644039495031,39.057989434023675,1.9296053360051375,0.032710152071275714,0.012776243624247851,259.0,49.76644039495031,39.057989434023675,1000.0,2.580397737309694,0.9906578669247317,74.74006391106235
1843,52.49264242720766,42.08881025070498,1.156229336772024,0.023045975651274475,0.01723798755614959,247.0,52.49264242720766,42.08881025070498,1000.0,1.8180222242642627,1.3366172784964845,74.10494687540735
1844,55.9491636766639,45.6827180165584,1.5879144956796432,0.03818594908548975,0.021123159057432405,238.0,55.9491636766639,45.6827180165584,1000.0,3.0123655922636012,1.6378698082144418,73.60810473215558
1845,62.21755052381704,51.992476414493225,2.2086653458211334,0.04464108970282981,0.012726617086660248,450.0,62.21755052381704,51.992476414493225,1000.0,3.521590685644543,0.9868098720590037,82.14306983465656
1846,62.702639893973824,52.312386780367,2.518722482089021,0.04754803156475926,0.015173397262258657,418.0,62.702639893973824,52.312386780367,1000.0,3.750909894759459,1.1765308965541623,81.15387436041927
1847,57.12517952591248,47.48531419324243,2.5960739572970453,0.0468907090539906,0.009941864118219592,436.0,57.12517952591248,47.48531419324243,1000.0,3.6990558552009074,0.7708827563305618,81.71922539889158
1848,57.12290480812838,47.09932892548707,1.4717719403975593,0.031713978026389436,0.005571630933244846,461.0,57.12290480812838,47.09932892548707,1000.0,2.501812799954771,0.4320190016684293,82.466960440994
1849,74.9273322433207,66.3759569768311,2.6878128213554175,0.04806333167937471,0.014086605335182207,48.0,74.9273322433207,66.3759569768311,1000.0,3.791560248413938,1.0922620767090838,52.30921622787394
1850,71.8638660250272,63.2621659282923,2.9709736306484,0.05447679023288192,0.011708139344689877,46.0,71.8638660250272,63.2621659282923,1000.0,4.0,0.9078380696228175,51.74910144357259
1851,66.2929767129825,58.30020230556299,1.5069667267616216,0.02742862704173273,0.012984183653296911,337.0,66.2929767129825,58.30020230556299,1000.0,2.163755368723918,1.006781340434195,78.2664520763021
1852,57.4965816428177,52.481697656813004,1.4453501658524015,0.03144994448149023,0.009627037793121653,339.0,57.4965816428177,52.481697656813004,1000.0,2.480984050508814,0.7464714203506064,78.34574911902149
1853,65.63731331345475,56.12611287332059,1.7434063250105223,0.0333759488716171,0.0130471624765843,335.0,65.63731331345475,56.12611287332059,1000.0,2.6329202860696435,1.0116646589254692,78.18668442523352
1854,69.4894661834596,60.8078086535177,2.5931225536739184,0.049152686531763946,0.010741979932677545,46.0,69.4894661834596,60.8078086535177,1000.0,3.8774959172578916,0.8329229810910945,51.74910144357259
1855,75.5558730163707,66.9974685266033,3.2408954153129743,0.060148477039024796,0.00837422083517157,41.0,75.5558730163707,66.9974685266033,1000.0,4.0,0.6493291763772316,50.23730626669911
1856,67.8407915362854,59.4147428794294,2.9394971321898917,0.05632314032048995,0.0069215550585862515,41.0,67.8407915362854,59.4147428794294,1000.0,4.0,0.536690843709926,50.23730626669911
1857,73.2457807366702,64.7006330165515,3.3406075556183494,0.062164537387791236,0.00529722794068262,39.0,73.2457807366702,64.7006330165515,1000.0,4.0,0.4107420527244112,49.58152695217852
1858,42.4089982583116,33.2750303407767,1.7571597117749278,0.026732302161505597,0.02361263374494044,439.0,42.4089982583116,33.2750303407767,1000.0,2.1088245588195402,1.8309013248496775,81.8111811264734
1859,51.0878248262772,42.3809127433334,0.9950360913407191,0.01953343343910209,0.018247777279081074,439.0,51.0878248262772,42.3809127433334,995.0360913407192,1.5409291689723033,1.4149154201398746,81.8111811264734
1860,35.2444152451875,26.069128989397605,1.650560198224024,0.024839363941044874,0.029205729931308426,464.0,35.2444152451875,26.069128989397605,1000.0,1.9594968060686375,2.0,82.55395627710101
1861,57.24528813441039,46.72020426140718,2.254941799967249,0.04078191294815474,0.012325220608110046,32.0,57.24528813441039,46.72020426140718,1000.0,3.2171527562841815,0.9556859681224075,46.99589294087888
1862,60.82644163445885,50.25501641316926,1.9961504177762284,0.03630021774983842,0.009356235883454325,31.0,60.82644163445885,50.25501641316926,1000.0,2.8636063672656324,0.7254736959740119,46.58229693089071
1863,63.229369750512944,52.525422083242965,1.1170378561773637,0.027193162949420587,0.008102044268445702,33.0,63.229369750512944,52.525422083242965,1000.0,2.1451803706714485,0.628224862390309,47.39714093919925
1864,59.56298793347605,48.973818765544024,1.1471247067207744,0.027274384919867726,0.0072541241771745205,34.0,59.56298793347605,48.973818765544024,1000.0,2.151587708317111,0.5624779391438618,47.78675690758107
1865,58.51771784460669,47.81658579756109,1.687860836470901,0.037776481048633265,0.0071787783301690816,39.0,58.51771784460669,47.81658579756109,1000.0,2.9800639877494186,0.5566356933107921,49.58152695217852
1866,55.72561086629893,45.09906610464008,1.5279569516907452,0.029435042456478353,0.004483292557154794,33.0,55.72561086629893,45.09906610464008,1000.0,2.322034969045904,0.34763027162703813,47.39714093919925
1867,59.59816240796414,49.12442823888192,1.7608294733403422,0.034920799641386314,0.010716772671053755,45.0,59.59816240796414,49.12442823888192,1000.0,2.7547885495404882,0.8309684338262128,51.46004063064385
1868,59.306389665262415,48.991494428232215,1.795870427273986,0.035075800350839625,0.009066521747689316,43.0,59.306389665262415,48.991494428232215,1000.0,2.7670160524601686,0.7030095354432752,50.86257294665117
1869,61.94431879598497,51.75928219252893,2.1487594066850266,0.0363018178743061,0.00792977416908878,46.0,61.94431879598497,51.75928219252893,1000.0,2.863732595891743,0.6148672015485929,51.74910144357259
1870,69.6634322800534,58.876283968163335,1.4769000017199703,0.027326804867697098,0.010227026469207848,43.0,69.6634322800534,58.876283968163335,1000.0,2.155722947874361,0.7929939757676362,50.86257294665117
1871,62.2372023445688,44.6975766441664,1.3653994531862819,0.019642074308900772,0.011169827418795698,951.0,62.2372023445688,44.6975766441664,1000.0,1.5494994946007814,0.866097871178702,92.18466782549248
1872,60.32924983981613,44.993101643728146,0.8901863538523215,0.012531078481996347,0.004632058587242102,1167.0,60.32924983981613,44.993101643728146,890.1863538523215,0.9885361122912223,0.35916544913081155,94.93308665508627
1874,43.46677471514421,35.472035101647265,1.8299518205596121,0.025283734184421324,0.023345288106222935,358.0,43.46677471514421,35.472035101647265,1000.0,1.994551732381355,1.8101715964590213,79.07661695148936
1877,45.439379637384185,41.88811350386641,2.8701171160681818,0.04437288191718939,0.028367533473641876,472.0,45.439379637384185,41.88811350386641,1000.0,3.500432643893856,2.0,82.78322938012688
1878,41.66777065262668,34.4895461574284,2.407663936505927,0.02874214326587275,0.04466665628091659,424.0,41.66777065262668,34.4895461574284,1000.0,2.267374400677819,2.0,81.3449791403093
1879,68.20948762158278,59.7828472242718,2.364964274781274,0.04728770579228666,0.015095598509324588,128.0,68.20948762158278,59.7828472242718,1000.0,3.730373639446798,1.1704984547114916,65.31981397241599
1880,66.1669200779928,57.382079676840604,1.9339087785524125,0.038259489194320914,0.020107724486331188,126.0,66.1669200779928,57.382079676840604,1000.0,3.018166932777578,1.5591339703739997,65.109797047118
1881,55.33365098486496,46.92920762068684,2.1080760754644268,0.04357748829859637,0.011967616529165793,128.0,55.33365098486496,46.92920762068684,1000.0,3.437686622743733,0.9279576855012037,65.31981397241599
1882,49.775812385917504,41.181055472719315,2.1351559205411257,0.04428111635725976,0.011377310222941401,124.0,49.775812385917504,41.181055472719315,1000.0,3.493193556692751,0.8821858919008839,64.8964463809323
1883,48.3027857265202,28.3030768739371,2.7681034281642654,0.04951588765812727,0.011505207293868674,89.0,48.3027857265202,28.3030768739371,1000.0,3.9061476753608217,0.8921029100164642,60.48108571299023
1884,50.2007513129967,42.1188636040835,1.7412582819385296,0.02984909003506677,0.028948561889632993,442.0,50.2007513129967,42.1188636040835,1000.0,2.3546978387445847,2.0,81.90251200849934
1885,47.6655656415177,35.2767993457637,2.4127413279274506,0.032990847145587046,0.02294235751874376,423.0,47.6655656415177,35.2767993457637,1000.0,2.6025408607365943,1.7789287391646222,81.31331644073151
1886,44.848097715137996,36.894283334078075,1.9018846411012906,0.036815156602754175,0.013941798408156715,120.0,44.848097715137996,36.894283334078075,1000.0,2.9042282221570836,1.081033884318424,64.45930834858979
1887,70.5493750448194,59.32457710040539,1.9934612373447915,0.031139663855932816,0.024149646803646722,632.0,70.5493750448194,59.32457710040539,1000.0,2.456507018962926,1.8725408103584715,86.69954577482748
1888,45.24128120601222,34.917592038487726,1.8310119471679112,0.03322547826073864,0.01721158887563098,124.0,45.24128120601222,34.917592038487726,1000.0,2.621050147924265,1.3345703497354704,64.8964463809323
1889,45.07566289252054,37.1285983361522,1.8413939030887112,0.03633352135758016,0.015554908419433381,106.0,45.07566289252054,37.1285983361522,1000.0,2.8662335807947463,1.2061129114476008,62.80660338206703
1890,46.00577213022629,36.12798471383557,1.9406988462657786,0.035002746252655176,0.014210411694761747,70.0,46.00577213022629,36.12798471383557,1000.0,2.761253051748781,1.1018619049293292,57.29386927413139
1891,48.4588710602456,40.44739744873428,1.9854691392520052,0.03725148257054469,0.009639670246871616,100.0,48.4588710602456,40.44739744873428,1000.0,2.9386485616762266,0.7474509288864497,62.03095686364205
1892,46.88427340277001,38.011017623915485,2.0900970983945224,0.040746377905673085,0.010476513391046547,62.0,46.88427340277001,38.011017623915485,1000.0,3.214349512110475,0.812338956114228,55.68708564710496
1893,51.115026629737386,42.69117134042211,1.9426949534108293,0.03803327589924101,0.014811473094866056,48.0,51.115026629737386,42.69117134042211,1000.0,3.0003217000956384,1.1484676383538264,52.30921622787394
1894,60.8164005509565,50.9907376177202,2.9437346596908838,0.05718683867833454,0.0031926105494258132,108.0,60.8164005509565,50.9907376177202,1000.0,4.0,0.24755200744708467,63.05551437995176
1895,48.951724359292,38.1442110771299,1.8680818758066362,0.038229141133574104,0.008250121061882092,172.0,48.951724359292,38.1442110771299,1000.0,3.015772872758775,0.6397065971349675,69.26441193411112
1896,52.963304184296476,41.569770363558916,2.383544572004104,0.048629728253640016,0.00875857666871164,179.0,52.963304184296476,41.569770363558916,1000.0,3.8362414359385166,0.6791317647900131,69.79754509916837
1897,53.06450036074,38.5429786242376,2.460424382585844,0.04397045844756625,0.013389106459437755,143.0,53.06450036074,38.5429786242376,1000.0,3.4686867624258286,1.038178672482509,66.79831507788056
1898,69.1961567743921,60.2214886186585,2.8177887823191083,0.03444829331135095,0.00679846168176189,380.0,69.1961567743921,60.2214886186585,1000.0,2.7175140586658815,0.5271462994992984,79.87603581370199
1899,61.3950370822284,53.1213000958105,2.8082231584096835,0.0485826561022221,0.013719187588985418,374.0,61.3950370822284,53.1213000958105,1000.0,3.83252806668409,1.0637728515954676,79.66268514751629
1900,42.69360966692397,31.1899272657752,2.160753285362526,0.03597983444981823,0.01260798724644134,436.0,42.69360966692397,31.1899272657752,1000.0,2.838332368519234,0.9776114262621624,81.71922539889158
1901,41.2607514123095,34.2002506942956,2.6468724934694845,0.04719373965925308,0.014241362479674379,240.0,41.2607514123095,34.2002506942956,1000.0,3.722960956175401,1.1042617995668267,73.72011212830854
1902,39.8498502700427,31.967125604891,1.675560332657961,0.029478202621853647,0.019707258231772055,240.0,39.8498502700427,31.967125604891,1000.0,2.3254397344176345,1.5280821951273265,73.72011212830854
1903,50.6722052371738,41.841414104752,1.7085710994728294,0.034770075331497265,0.0076290797646506505,259.0,50.6722052371738,41.841414104752,1000.0,2.742898397903535,0.5915516413528301,74.74006391106235
1904,50.8320975307199,42.1582542329553,1.5959989163978323,0.030425889923203515,0.005807654847000601,256.0,50.8320975307199,42.1582542329553,1000.0,2.4001997099369095,0.4503200730804319,74.58407597355546
1905,51.4250919778615,42.2726681017473,1.5714236617891233,0.03193249848033646,0.005621041468772801,267.0,51.4250919778615,42.2726681017473,1000.0,2.5190511693665707,0.43585024793840754,75.14739234819037
1906,52.3576044748343,42.70739658932429,2.7792266580886613,0.05010130472563197,0.005374106492465361,89.0,52.3576044748343,42.70739658932429,1000.0,3.9523293278667464,0.41670314303868866,60.48108571299023
1907,55.41617956231022,45.63939999427081,2.043316536557851,0.04655688642803605,0.010576949062082577,47.0,55.41617956231022,45.63939999427081,1000.0,3.672721671648385,0.8201266432120908,52.032076311296564
1908,56.1507310927339,46.1667710262269,1.9872433228366881,0.04446054266759956,0.00885905430436382,47.0,56.1507310927339,46.1667710262269,1000.0,3.5073479159939787,0.686922705784588,52.032076311296564
1909,48.133404313362,38.1609552014306,2.7724168785149055,0.04620038899074956,0.0065866952902343635,52.0,48.133404313362,38.1609552014306,1000.0,3.6445987458201503,0.5107261334562171,53.36393828219709
1910,45.6262915565102,35.6160445699893,2.8669755935064867,0.051769179059110056,0.0024029626481318895,44.0,45.6262915565102,35.6160445699893,1000.0,4.0,0.1863234547891838,51.16462632681209
1911,44.7406813437274,34.7406813437274,2.5615412755922415,0.04595581896957433,0.011880696169893155,52.0,44.7406813437274,34.7406813437274,1000.0,3.6253054105926283,0.9212179629159252,53.36393828219709
1912,56.5743431510985,49.2450267134548,1.9524514136110005,0.041499437385620216,0.0084364204894551,130.0,56.5743431510985,49.2450267134548,1000.0,3.2737559304567108,0.6541520788396605,65.52659973963482
1913,53.1099316978171,46.5926758186118,1.9312539549990877,0.042212808064290085,0.004389652896678131,253.0,53.1099316978171,46.5926758186118,1000.0,3.330031428078725,0.3403695407709585,74.42625643329613
1914,58.5620553499023,46.6827468491104,1.8549290070642315,0.02825529181973469,0.015020854629734192,334.0,58.5620553499023,46.6827468491104,1000.0,2.2289682701504168,1.1647028848633891,78.14662236947817
1915,60.526333260882,49.9337807655664,1.6016938379693575,0.03735812129984104,0.006909874795522326,335.0,60.526333260882,49.9337807655664,1000.0,2.947060944938349,0.535785167140792,78.18668442523352
1916,57.746699222909,48.770704000285704,1.9786358832412085,0.0314089600674431,0.012125803164499552,377.0,57.746699222909,48.770704000285704,1000.0,2.477750923098041,0.9402233278405785,79.76978379986711
1917,48.2059200081426,40.6586521511658,2.4728169480967632,0.03901079772221384,0.018649579577862133,218.0,48.2059200081426,40.6586521511658,1000.0,3.077435224198908,1.4460707909939843,72.43348787695771
1918,50.951843409297,45.0218489203942,2.5173329357439362,0.04014115021786395,0.02210051824805757,215.0,50.951843409297,45.0218489203942,1000.0,3.1666050640633716,1.7136533170046484,72.24809445828642
1919,47.6053193263533,39.0306517338457,1.9288138199801397,0.034329084277638026,0.017029893052347186,220.0,47.6053193263533,39.0306517338457,1000.0,2.708110044884795,1.3204818271605063,72.55567789808308
1921,65.4030906743875,58.4111903107834,1.7270855836077026,0.03927735032182046,0.006984216791431535,32.0,65.4030906743875,58.4111903107834,1000.0,3.098462693695234,0.5415495753077254,46.99589294087888
1922,67.64393356021,54.1893906955136,2.071194807713513,0.03491705333245653,0.01364700451498337,927.0,67.64393356021,54.1893906955136,1000.0,2.754493015387525,1.0581758441946987,91.84147957082202
1923,60.2414324743758,46.2436209632361,2.8338459867833983,0.04244399592752038,0.009213505321062498,487.0,60.2414324743758,46.2436209632361,1000.0,3.3482690882972714,0.7144065029364827,83.20285169402933
1924,60.5237650755009,49.3975181403152,0.5517289840351398,0.014784066640653808,0.0038487103794398003,297.0,60.5237650755009,49.3975181403152,551.7289840351398,1.1662670361376584,0.29842536875789794,76.57354970903963
1928,60.36947992931181,46.4540721158898,2.587291990727259,0.0391767032529541,0.014859032171547461,514.0,60.36947992931181,46.4540721158898,1000.0,3.0905229730787207,1.1521553242530442,83.9266593908053
1930,72.07035559745425,64.64579994304299,0.9029644751957155,0.01783651706973635,0.0047849209475413655,282.0,72.07035559745425,64.64579994304299,902.9644751957155,1.4070649438725886,0.3710182522113464,75.87937773364426
1933,50.8392433869498,44.1410594980535,1.8679981253362965,0.03627149103326447,0.013971928620301943,154.0,50.8392433869498,44.1410594980535,1000.0,2.8613402098266136,1.0833701525183455,67.78771751051703
1934,39.174702996004,32.5392857250812,2.274602165869779,0.03927598581785086,0.009326858963582247,146.0,39.174702996004,32.5392857250812,1000.0,3.09835505240552,0.7231958373456701,67.07545499445794
1935,40.02502325384191,33.3751869315876,1.982357930912765,0.03624568363419439,0.010024559808702722,142.0,40.02502325384191,33.3751869315876,1000.0,2.8593043478709377,0.7772949020869564,66.70465051935686
1936,40.3084292240212,31.3038804334705,1.0674318895726171,0.018142645484692268,0.011993752595154958,131.0,40.3084292240212,31.3038804334705,1000.0,1.4312144209999706,0.9299842513795726,65.62881171323517
1937,44.4173777252706,35.5328720955412,1.450425855216483,0.032030705510388745,0.01195933369708899,75.0,44.4173777252706,35.5328720955412,1000.0,2.526798403240098,0.9273154425228584,58.20856292678215
1938,50.164420537714406,41.483472150672,1.6834955805660756,0.029450630791372032,0.011596339242140638,80.0,50.164420537714406,41.483472150672,1000.0,2.3232646821942997,0.8991691952360461,59.06495506633598
1939,60.0229876138381,47.8544786053531,1.6727151605647477,0.025736155058338893,0.01623068938010981,500.0,60.0229876138381,47.8544786053531,1000.0,2.0302417468094363,1.2585123290464861,83.55621992696771
1940,46.2885308591651,36.388937084352,1.3052291138624144,0.02694328672757829,0.009776785392685077,76.0,46.2885308591651,36.388937084352,1000.0,2.1254684464943803,0.7580827078247316,58.38426228823187
1941,67.1494978343374,57.3044827202191,2.0677311933805127,0.03579634517829324,0.010362608005293072,437.0,67.1494978343374,57.3044827202191,1000.0,2.8238574953962976,0.8035068400556694,81.74994726313585
1945,57.78149420684312,50.164482292687836,1.9766212318800849,0.038558103430571825,0.007883381404170081,157.0,57.78149420684312,50.164482292687836,1000.0,3.041723640733912,0.6112699503621899,68.04537670594179
1946,49.1719823566174,36.92209000299,1.2338837000422451,0.02710225925840418,0.016217432226907066,75.0,49.1719823566174,36.92209000299,1000.0,2.1380092735117437,1.2574843819049335,58.20856292678215
1947,52.97232513993761,36.8088875112297,1.9706588249400954,0.03309440353527598,0.021223779257175838,93.0,52.97232513993761,36.8088875112297,1000.0,2.6107100882307073,1.6456718034940394,61.06556082975073
1948,66.0994340445828,58.660138628423,1.9549598995802255,0.03678541993835169,0.01291369684531414,150.0,66.0994340445828,58.660138628423,1000.0,2.90188239321162,1.0013158598988976,67.43630377464147
1949,46.6863785400265,31.9714149106223,1.5847122041561994,0.025724213689282373,0.012609396889641888,73.0,46.6863785400265,31.9714149106223,1000.0,2.029299730959841,0.9777207286649069,57.85012009124929
1950,38.4487838091458,27.2024244850282,1.190882384905465,0.024918362767073748,0.023246013621227836,72.0,38.4487838091458,27.2024244850282,1000.0,1.9657287670662764,1.8024739466303465,57.66724911037371
1951,51.84620938926281,46.73067409436747,3.2198446202233124,0.06178313255663934,0.019276352240176743,96.0,51.84620938926281,46.73067409436747,1000.0,4.0,1.4946701514129495,61.48781994655193
1952,46.8504106289388,41.207891852234596,2.880843815626286,0.056028474945661544,0.02071106953155104,111.0,46.8504106289388,41.207891852234596,1000.0,4.0,1.6059167754844723,63.420445658649534
1953,57.51542405193079,44.025332893697296,1.4253942466140048,0.029899194821765982,0.0122420840586652,46.0,57.51542405193079,44.025332893697296,1000.0,2.3586504427540467,0.9492396385783931,51.74910144357259
1954,58.41848506903909,45.928526837430695,1.7629572330659156,0.029513052389517024,0.009985376896660477,45.0,58.41848506903909,45.928526837430695,1000.0,2.3281889194849614,0.7742566960848418,51.46004063064385
1955,63.2058981262714,50.9242124467691,1.2952082606056965,0.02740387735005862,0.010493870497807067,53.0,63.2058981262714,50.9242124467691,1000.0,2.16180294587196,0.8136848097833556,53.615175685930126
1956,44.054202036696,36.377864413218,0.7541231470299239,0.01937396496766128,0.0003599951479925874,68.0,44.054202036696,36.377864413218,754.1231470299239,1.5283492188093857,0.02791368385749493,56.90982001104971
1957,43.6504295980381,35.3821142365251,2.2790334661504033,0.04404742069857846,0.008634889943600694,82.0,43.6504295980381,35.3821142365251,1000.0,3.474758064630032,0.6695412129135002,59.39279594742783
1958,62.56168556919866,57.91858039808329,2.025992241817601,0.05425201339464413,0.009481276474190838,164.0,62.56168556919866,57.91858039808329,1000.0,4.0,0.7351692253127722,68.62804173452298
1959,57.7398825301642,47.658785473966,1.6075574918181883,0.03716302723165954,0.005926313010012277,801.0,57.7398825301642,47.658785473966,1000.0,2.93167060707012,0.45952071499988145,89.88015460990935
1965,66.52221874687595,59.57911444851983,0.6540471080770242,0.01313619432806848,0.004596997140669501,451.0,66.52221874687595,59.57911444851983,654.0471080770242,1.0362717375066717,0.3564468176696059,82.17283908216397
1966,65.05364818114288,58.171926824614964,0.9304658939504962,0.02230932886195593,0.009432033024580023,405.0,65.05364818114288,58.171926824614964,930.4658939504961,1.7599105498149334,0.7313509347270416,80.73025014004641
1967,75.3227405734576,64.1959540300064,0.2780905700221153,0.002497694116844877,0.0012945168004213185,816.0,75.3227405734576,64.1959540300064,278.0905700221153,0.1970349827036709,0.10037561038439492,90.12921936025786
1968,59.369826706293566,53.25725319945252,1.8605608451217877,0.0313720570051535,0.017474736998997632,1016.0,59.369826706293566,53.25725319945252,1000.0,2.4748397602815433,1.3549746067492372,93.07239784297568
1970,56.88558502818039,49.007689862724995,2.419250817501557,0.03932649677288071,0.012110587730533681,69.0,56.88558502818039,49.007689862724995,1000.0,3.1023396977163817,0.9390435374577185,57.10321629375922
1976,63.1027081317772,54.2375922927799,1.5193471255824829,0.0319964158250397,0.01663438070085992,280.0,63.1027081317772,54.2375922927799,1000.0,2.524093401248822,1.2898141728804067,75.78405244219677
1977,61.71803783945635,49.33441658845918,1.3589003977447642,0.02250357276449735,0.009183288018957483,458.0,61.71803783945635,49.33441658845918,1000.0,1.775233820874998,0.712063481863312,82.3793978527731
1978,65.1630904456086,56.7673887562923,1.4293279272601818,0.033434522758158836,0.012871813482482453,77.0,65.1630904456086,56.7673887562923,1000.0,2.637540989879531,0.9980682634924133,58.557694497824116
1979,53.2081223043643,43.3451931872431,1.3815516431249926,0.025335029792482214,0.024128459113640907,608.0,53.2081223043643,43.3451931872431,1000.0,1.9985982764232728,1.8708979368814516,86.18002952045227
1980,52.937656648354086,39.04141622590147,0.6392417168472357,0.014756894563661223,0.006711135886721816,131.0,52.937656648354086,39.04141622590147,639.2417168472357,1.164123519169688,0.5203751398074371,65.62881171323517
1981,51.03581111232194,36.54207311941074,0.6001618146233022,0.014419296480463247,0.005390163682863035,154.0,51.03581111232194,36.54207311941074,600.1618146233022,1.137491502048339,0.4179482024204599,67.78771751051703
1982,54.2633877018349,47.261672143966194,0.6628835936988854,0.015658784102957964,0.009761892324820162,724.0,54.2633877018349,47.261672143966194,662.8835936988854,1.2352706578755408,0.7569279134049524,88.5234802272195
1983,50.19583594045531,34.49378450123917,2.3509621622192864,0.04141169080785034,0.01072652347848593,77.0,50.19583594045531,34.49378450123917,1000.0,3.2668338877147303,0.8317245022275086,58.557694497824116
1984,49.531796624267514,37.40227002288019,1.7901971856044228,0.034924483595852034,0.00805725730977687,87.0,49.531796624267514,37.40227002288019,1000.0,2.75507916475215,0.6247521239042719,60.17903233282932
1985,60.944152768597334,47.96307032496216,1.4186028253859686,0.026644071143808012,0.018191201387009193,297.0,60.944152768597334,47.96307032496216,1000.0,2.1018643001838946,1.4105285788892177,76.57354970903963
1986,54.056223399953,45.61821003636959,1.468314241686987,0.02764247256999174,0.013878072972115097,71.0,54.056223399953,45.61821003636959,1000.0,2.180624948420489,1.07609267417916,57.481855691702414
1987,65.7278812926636,50.922371236275495,1.178288399279861,0.02159894577330144,0.012748567132444284,829.0,65.7278812926636,50.922371236275495,1000.0,1.7038707334731191,0.9885118578832286,90.34140412725006
1990,50.8009372015032,40.5784739233541,2.1290478917910827,0.03551383116029349,0.012725598897188634,70.0,50.8009372015032,40.5784739233541,1000.0,2.8015708814051323,0.9867309226087788,57.29386927413139
1991,56.096110696778,44.9532587780068,1.3986858526812507,0.024855397584737184,0.006425942385479535,70.0,56.096110696778,44.9532587780068,1000.0,1.9607616481829242,0.4982615050090785,57.29386927413139
1994,54.5173906524067,40.7659589490466,1.4758765035864914,0.03215894716768926,0.009536674890326365,140.0,54.5173906524067,40.7659589490466,1000.0,2.5369149713809622,0.7394647661911311,66.5153402101566
1995,54.7784742714877,41.10432223503571,1.4399006805376398,0.03275320087750536,0.012559036644789573,154.0,54.7784742714877,41.10432223503571,1000.0,2.5837937179198365,0.9738158428306609,67.78771751051703
1997,62.0585974734551,50.7339086424922,0.25573834158058867,0.007939539014453573,0.004361707678817545,420.0,62.0585974734551,50.7339086424922,255.73834158058867,0.6263244653689262,0.3382026949647331,81.21787833734082
1998,53.3630627798673,44.388018365626806,1.69977901620968,0.037088037621918576,0.011719258840594474,147.0,53.3630627798673,44.388018365626806,1000.0,2.9257549201336706,0.9087002648359098,67.16657947742742
1999,53.82103747172799,40.16458684554933,1.5742250488564133,0.019924483513742618,0.0012520860530123201,342.0,53.82103747172799,40.16458684554933,1000.0,1.5717778402220866,0.0970855702946424,78.46382434181092
2000,54.17677011428026,40.59202012873324,1.5305802172103078,0.018163409298933585,0.0005983747916431104,359.0,54.17677011428026,40.59202012873324,1000.0,1.4328524109172742,0.04639741634118943,79.11400448534651
2001,59.63853555758944,46.34669264084942,1.5500842074116419,0.01937386182622212,0.004964927349088984,396.0,59.63853555758944,46.34669264084942,1000.0,1.528341082315992,0.38497577862008836,80.42894913525333
2002,46.2332433460294,36.2970652088225,1.4685516043333982,0.03211397919443863,0.009745311242147418,245.0,46.2332433460294,36.2970652088225,1000.0,2.5333675939131206,0.7556422319108466,73.9961138131238
2003,45.4939941501658,37.3485150198532,1.9843442581900057,0.036253827287872534,0.006535141780080269,241.0,45.4939941501658,37.3485150198532,1000.0,2.8599467742796785,0.5067287229571869,73.77576773476792
2004,42.0106404980646,34.6068109611541,1.5581121347198,0.03624939051910992,0.0038669600322617137,246.0,42.0106404980646,34.6068109611541,1000.0,2.8595967719913653,0.2998404296058581,74.05064049948784
2005,49.0075158229305,37.4397246159674,2.0192847884160545,0.03408054900866354,0.013399773847556088,247.0,49.0075158229305,37.4397246159674,1000.0,2.688503904127455,1.0390058116847476,74.10494687540735
2006,56.4622207757437,47.7944642986119,2.161667164869913,0.041111252911262816,0.009615557208512213,253.0,56.4622207757437,47.7944642986119,1000.0,3.243133317113063,0.7455812266602911,74.42625643329613
2007,64.688137153649,52.03778758446732,1.8580827031493108,0.029143102051483318,0.02404925039990307,92.0,64.688137153649,52.03778758446732,1000.0,2.299004737977673,1.8647561680093825,60.921807483456924
2014,51.4480282480377,39.7564508924049,1.7599904691199784,0.030263060825944953,0.0015087970661077268,783.0,51.4480282480377,39.7564508924049,1000.0,2.3873546509100168,0.11699069985608297,89.5750537725865
2015,69.4007426830753,59.36572094153302,1.7700960458822128,0.03773028790256007,0.008051853830402843,224.0,69.4007426830753,59.36572094153302,1000.0,2.9764199603738577,0.6243331432157316,72.79677512045619
2017,69.73980357526695,59.715604248527264,1.5040493211206705,0.03724107705895278,0.011311305504216761,274.0,69.73980357526695,59.715604248527264,1000.0,2.937827704637445,0.8770679483345434,75.49395176158309
2019,67.02566378219431,58.197384065926784,1.505220549793509,0.03675825912490372,0.01728577336918949,505.0,67.02566378219431,58.197384065926784,1000.0,2.899739764788129,1.3403225453188488,83.68969480493875
2020,73.71676688849175,65.08075227954133,1.3184431455929828,0.02653405341058648,0.02022345650822459,580.0,73.71676688849175,65.08075227954133,1000.0,2.0931853582685473,1.5681077220740856,85.54740406136479
2023,58.66336619111394,47.46781129773743,2.0891666360338674,0.03469865766996102,0.00869147511192702,324.0,58.66336619111394,47.46781129773743,1000.0,2.737264490368329,0.673928773436168,77.73929393235018
2024,48.759293520561,37.0964727587129,0.9552165898636455,0.019282791153726712,0.002578183826216259,356.0,48.759293520561,37.0964727587129,955.2165898636456,1.521156812529341,0.1999099394889321,79.00152843354206
2025,65.4730675396402,56.4549286752643,1.537316018481377,0.028804244640312726,0.0053004369941526295,14.0,65.4730675396402,56.4549286752643,1000.0,2.2722733765596663,0.4109908797003945,36.398387560228095
2026,56.302378987310306,47.2827615025317,1.6273608975312632,0.03264327265979943,0.005224586079532609,13.0,56.302378987310306,47.2827615025317,1000.0,2.5751218375929956,0.4051094714013896,35.471067500115105
2027,52.9124209982503,38.2433694319832,2.614177634006876,0.04979625928801678,0.007667149840619124,365.0,52.9124209982503,38.2433694319832,1000.0,3.9282652833070117,0.5945035590965567,79.33617168825704
2029,64.6055904064564,53.4056234251985,2.658092707942974,0.03976188116256184,0.0031741107409503618,188.0,64.6055904064564,53.4056234251985,1000.0,3.136685759194332,0.24611754976595338,70.45332441368896
2030,49.3798285814896,36.4396521239744,0.954653229281281,0.017997627019357393,0.01373973751180781,206.0,49.3798285814896,36.4396521239744,954.653229281281,1.419774384921788,1.0653662732072833,71.67605877763371
2032,55.34008360407499,47.3160836484325,2.196058879257599,0.03524798178109298,1.373866713470625e-05,812.0,55.34008360407499,47.3160836484325,1000.0,2.7805988866843685,0.0010652832771775094,90.06325206339594
2033,58.2793386150192,49.5812920606333,1.5717673012835782,0.04372127457950349,0.00909172735594732,162.0,58.2793386150192,49.5812920606333,1000.0,3.449029455791419,0.7049639545077351,68.46412738895769
2034,50.4170599709545,41.0827166548208,2.0409404999099516,0.037058338961123385,0.0198280160198677,97.0,50.4170599709545,41.0827166548208,1000.0,2.9234120891694473,1.5374456399932601,61.62567561405209
2035,52.0454247471331,43.79542193018,1.5623342929966992,0.03880624068566725,0.008345712758808514,161.0,52.0454247471331,43.79542193018,1000.0,3.0612983834680723,0.647118687054192,68.38141445251412
2036,54.300205492788116,46.580465950958725,2.0492807791683356,0.03447202598193594,0.006082996014273903,48.0,54.300205492788116,46.580465950958725,1000.0,2.7193862520248233,0.47166976720569503,52.30921622787394
2037,55.12366652393632,47.111817190645866,2.0579083896940267,0.03386142935712198,0.0029779003043467135,46.0,55.12366652393632,47.111817190645866,1000.0,2.671218265962097,0.23090357777928633,51.74910144357259
2038,68.9483345493326,57.98168546705702,0.9938453660571435,0.021467814078169334,0.013418660047611561,189.0,68.9483345493326,57.98168546705702,993.8453660571435,1.6935261796272316,1.0404702298041515,70.52425233424812
2039,60.357233645515095,50.270321318594966,0.9689701208977333,0.021191045393519712,0.005652248466238437,111.0,60.357233645515095,50.270321318594966,968.9701208977333,1.6716927963377908,0.43827000905534164,63.420445658649534
2040,67.49152099398327,57.33216277051818,1.3456079508892902,0.02793357558320381,0.009273771488285896,150.0,67.49152099398327,57.33216277051818,1000.0,2.2035891203686866,0.7190794846379235,67.43630377464147
2041,52.2032776628091,42.85272664300051,0.990966217602893,0.02287444670569604,0.014498057175893076,361.0,52.2032776628091,42.85272664300051,990.966217602893,1.8044908624384524,1.1241656639330542,79.188468995784
2042,57.248654697582296,48.198593808301,1.3100062562932686,0.027397343124316922,0.01727582881468115,418.0,57.248654697582296,48.198593808301,1000.0,2.1612874820097865,1.3395514539522086,81.15387436041927
2043,49.3665316527793,41.0801671142412,0.9669839926266031,0.021877816220793638,0.010727074610851265,387.0,49.3665316527793,41.0801671142412,966.983992626603,1.725869918012017,0.8317672365107216,80.12073871890821
2044,49.3605416354265,41.0725210663614,0.8857179819537867,0.02292852735657423,0.01129215414511091,387.0,49.3605416354265,41.0725210663614,885.7179819537866,1.808757109469473,0.8755829700327439,80.12073871890821
2045,69.81297864303158,62.832149750407694,1.1046491971352754,0.01989412802116797,0.009297724352293861,388.0,69.81297864303158,62.832149750407694,1000.0,1.5693831939305052,0.7209367670961128,80.15533541691615
2046,49.7583312244636,32.1691128919056,1.249639728105183,0.03331180939941623,0.0017517334414618275,206.0,49.7583312244636,32.1691128919056,1000.0,2.6278605312700103,0.13582775701347477,71.67605877763371
2047,56.5483448551897,45.5720965521683,1.8760076590648858,0.03188630343227581,0.0006113919846774435,193.0,56.5483448551897,45.5720965521683,1000.0,2.5154069919493924,0.047406757197860756,70.80427933273006
2048,62.256879582252864,56.75583773668311,1.4916296301722398,0.02673866477544634,0.014015050424781825,240.0,62.256879582252864,56.75583773668311,1000.0,2.1093264847836966,1.086713776520858,73.72011212830854
2049,61.55684792575774,47.620081759554594,1.6409781262104108,0.043354181565411855,0.008871651273805094,320.0,61.55684792575774,47.620081759554594,1000.0,3.4200706792965807,0.6878994629006409,77.57284214865102
2051,51.5018189856292,38.5998098775508,2.882445275193167,0.052157135263849276,0.007771458390991419,252.0,51.5018189856292,38.5998098775508,1000.0,4.0,0.6025915456012687,74.3732354187606
2052,55.52390895669531,42.579158126043396,2.816685252276428,0.0501046877368906,0.007485615081971984,245.0,55.52390895669531,42.579158126043396,1000.0,3.9525962026455015,0.5804275253214369,73.9961138131238
2053,65.7550864613033,52.89235705665091,2.8799018490675548,0.05221806707865606,0.006157607648414566,239.0,65.7550864613033,52.89235705665091,1000.0,4.0,0.4774550828664951,73.66422510494066
2054,63.4593564493765,51.9623254318983,4.270903171088701,0.08699673719311031,0.004457199898889452,1016.0,63.4593564493765,51.9623254318983,1000.0,4.0,0.34560707154258746,93.07239784297568
2055,70.0785429272325,56.3923558643668,0.861113889010592,0.009716938069267786,0.011050947756589645,617.0,70.0785429272325,56.3923558643668,861.1138890105921,0.7665377083200805,0.8568800544208666,86.37720874992331
2056,55.57950600405229,43.35220626905199,1.595551393654915,0.03955065411595043,0.01662774907118447,293.0,55.57950600405229,43.35220626905199,1000.0,3.120022743016754,1.289299962577149,76.39191438063607
2057,56.9325233982919,46.0481693368175,2.1326978555107496,0.0425050921272705,0.00687715417357923,162.0,56.9325233982919,46.0481693368175,1000.0,3.353088769210094,0.5332480410110838,68.46412738895769
2058,51.781773081177306,40.6807121679354,2.057831203866632,0.040938623605925116,0.012088576043695275,160.0,51.781773081177306,40.6807121679354,1000.0,3.2295151514770213,0.9373367720443411,68.2981893584027
2059,49.674927232029006,36.6178251306981,1.6594064960833015,0.040338673166809995,0.0005225274368028603,19.0,49.674927232029006,36.6178251306981,1000.0,3.1821870084522725,0.04051628406414671,40.265067566000376
2060,44.1093033249968,33.0368639891707,1.6649060224412568,0.0389196517751924,0.000509567688412292,27.0,44.1093033249968,33.0368639891707,1000.0,3.070245016249199,0.039511397410912,44.78752688629325
2061,47.2501177723105,36.1498354735926,1.6752031129160705,0.040171874513696006,0.0004682070001368385,28.0,47.2501177723105,36.1498354735926,1000.0,3.1690288040469925,0.03630432869599372,45.259182639931296
2062,52.6202854492874,41.4095566124297,2.1100924245676573,0.03660568860321879,0.017339581954514377,70.0,52.6202854492874,41.4095566124297,1000.0,2.8877039714944113,1.344494812217315,57.29386927413139
2063,57.0629553289066,49.4085034674028,1.3100115604034006,0.03065488913397322,0.014151849127141885,181.0,57.0629553289066,49.4085034674028,1000.0,2.418264714466031,1.0973210187325584,69.9460638451771
2064,59.2965412976161,46.919686238828,1.6657352819226985,0.03510154272921746,0.0104141682510076,315.0,59.2965412976161,46.919686238828,1000.0,2.769046785144455,0.8075047728236958,77.36183609211993
2065,51.4761935528267,39.295308321632,1.7009880512556528,0.03542206147630441,0.006475718643446669,304.0,51.4761935528267,39.295308321632,1000.0,2.7943314688703618,0.502121109051665,76.88562232913901
2066,64.5629645584611,55.2290148518972,1.9227012040696612,0.031840721471553014,0.01016723110806442,120.0,64.5629645584611,55.2290148518972,1000.0,2.5118111790025446,0.7883574999250875,64.45930834858979
2067,52.445116188867146,41.40340173803659,1.5217184904518373,0.02604260037750632,0.004973481435229065,337.0,52.445116188867146,41.40340173803659,1000.0,2.0544162234815633,0.38563905438237417,78.2664520763021
2068,52.4284363183888,38.2408504610438,1.046050085697885,0.022049742281627704,0.001039037156177475,766.0,52.4284363183888,38.2408504610438,1000.0,1.7394326069715211,0.08056596000101042,89.2804013978247
2069,47.9735950211179,32.1620497452484,1.4600004113199163,0.027830665959772335,0.00822674150080763,143.0,47.9735950211179,32.1620497452484,1000.0,2.1954709141655684,0.6378937680449127,66.79831507788056
2070,54.71556849639807,38.04420366096696,1.7610196082805185,0.026771411547895668,0.011950792338821868,139.0,54.71556849639807,38.04420366096696,1000.0,2.1119097713837807,0.9266531536678237,66.41967567993736
2071,58.01755258222319,48.56987883534064,3.0262982765843027,0.04688103254307524,0.01988990917873988,596.0,58.01755258222319,48.56987883534064,1000.0,3.6982925066595542,1.542244777090895,85.91254189136697
2072,57.615821283833895,48.3863348818526,2.2780318574603644,0.034217650102836145,0.006089752396186161,950.0,57.615821283833895,48.3863348818526,1000.0,2.699319364490183,0.47219365067959995,92.17054190747648
2073,63.1528981762274,53.38341195005877,2.6507738382478023,0.03907904484388742,0.03099964737111393,565.0,63.1528981762274,53.38341195005877,1000.0,3.082819018134218,2.0,85.19583711982241
2074,63.896312683702504,56.4254350102766,1.5621697933193806,0.03205511284207584,0.01128125450502082,35.0,63.896312683702504,56.4254350102766,1000.0,2.5287238184237975,0.8747378222319143,48.165396305524276
2075,44.238571643833,31.0087371011491,2.303500438758647,0.035603384045117294,0.008323650834528441,206.0,44.238571643833,31.0087371011491,1000.0,2.8086354178482944,0.6454080262770233,71.67605877763371
2076,55.76281327686873,45.27233006742031,2.49248708089685,0.03756119026913182,0.012055164182489534,514.0,55.76281327686873,45.27233006742031,1000.0,2.9630803968728414,0.9347460478748955,83.9266593908053
2077,41.0817798880108,29.9112698674495,1.357288722264116,0.03576620068876949,0.009423550065540158,,41.0817798880108,29.9112698674495,1000.0,2.8214794944505988,0.7306931740929462,
2078,69.15896831279395,58.05657067610149,1.6808071939736964,0.02703661827388988,0.023003523860256378,243.0,69.15896831279395,58.05657067610149,1000.0,2.132831069278807,1.7836715195304786,73.8863923078512
2079,47.0703936167242,44.10983841146211,2.090895665606247,0.03448913285859836,0.010037592773279622,356.0,47.0703936167242,44.10983841146211,1000.0,2.7207357580049836,0.7783054658541465,79.00152843354206
2080,59.5864798778056,48.3671083133812,1.812360306564477,0.03377360695760962,0.018283730327766593,235.0,59.5864798778056,48.3671083133812,1000.0,2.6642902418889283,1.4177031855870392,73.43832382511901
2081,46.732040856333306,35.53186144330689,1.3324071224924399,0.03168199190573136,0.010402930151949352,9.0,46.732040856333306,35.53186144330689,1000.0,2.4992895187058313,0.806633381234058,30.94860817982224
2082,64.1379872461572,56.8304552531561,1.1798643378611053,0.024297761858823746,0.008484092543533647,122.0,64.1379872461572,56.8304552531561,1000.0,1.9167715755518138,0.6578485248995762,64.67965442694566
2083,57.14357542303668,46.54740670071896,2.221271367686688,0.04048759950395262,0.006174282297864741,328.0,57.14357542303668,46.54740670071896,1000.0,3.193935323854515,0.4787480194401745,77.90370955750956
2084,69.96104399030996,59.184427545358524,1.771832114306803,0.02367110182206149,0.020908973495323783,189.0,69.96104399030996,59.184427545358524,1000.0,1.8673363990536975,1.6212620619687534,70.52425233424812
2085,69.87575779481107,58.018658553064164,0.992732372821558,0.01649863148617733,0.0015859305828840745,493.0,69.87575779481107,58.018658553064164,992.732372821558,1.301523492243981,0.12297155991521934,83.367099885666
2086,49.68400413963852,39.377395238894955,1.61210797519054,0.03372569771849671,0.005385299860703931,309.0,49.68400413963852,39.377395238894955,1000.0,2.660510837502981,0.41757106624280477,77.10417689669517
2087,70.1328898331887,60.2714362329354,1.8721967285079355,0.029859115642860833,0.016655770423848425,584.0,70.1328898331887,60.2714362329354,1000.0,2.3554887264057176,1.2914727118041391,85.63962267187406
2088,63.4371075010381,48.16428077570761,2.1508369995975434,0.02803696019771789,0.006760093107051507,481.0,63.4371075010381,48.16428077570761,1000.0,2.2117447970767454,0.5241712364449753,83.0365715144867
2089,67.54598461195103,60.06271778419432,1.350463077736427,0.022467393343179553,0.02320729294865268,100.0,67.54598461195103,60.06271778419432,1000.0,1.7723797437462157,1.7994715822400502,62.03095686364205
2090,68.8351403179248,54.8129787249549,1.3051367993510186,0.025185965227461454,0.0008574291009820458,101.0,68.8351403179248,54.8129787249549,1000.0,1.986839056672338,0.066484242880745,62.16337970578323
2091,50.895438754271,37.0305432108356,1.7919759524820806,0.03353505520388282,0.008569818388292877,61.0,50.895438754271,37.0305432108356,1000.0,2.6454716682483475,0.6644956259573802,55.472028103051066
2092,62.9019160704358,49.2386711285669,1.6518733071169962,0.03151038206795516,0.014830319277041079,198.0,62.9019160704358,49.2386711285669,1000.0,2.485751775557072,1.1499289535245665,71.14630312478297
2093,63.7811412126267,49.7648023642526,2.4844779038879876,0.03755268238850197,0.008889759141128337,245.0,63.7811412126267,49.7648023642526,1000.0,2.9624092377819657,0.689303529834912,73.9961138131238
2095,66.90431752008,58.72232201878299,2.727887052413273,0.048392533841532706,0.009610459884551859,181.0,66.90431752008,58.72232201878299,1000.0,3.817529938573095,0.7451859849734462,69.9460638451771
2096,53.1337185761696,46.0086638087831,1.628277732561232,0.03991794013037747,0.011317474071091644,105.0,53.1337185761696,46.0086638087831,1000.0,3.1489967446816776,0.8775462531854822,62.68039766837523
2097,60.1683641772858,47.0268633824477,2.2002513021793275,0.03163028343514719,0.02105274618061028,200.0,60.1683641772858,47.0268633824477,1000.0,2.495210405279382,1.632410060231533,71.28071234241808
2098,63.01091855018348,53.373450509491256,1.1916433354185658,0.023318029468396343,0.008179685653162145,465.0,63.01091855018348,53.373450509491256,1000.0,1.8394836669563681,0.6342451020499766,82.58283020819461
2100,59.15848206977837,47.96144041126976,0.8038039050278604,0.017400746517611525,0.00034006723594925205,1179.0,59.15848206977837,47.96144041126976,803.8039050278603,1.372688419292731,0.02636849237416671,95.07047261876312
2101,68.2040279949151,57.18672723836843,2.005625175506261,0.04013147876460428,0.006843642355651856,412.0,68.2040279949151,57.18672723836843,1000.0,3.1658421145040614,0.5306495662918248,80.96001316669971
2102,69.76443156234987,62.147171786654084,2.1487209431447942,0.04324722690140623,0.005819143725053381,315.0,69.76443156234987,62.147171786654084,1000.0,3.4116333729705977,0.4512109098365129,77.36183609211993
2103,46.6599500688735,34.5298537692359,1.3535592665246827,0.03068751488914498,0.00574778699024647,65.0,46.6599500688735,34.5298537692359,1000.0,2.4208384544058448,0.44567797599668174,56.31235232705702
2106,60.7072892830366,49.6332334066991,0.4574597364764168,0.009903901525148332,0.0027151776851741054,450.0,60.7072892830366,49.6332334066991,457.4597364764168,0.78128664857149,0.21053231395895222,82.14306983465656
2107,62.4533008554739,53.5931454911492,0.4415873233750616,0.010649534827730943,0.002791997108179173,467.0,62.4533008554739,53.5931454911492,441.5873233750616,0.8401072398868236,0.21648881948363996,82.64039265058626
2108,73.2284162972517,65.8584134624644,0.3788889913581112,0.007210039231683713,0.001966707809393389,511.0,73.2284162972517,65.8584134624644,378.88899135811124,0.5687765950708764,0.15249666651786054,83.84813447560327
2109,69.6592956097368,60.84655411540821,0.7756116351808727,0.01637387799677348,0.0005304985480781465,152.0,69.6592956097368,60.84655411540821,775.6116351808728,1.2916820943477643,0.04113435650587815,67.61315908618909
2110,55.356989759743996,43.95860849997102,1.6292842668125767,0.02562986137905095,0.01190995517174087,68.0,55.356989759743996,43.95860849997102,1000.0,2.0218565834226303,0.9234866782919996,56.90982001104971
2111,52.1600922623107,39.5978212153213,2.507814182789849,0.04299631371559157,0.01534410362120632,447.0,52.1600922623107,39.5978212153213,1000.0,3.391839646071179,1.1897673064410736,82.05336443100582
2112,70.8340303115846,62.2957409000029,1.0030262462343285,0.02095644275612715,0.00044076284192093204,572.0,70.8340303115846,62.2957409000029,1000.0,1.6531857556681064,0.034176334581501766,85.3610466946345
2113,63.5203176577128,50.938053556217,1.2607281306459819,0.021715627624248075,0.013164496564334651,571.0,63.5203176577128,50.938053556217,1000.0,1.713075386007651,1.0207626332993858,85.33756929171315
2114,51.6364207032189,42.5879816315657,0.921308876963013,0.017835941354721534,0.006241991655159304,141.0,51.6364207032189,42.5879816315657,921.308876963013,1.407019527583532,0.48399813907165773,66.61032866030953
2115,60.577492586121636,46.5588085179523,1.858122991493246,0.0337668483583536,0.007473136414949351,313.0,60.577492586121636,46.5588085179523,1000.0,2.6637570779284054,0.579459941263221,77.27649733079936
2116,61.04344923793587,47.01404718913811,0.500209558779982,0.01152657942676406,0.00556620394542843,195.0,61.04344923793587,47.01404718913811,500.209558779982,0.9092944418886173,0.43159819815746353,70.94213500023021
2117,61.318857546786454,47.05641440975222,1.9017814977210274,0.03530708315934467,0.004478249910557825,217.0,61.318857546786454,47.05641440975222,1000.0,2.7852612026032992,0.3472392695713221,72.3719737661299
2118,62.40235969439601,47.75699635990766,1.9367251961853447,0.03599007478665911,0.006321468003802501,243.0,62.40235969439601,47.75699635990766,1000.0,2.8391401954579756,0.4901606601015798,73.8863923078512
2119,62.6312541897761,52.3119289367483,1.5640070554027332,0.025720977429517802,0.006081426895344929,25.0,62.6312541897761,52.3119289367483,1000.0,2.0290444329301756,0.47154809920555,43.79145573124012
2121,56.71973569756369,46.37058677892669,1.8348688195615304,0.03187343045195638,0.006100444668998096,25.0,56.71973569756369,46.37058677892669,1000.0,2.5143914843107757,0.4730227194174836,43.79145573124012
2122,54.8527600078424,44.5925369437912,2.004974850713229,0.03397662058589312,0.00556652242354483,25.0,54.8527600078424,44.5925369437912,1000.0,2.6803053281509635,0.43162289264989295,43.79145573124012
2123,49.60380863155329,40.32866986256565,0.7610282938876787,0.014501434494879964,0.010650275465262005,401.0,49.60380863155329,40.32866986256565,761.0282938876787,1.1439711034297746,0.825812303277709,80.59717172859622
2124,54.705156260331265,40.78530297583269,1.6899624648166442,0.030876100497711792,0.005624768050407029,265.0,54.705156260331265,40.78530297583269,1000.0,2.4357153610180373,0.4361392035595792,75.04671165454099
2127,57.492356320794,43.4079320556853,1.474348348212639,0.02399257991531817,0.014987563024911388,123.0,57.492356320794,43.4079320556853,1000.0,1.8926967624854112,1.162121485260327,64.78848748922921
2128,67.6209715605785,52.2683943136252,1.37520373234104,0.03228157120511057,0.01873191738416274,125.0,67.6209715605785,52.2683943136252,1000.0,2.5465883837213346,1.452455186748791,65.0035450332831
2129,69.7832461123833,62.9953021638636,1.1455393293238103,0.019200347378946523,0.002487678887870803,705.0,69.7832461123833,62.9953021638636,1000.0,1.5146530907051652,0.19289227202701079,88.1665404736879
2130,56.038242448979005,49.792003835937436,1.659159154228642,0.02744209171835231,0.00069884250908343,853.0,56.038242448979005,49.792003835937436,1000.0,2.164817553363325,0.05418758828698176,90.72454103561003
2131,55.21998956970006,42.672486754825094,1.2410502415807136,0.028388389830011757,0.003918088774562325,334.0,55.21998956970006,42.672486754825094,1000.0,2.2394679402164863,0.3038049040066075,78.14662236947817
2132,42.217001765441424,32.692955582117655,1.6346469659200105,0.03841053360454135,0.00763911136465274,328.0,42.217001765441424,32.692955582117655,1000.0,3.0300823360908007,0.5923294821448648,77.90370955750956
2133,54.0201288871138,44.7314997179431,2.0085834732530556,0.041292600946650396,0.007769247516863483,48.0,54.0201288871138,44.7314997179431,1000.0,3.2574392750664227,0.60242011650896,52.30921622787394
2135,49.415787140622896,39.8680876200131,1.592210602153175,0.03457065683831191,0.004485951616746061,51.0,49.415787140622896,39.8680876200131,1000.0,2.7271669201815136,0.3478364525969838,53.107915117418266
2136,47.7884350629575,37.7923197187389,1.6800668130267713,0.03270203504688346,0.0029276674303362134,52.0,47.7884350629575,37.7923197187389,1000.0,2.5797574115988926,0.22700856815984738,53.36393828219709
2137,48.288564286071,38.0070553013675,1.7023728267967346,0.036162656303052744,0.004064836122782137,48.0,48.288564286071,38.0070553013675,1000.0,2.852754591179317,0.31518355482447324,52.30921622787394
2138,63.1745089015319,53.118711766660894,1.399123386117427,0.025206720686697808,0.0035493508288025216,51.0,63.1745089015319,53.118711766660894,1000.0,1.9884763874904159,0.27521331186544556,53.107915117418266
2139,63.16437799331,53.23245126483491,1.2015589837585654,0.025869417236112944,0.0020556616850898246,51.0,63.16437799331,53.23245126483491,1000.0,2.0407543675165436,0.1593940660465351,53.107915117418266
2140,58.2484383691061,48.67854490410879,2.2285639806215647,0.04804921064376369,0.002474214747053268,48.0,58.2484383691061,48.67854490410879,1000.0,3.790446285743885,0.19184827526125103,52.30921622787394
2141,55.83827899672098,47.41142908626053,1.9064770746140878,0.04109106653688997,0.007278632534853331,100.0,55.83827899672098,47.41142908626053,1000.0,3.2415408795529235,0.5643782940567753,62.03095686364205
2142,60.26469783458608,51.823146745731336,1.955453798036565,0.043457119432632155,0.0060381694963463186,88.0,60.26469783458608,51.823146745731336,1000.0,3.428191113560535,0.46819396133208735,60.33090750531447
2143,53.9489253046718,45.3497401242727,3.444525864671751,0.06396163486047253,0.010313619472123963,89.0,53.9489253046718,45.3497401242727,1000.0,4.0,0.7997083154501292,60.48108571299023
2144,54.356163117000506,39.3717000980061,1.653674835253399,0.030885032303462696,0.013587896916749321,737.0,54.356163117000506,39.3717000980061,1000.0,2.4364199621858793,1.0535926968387377,88.76235257970781
2145,54.85703200480635,46.19657208221328,1.6694200016695935,0.04733123067773744,0.012674877104380632,91.0,54.85703200480635,46.19657208221328,1000.0,3.733807176401598,0.9827980026874329,60.776500016822
2146,45.95250338715701,34.08411232522711,1.716631471683973,0.0359580009856694,0.010337880227916155,343.0,45.95250338715701,34.08411232522711,1000.0,2.836609997392236,0.8015894715465472,78.50295336436642
2147,50.455879313848435,39.992707647818506,0.9204097906739739,0.0230793114705347,0.019847402762361237,344.0,50.455879313848435,39.992707647818506,920.4097906739739,1.8206519788555289,1.5389488697006848,78.54196880469381
2148,65.12540068281777,54.44341524656072,1.5242369320399356,0.02855229695121286,0.00698449385057611,36.0,65.12540068281777,54.44341524656072,1000.0,2.252398041053519,0.5415710582121885,48.53366070507114
2151,62.185779000562306,49.6798057870099,1.7991989047801749,0.04125441012839201,0.016502662636999614,296.0,62.185779000562306,49.6798057870099,1000.0,3.254426525360912,1.2796008785806914,76.52837047404688
2152,46.1411970238342,35.8741300672566,1.0010951553685363,0.018054533112155213,0.023567688815594998,432.0,46.1411970238342,35.8741300672566,1000.0,1.4242635218959807,1.8274163374665366,81.5956308750841
2153,41.9331449251282,27.2984794191272,0.9037879250040095,0.01228780166318178,0.02370681164326315,405.0,41.9331449251282,27.2984794191272,903.7879250040095,0.9693447936008923,1.8382037901601198,80.73025014004641
2154,73.7673147320371,67.2725219171912,1.924014777622489,0.03211962183904043,0.0040972903539441,1831.0,73.7673147320371,67.2725219171912,1000.0,2.533812723832761,0.3177000252645463,100.0
2155,50.433797442269,39.61251163748,1.3848580704766917,0.02698146305087951,0.0008234084829499133,2535.0,50.433797442269,39.61251163748,1000.0,2.128480052739763,0.0638463162817868,100.0
2156,68.8028465405836,59.5655241435082,1.1264366724784334,0.016886924447863553,0.005672490561902528,602.0,68.8028465405836,59.5655241435082,1000.0,1.3321546638009076,0.43983956203996194,86.04695110900208
2157,64.70508259313698,53.7580259522068,1.876347760197071,0.03015500289071217,0.02284583502315368,63.0,64.70508259313698,53.7580259522068,1000.0,2.3788303110975497,1.7714444759959047,55.89875631706885
2158,60.3580511713536,53.0868159248148,1.5249436366125984,0.036442292122648594,0.010364686168769144,17.0,60.3580511713536,53.0868159248148,1000.0,2.874814153439485,0.8036679788893418,38.84893691934613
2159,45.6488872994262,35.6054537590128,2.6783576373559423,0.042080371233988494,0.00787138600072156,319.0,45.6488872994262,35.6054537590128,1000.0,3.3195839163550853,0.610339838105199,77.53090511071295
2160,69.83539809902726,62.92636551103675,2.0221283832644223,0.03859539233835062,0.0008175163346427927,7.0,69.83539809902726,62.92636551103675,1000.0,3.0446652416488047,0.06338944466558984,27.949378158534426
2161,69.7438674142603,62.758461000269264,1.7731669450765557,0.034635248391373254,0.001374401662917312,9.0,69.7438674142603,62.758461000269264,1000.0,2.7322623381730176,0.10656980719273226,30.94860817982224
2162,69.73753470345173,62.65989284541252,2.0658583585982924,0.04130579333706729,0.0023539657095620536,10.0,69.73753470345173,62.65989284541252,1000.0,3.2584799799309945,0.1825242784368079,32.22965417429489
2163,61.39704751354664,54.23774614592202,0.9582052816752016,0.025961896324261064,0.000980624054806156,7.0,61.39704751354664,54.23774614592202,958.2052816752016,2.048049742643076,0.07603666327602128,27.949378158534426
2164,61.11755314982454,54.41580262753463,1.3969198136449206,0.03293468667259655,0.0012413644870866733,9.0,61.11755314982454,54.41580262753463,1000.0,2.59811054328912,0.09625423019638098,30.94860817982224
2165,61.07895543621996,54.22705668892401,1.2357328171306026,0.030858170652494587,0.001330371895326468,9.0,61.07895543621996,54.22705668892401,1000.0,2.434300933719504,0.10315578058792063,30.94860817982224
2166,58.03237360612609,51.02893726615028,1.2069649229346802,0.030240417972502955,0.0011344026376024353,10.0,58.03237360612609,51.02893726615028,1000.0,2.385568429688524,0.08796050938385087,32.22965417429489
2167,46.158712813347826,35.32494456065951,2.7064615620349954,0.05169836847657549,0.006406962430841693,125.0,46.158712813347826,35.32494456065951,1000.0,4.0,0.4967898172478834,65.0035450332831
2168,44.58182587554453,32.33023704114465,2.7949938813932103,0.04893432678337952,0.011586390501348404,124.0,44.58182587554453,32.33023704114465,1000.0,3.860270225386362,0.8983977792689055,64.8964463809323
2169,44.11850825302872,33.0069903547391,1.6994155606267138,0.04343140901200064,0.010435599164548197,134.0,44.11850825302872,33.0069903547391,1000.0,3.4261629019191377,0.8091665056239441,65.9308650933961
2170,49.777710683210714,38.930370723524945,1.8846786156457707,0.04746079594225501,0.006100694933689728,140.0,49.777710683210714,38.930370723524945,1000.0,3.7440281596200973,0.47304212470536555,66.5153402101566
2171,55.257872381699976,39.28504044421679,1.8459973194357984,0.039295138445439366,0.03340271709249561,358.0,55.257872381699976,39.28504044421679,1000.0,3.09986594103683,2.0,79.07661695148936
2172,64.92661859708605,58.951341511869096,1.6565657251233321,0.019812193682520466,0.006715940601567215,1767.0,64.92661859708605,58.951341511869096,1000.0,1.5629196598694806,0.5207476928597984,100.0
2173,55.094719376275506,43.1291799298274,1.1355748959868304,0.02468147318467391,0.009045197170646498,176.0,55.094719376275506,43.1291799298274,1000.0,1.947041316727164,0.7013560478746587,69.57164381934672
2174,56.7650852063115,41.256664664302,0.8508283563231023,0.009290096972795456,0.00687991213393049,1112.0,56.7650852063115,41.256664664302,850.8283563231023,0.7328655995164288,0.5334618906525744,94.28478516271805
2175,48.7556418765368,47.1848830533493,2.3638102667862335,0.03762292147027429,0.013689150656868435,381.0,48.7556418765368,47.1848830533493,1000.0,2.9679501709846323,1.0614438162408584,79.91126731422864
2176,52.46091653536331,41.6112291126019,0.9413957820233472,0.0158154365067046,0.005599366163603483,201.0,52.46091653536331,41.6112291126019,941.3957820233471,1.247628457597509,0.4341695652420298,71.3474162498202
2177,57.1387392308725,48.5125678488955,1.1263803677923232,0.02042879381939057,0.007010987017463361,183.0,57.1387392308725,48.5125678488955,1000.0,1.611561243514139,0.5436253133570101,70.09295940300014
2178,44.351732039011,33.3116383640529,0.9056738118288452,0.017733970931987718,0.020729395186642203,165.0,44.351732039011,33.3116383640529,905.6738118288453,1.3989754118753106,1.6073377294766265,68.70925533360597
2179,46.821587585602,36.0389601814885,1.4415091981034187,0.027239295096786374,0.01784198172410241,165.0,46.821587585602,36.0389601814885,1000.0,2.148819586056951,1.3834504159707506,68.70925533360597
2180,48.7449370753263,35.1170955135539,1.520816128880545,0.0301780957820884,0.036571387722552536,203.0,48.7449370753263,35.1170955135539,1000.0,2.380652034351092,2.0,71.47983909196138
2181,47.8994995338048,34.8962867822256,1.6313674622141503,0.03150628573291146,0.03374655490864997,216.0,47.8994995338048,34.8962867822256,1000.0,2.4854286289799794,2.0,72.3101768308099
2182,67.8539412477897,59.0037829930251,1.3944789735432301,0.01965228517813741,0.005971959303400458,804.0,67.8539412477897,59.0037829930251,1000.0,1.5503049969358598,0.4630600854886481,89.93033815204679
2186,68.17629330408592,58.991508099811114,1.9043716743726298,0.03547420433066734,0.01575156586759575,323.0,68.17629330408592,58.991508099811114,1000.0,2.798444849423341,1.22136154428845,77.69787383869226
2187,50.22846994264461,41.0499155746635,2.2515107754616186,0.04299713035785699,0.010424180943758257,322.0,50.22846994264461,41.0499155746635,1000.0,3.391904068329115,0.8082811475653071,77.65632570744697
2188,50.933410073910196,41.10218943250841,2.32376189685249,0.04642814115416358,0.004621088046315446,320.0,50.933410073910196,41.10218943250841,1000.0,3.6625653748306277,0.3583148037460613,77.57284214865102
2189,56.7514378704258,46.3793070072986,2.356124516183207,0.047704223839697975,0.003665582010609948,303.0,56.7514378704258,46.3793070072986,1000.0,3.7632313964131017,0.28422576795394355,76.84148169913844
2190,65.3364680898807,54.8826063165453,2.2225578025307176,0.04275800332109977,0.01264479887181527,295.0,65.3364680898807,54.8826063165453,1000.0,3.3730401124773244,0.9804657649350534,76.48303886360557
2191,58.1289632794094,43.3729298240913,1.9675010476130064,0.03512021557930865,0.004734037109231207,391.0,58.1289632794094,43.3729298240913,1000.0,2.7705198256861028,0.3670727674347713,80.25859438640836
2192,67.3121904670479,55.1164447877198,1.9210816102920356,0.02778878834696028,0.019756944486852578,510.0,67.3121904670479,55.1164447877198,1000.0,2.1921673252030747,1.5319348204310683,83.82185722431069
2193,57.7004268266535,46.1505844663565,0.5060700088429695,0.005333118508787419,0.008200240466122282,485.0,57.7004268266535,46.1505844663565,506.0700088429695,0.42071241071863336,0.6358389028384557,83.14765321909813
2194,47.123324924159,34.075178989185,1.3478244841695786,0.02121229704943965,0.015388599888198282,176.0,47.123324924159,34.075178989185,1000.0,1.6733692705018484,1.1932175049689655,69.57164381934672
2195,49.0323696216808,36.6047584802145,1.0386653980791143,0.02233818923099256,0.01647127079850864,1367.0,49.0323696216808,36.6047584802145,1000.0,1.762187250662969,1.2771667850651849,97.05749984612828
2196,50.1899864504872,49.0141307073481,1.2807249498597952,0.027155371134172955,0.010473475676111111,443.0,50.1899864504872,49.0141307073481,1000.0,2.1421990970185067,0.8121034145664328,81.93281824401143
2197,50.6728640877956,49.08102416886679,1.4209703212300255,0.03170400738961022,0.009519959906486623,498.0,50.6728640877956,49.08102416886679,1000.0,2.501026248778593,0.7381687021269696,83.50245661626289
2198,54.2277765286308,40.133481753469496,1.5901082116181213,0.03433957620643858,0.012193114342591316,1292.0,54.2277765286308,40.133481753469496,1000.0,2.7089377190967023,0.945442573032649,96.29964355943618
2199,63.448540605191894,57.440664505300994,2.0454663229523096,0.039528676218599894,0.01174161693862364,416.0,63.448540605191894,57.440664505300994,1000.0,3.1182889780232266,0.9104338906459273,81.08956414320801
2200,62.36244822582905,55.86263025484179,1.3334667533843159,0.01853970792455097,0.0007939934883238953,797.0,62.36244822582905,55.86263025484179,1000.0,1.4625373882289059,0.06156550537297566,89.81295042112498
2201,52.2638762581181,39.6116623129011,1.124950650617452,0.022050527108117442,0.004263183357955846,393.0,52.2638762581181,39.6116623129011,1000.0,1.739494519386171,0.33056321215463563,80.32699560148868
2202,64.36231272870653,57.211426010310326,1.588295814836835,0.021967171974226055,0.0029198150247160826,685.0,64.36231272870653,57.211426010310326,1000.0,1.732918903399495,0.22639970004253135,87.78028372798904
2203,53.69817028678402,39.34085855512127,1.5935363056005143,0.02701759602493432,0.008919158455531727,538.0,53.69817028678402,39.34085855512127,1000.0,2.131330465794711,0.6915831249140664,84.53887040216884
2204,70.0531243455241,59.0152787196261,1.1474999068950227,0.02307418478090394,0.012286941132285005,417.0,70.0531243455241,59.0152787196261,1000.0,1.8202475509490403,0.9527178137115241,81.12175771489889
2205,64.3329274369069,56.0380590813034,1.46185680539444,0.02829372368575508,0.017855127124566675,75.0,64.3329274369069,56.0380590813034,1000.0,2.23200003533156,1.3844696979104818,58.20856292678215
2206,55.8385659065178,47.7288706533959,1.915660889117297,0.03706646942323452,0.00789859736399642,88.0,55.8385659065178,47.7288706533959,1000.0,2.9240534749382796,0.612449781519774,60.33090750531447
2207,57.1353979314328,49.1305689708761,1.58221191203369,0.031643420239878886,0.014105499049898083,99.0,57.1353979314328,49.1305689708761,1000.0,2.4962467251696503,1.09372707750816,61.89721635964448
2208,67.9054694444899,58.6905405557132,1.4777583617048344,0.026995810256693873,0.020101404750118256,444.0,67.9054694444899,58.6905405557132,1000.0,2.1296118572431304,1.558643943995327,81.96305629895858
2209,63.6523481859051,55.199535943815604,1.0202910488679935,0.022332564327406698,0.002859401867949597,351.0,63.6523481859051,55.199535943815604,1000.0,1.7617435202744978,0.22171532091071128,78.8119511051856
2210,64.6996404935261,55.0015508047147,1.3059563260556621,0.022455430485189973,0.023665321903540378,422.0,64.6996404935261,55.0015508047147,1000.0,1.7714360327044325,1.8349867149178305,81.28157897674058
2211,55.5154512649211,44.652626378485806,0.9579063452211537,0.015247331283973849,0.017418092342791004,558.0,55.5154512649211,44.652626378485806,957.9063452211537,1.2028124803408469,1.3505824335925012,85.02857155089397
2212,65.6464036170132,51.193064352586,2.6707739872855725,0.045588814234717716,0.0003451644311887962,1514.0,65.6464036170132,51.193064352586,1000.0,3.5963535981601336,0.026763724080121516,98.42934442387013
2213,66.52994062092822,58.239521911407586,1.526306495973139,0.029010128748990033,0.008341914631853499,234.0,66.52994062092822,58.239521911407586,1000.0,2.2885149057039307,0.6468241838764016,73.38125023721669
2214,57.78954934207203,53.01151911786896,1.9751990858119082,0.032837193557099714,0.007333389785838694,416.0,57.78954934207203,53.01151911786896,1000.0,2.590419627817888,0.5686241195947972,81.08956414320801
2215,59.20478873831142,51.31684050700642,1.4699717880528111,0.03536866511209405,0.007169405724421595,87.0,59.20478873831142,51.31684050700642,1000.0,2.790119202993739,0.555908950311018,60.17903233282932
2216,71.4049950982786,61.2949823837492,1.549409449665325,0.027861198600810422,0.0033499185117639185,324.0,71.4049950982786,61.2949823837492,1000.0,2.1978795351245015,0.259749518312045,77.73929393235018
2217,70.00422708678572,58.57735277706371,1.9420150024420977,0.03152308815730999,0.01923708736181351,977.0,70.00422708678572,58.57735277706371,1000.0,2.48675411770913,1.4916255898197004,92.54682554171984
2218,58.560197453787985,50.65137839723228,1.4777007191265068,0.031693747948288865,0.010092301569905237,27.0,58.560197453787985,50.65137839723228,1000.0,2.50021691474939,0.7825475342868656,44.78752688629325
2219,58.24530460561426,50.37636036161858,1.535011911181258,0.02997330252724718,0.011232713289360626,27.0,58.24530460561426,50.37636036161858,1000.0,2.3644965591256306,0.8709739822036453,44.78752688629325
2221,60.003897008150474,52.12135443263015,1.0878728064424998,0.03011249166632641,0.005939772621713727,26.0,60.003897008150474,52.12135443263015,1000.0,2.375476738574369,0.4605643605822564,44.29871629975198
2222,54.916624230857906,42.3465434290499,2.476676192226148,0.0513191233749253,0.018048128019293633,220.0,54.916624230857906,42.3465434290499,1000.0,4.0,1.3994348050505727,72.55567789808308
2223,57.2770704805701,41.62400244982679,2.787751179335482,0.03353540842655709,0.0009194840691732625,410.0,57.2770704805701,41.62400244982679,1000.0,2.6454995328387496,0.07129592652019281,80.89476638927518
2224,52.3782456448958,39.4412112320846,1.773282802980245,0.034847011159014854,0.01818814845105279,240.0,52.3782456448958,39.4412112320846,1000.0,2.748967615644004,1.4102918571178287,73.72011212830854
2226,49.838890329558,36.7425767246019,2.50892278997027,0.03925104293528721,0.011146566204854668,108.0,49.838890329558,36.7425767246019,1000.0,3.0963873893512797,0.8642942186136268,63.05551437995176
2227,48.1077734778077,33.543024699792,1.358866994686914,0.029653197410000044,0.01592013569421493,104.0,48.1077734778077,33.543024699792,1000.0,2.339244505315367,1.2344322894759863,62.55299567416506
2228,63.35162774470815,52.891555468607166,2.108860340533475,0.03439866462344609,0.015514059883983949,217.0,63.35162774470815,52.891555468607166,1000.0,2.713599012545145,1.2029455545792227,72.3719737661299
2229,51.8233656554316,43.6715594626888,2.927455689441329,0.04523898454758087,0.014900803449663326,1278.0,51.8233656554316,43.6715594626888,1000.0,3.568756669501267,1.1553942297164972,96.15331914650085
2230,58.65248574043563,42.71613896529763,2.321719362912465,0.033937182448621,0.032110539372673906,576.0,58.65248574043563,42.71613896529763,1000.0,2.677194181496587,2.0,85.4545483569588
2231,50.4419157353778,34.9588054611133,2.8167145048614017,0.04055109993776434,0.025576841012719915,458.0,50.4419157353778,34.9588054611133,1000.0,3.198944666989603,1.983204101731879,82.3793978527731
2232,49.51497945847548,34.234936346834665,2.5787572059871318,0.037732904868268136,0.02525538679861687,340.0,49.51497945847548,34.234936346834665,1000.0,2.9766264043053012,1.9582788454967126,78.38522289116781
2233,47.0179551090976,33.5041123324407,2.773757859637843,0.037653231617468357,0.026520831166304628,244.0,47.0179551090976,33.5041123324407,1000.0,2.9703412401263063,2.0,73.94136502151805
2234,51.6680574957607,43.4355195468725,2.3004618900415394,0.04470985335217919,0.008662993995585592,165.0,51.6680574957607,43.4355195468725,1000.0,3.5270152267718253,0.671720374567749,68.70925533360597
2235,48.6391288065263,40.6391288065263,2.2965494839103413,0.04182481657085467,0.010665492318380274,167.0,48.6391288065263,40.6391288065263,1000.0,3.2994240383737004,0.8269922037003059,68.87022503905538
2236,64.4548057748428,51.3992495339059,1.7433359497152132,0.03408802730027728,0.011937851415037367,348.0,64.4548057748428,51.3992495339059,1000.0,2.6890938422823436,0.9256497266567687,78.69690780864886
2237,47.31294402859456,39.915783988059104,2.461566842912246,0.04116242849005658,0.005184885308778991,506.0,47.31294402859456,39.915783988059104,1000.0,3.2471703924356476,0.40203111112377227,83.71623145670796
2238,48.94633690169308,43.30741452900236,1.6681271773135662,0.031740291385868966,0.019795026302807675,508.0,48.94633690169308,43.30741452900236,1000.0,2.503888575485073,1.5348876484822724,83.76914809889772
2239,56.76001814113576,52.012016474562834,1.562161653755317,0.028042425187478702,0.014460127974056164,514.0,56.76001814113576,52.012016474562834,1000.0,2.212175912382553,1.1212246694364714,83.9266593908053
2240,57.53225489797444,52.671288062322496,1.791772268559529,0.031517864450164676,0.016675718850603708,478.0,57.53225489797444,52.671288062322496,1000.0,2.486342036405785,1.2930194939788613,82.95265359512999
2241,37.8536090678735,18.8536090678735,0.38997823687311045,0.007586585039350419,0.0,839.0,37.8536090678735,18.8536090678735,389.97823687311046,0.5984810717721589,0.0,90.50237383269949
2242,54.9713657795604,36.8425122063918,1.3033119030835352,0.01898694888196534,0.008419785491129358,247.0,54.9713657795604,36.8425122063918,1000.0,1.4978187758552783,0.65286221677673,74.10494687540735
2243,44.8992200079048,42.0298049508183,1.5263549566897452,0.03569373627181409,0.009067327142269325,265.0,44.8992200079048,42.0298049508183,1000.0,2.815763011777582,0.7030719849785322,75.04671165454099
2244,71.49517495437551,55.63995789302135,2.397947243899636,0.0347824260899329,0.0033840825397818907,422.0,71.49517495437551,55.63995789302135,1000.0,2.7438727091525905,0.26239856478589335,81.28157897674058
2245,57.2830248805219,40.8548522986974,2.543976967482121,0.03723667717964926,0.005428772510045654,756.0,57.2830248805219,40.8548522986974,1000.0,2.9374806124388364,0.42094189442462676,89.10401028678847
2246,54.3893400446974,36.5411989704084,1.1260299770294313,0.015019786947138753,0.011957592745574917,228.0,54.3893400446974,36.5411989704084,1000.0,1.1848622460946867,0.9271804507863141,73.03362371177901
2247,57.7440187066376,38.9781753729206,1.6751554495304402,0.024524742957560734,0.00870402575030882,331.0,57.7440187066376,38.9781753729206,1000.0,1.9346773777723827,0.6749019380856163,78.0257147197841
2248,73.1350206247377,64.1209746691417,2.155612192959113,0.03485280995345875,0.005131963416567707,459.0,73.1350206247377,64.1209746691417,1000.0,2.749425063717909,0.39792759757209345,82.4086488104661
2249,68.8841729227792,57.386197966508504,2.2466262564725477,0.03460564580536604,0.01477775380008039,463.0,68.8841729227792,57.386197966508504,1000.0,2.729927086237011,1.145853076074881,82.52502018464386
2250,63.92545335856794,56.052034523331606,0.9601649164023394,0.009502874154283308,0.011199256550874443,724.0,63.92545335856794,56.052034523331606,960.1649164023394,0.7496509008035033,0.8683797782922487,88.5234802272195
2251,60.5760133109733,45.6719629569806,1.5413140960576828,0.03697287603823053,0.010308613202583678,232.0,60.5760133109733,45.6719629569806,1000.0,2.9166701965491972,0.7993201340370404,73.26637082201646
2252,47.0726830564015,36.0227869077796,1.6204415967252281,0.0354508074820511,0.014458918321389312,239.0,47.0726830564015,36.0227869077796,1000.0,2.7965991479696157,1.1211308741108728,73.66422510494066
2253,54.918637887751665,45.556681586227654,0.8805307366736048,0.015983628965295586,0.013138439625967616,114.0,54.918637887751665,45.556681586227654,880.5307366736048,1.260896614793325,1.0187422029021223,63.77573003810981
2254,67.63840073079737,55.36871997728202,1.8980595996531788,0.03206760913122119,0.020899782998081703,129.0,67.63840073079737,55.36871997728202,1000.0,2.529709610118228,1.6205494394905364,65.42360452488421
2255,44.44289283209503,41.75892647919647,2.210753484222162,0.03679834091379451,0.012671910102918998,644.0,44.44289283209503,41.75892647919647,1000.0,2.9029016870297544,0.9825679441956265,86.95196276606009
2256,67.9989729772517,58.138366170798534,2.3139505884427587,0.043409524026650465,0.023917256823885364,242.0,67.9989729772517,58.138366170798534,1000.0,3.424436466451776,1.8545215107571287,73.83119383291998
2257,45.5082661659133,28.7982856549365,2.5197673090650494,0.03978905276582533,0.005481390632269879,443.0,45.5082661659133,28.7982856549365,1000.0,3.1388292387913515,0.4250218539383374,81.93281824401143
2258,70.9098016041618,56.9098016041618,2.187557478286938,0.034686788399538274,0.008100740925691132,1098.0,70.9098016041618,56.9098016041618,1000.0,2.7363281621459588,0.6281238024237735,94.1146460585582
2259,70.2124497649345,56.1806278712944,1.6767923216102334,0.031014985763740795,0.00461170081475762,1085.0,70.2124497649345,56.1806278712944,1000.0,2.446671568908052,0.3575869266747635,93.954707762368
2260,69.3591556624044,54.9949289062578,1.388467429998113,0.024836074928761616,0.001175021747651996,1089.0,69.3591556624044,54.9949289062578,1000.0,1.9592373465639796,0.09111007682335308,94.004122559774
2261,49.938279512803504,38.8109965206382,1.9698557068125164,0.03597949778417473,0.014036252039417309,146.0,49.938279512803504,38.8109965206382,1000.0,2.8383058100592544,1.0883577297005147,67.07545499445794
2262,51.1265262313931,39.7325485590275,1.3368928323101703,0.032026111993299716,0.01624279921806426,,51.1265262313931,39.7325485590275,1000.0,2.526436035585035,1.259451314447014,
2263,67.054826831997,53.7008175335702,1.6784131211884477,0.024175906447425614,0.0025245414755123564,602.0,67.054826831997,53.7008175335702,1000.0,1.9071587976238626,0.19575056226601342,86.04695110900208
2264,74.1693594147965,63.73404274711581,0.7045530486444105,0.012761073604681948,0.0009854025309613858,801.0,74.1693594147965,63.73404274711581,704.5530486444105,1.0066796810791936,0.07640718180512215,89.88015460990935
2265,50.84429586694298,36.995836558400825,1.559267691770627,0.028694980012407664,0.0144823161115096,308.0,50.84429586694298,36.995836558400825,1000.0,2.2636538446785597,1.1229451166639286,77.06074936374519
2266,46.57387508572545,34.713903714872586,1.8705424483661468,0.03602870482360621,0.007936691861705553,279.0,46.57387508572545,34.713903714872586,1000.0,2.8421875937003707,0.6154035929022116,75.7361350661155
2267,45.61053750411139,34.34487837859018,2.4520534630703685,0.040734795119276024,0.009098962942331307,145.0,45.61053750411139,34.34487837859018,1000.0,3.213435783683117,0.7055249950438992,66.98370849655186
2268,66.7315264002202,54.3533174193542,2.2015597086399503,0.041896319362234855,0.0199491918804373,582.0,66.7315264002202,54.3533174193542,1000.0,3.3050646615260084,1.546841501804068,85.59359245649198
2269,54.1913725715024,48.9876656341646,1.4827097857456095,0.03635046741234012,0.014665828954791224,1071.0,54.1913725715024,48.9876656341646,1000.0,2.8675704000569633,1.1371745292538413,93.78031112054666
2270,72.71922730822237,64.0154360540183,1.9753353908872162,0.039668482774950095,0.005043886694886782,463.0,72.71922730822237,64.0154360540183,1000.0,3.129317863516667,0.3910982117375473,82.52502018464386
2271,59.0981756832549,45.276046410998,1.5039668213441373,0.031097164510001683,0.01258468414714532,1337.0,59.0981756832549,45.276046410998,1000.0,2.4531543834924805,0.9758045259462106,96.75946524601078
2272,50.5874324017103,37.6166515556884,1.6130080990818239,0.027904301302179278,0.020858795114235766,1285.0,50.5874324017103,37.6166515556884,1000.0,2.2012797673472617,1.61737127767907,96.22668047348729
2273,57.217013762351,46.0322771441156,0.46780103479081614,0.007792334912663754,0.0055593216656746325,425.0,57.217013762351,46.0322771441156,467.8010347908161,0.6147120115242156,0.43106455268380206,81.37656742689353
2274,63.7560395333685,54.668458087798,1.3922308012174263,0.022221896866789916,0.015233091742274371,14.0,63.7560395333685,54.668458087798,1000.0,1.7530133234736054,1.181159550169323,36.398387560228095
2275,55.0028181556938,45.8368051857413,1.7142586953903567,0.03258573723016883,0.010680924983342515,13.0,55.0028181556938,45.8368051857413,1000.0,2.570583054278554,0.8281888379695086,35.471067500115105
2276,65.1468412024174,56.1009395927685,1.733156439705169,0.02873924944304005,0.009000944850656318,17.0,65.1468412024174,56.1009395927685,1000.0,2.267146116386343,0.697924764766943,38.84893691934613
2277,60.9646095792542,51.94356728482481,1.7072426853558538,0.02773661729637329,0.00451477416023274,13.0,60.9646095792542,51.94356728482481,1000.0,2.1880517203414893,0.3500713254038602,35.471067500115105
2278,54.2465110475914,45.1901223500555,1.8679009939135813,0.032027363506262334,0.008642515927380275,13.0,54.2465110475914,45.1901223500555,1000.0,2.5265347633809165,0.6701325244950941,35.471067500115105
2279,51.070021767966,40.5000083255963,0.9749810067114577,0.017687420115773372,0.008305563341098282,1277.0,51.070021767966,40.5000083255963,974.9810067114577,1.3953031690631197,0.6440055391151842,96.14280619347751
2280,57.37484396408124,48.95695240660843,1.6471300833376028,0.02631769282845078,0.017166436962663584,218.0,57.37484396408124,48.95695240660843,1000.0,2.0761173741341588,1.3310693130377231,72.43348787695771
2281,51.83313231935368,41.94617434840762,1.2142339288884623,0.026134315676496957,0.021201103385109606,205.0,51.83313231935368,41.94617434840762,1000.0,2.0616513457603114,1.6439135377852392,71.61096998333933
2282,66.0235343629374,56.9997087128138,2.7811563886088817,0.04734109680337054,0.01228796533208638,13.0,66.0235343629374,56.9997087128138,1000.0,3.7345854830326464,0.9527972291970436,35.471067500115105
2283,58.7565899051954,49.7441106682673,2.478059710111515,0.046958753931438856,0.008852969530306029,13.0,58.7565899051954,49.7441106682673,1000.0,3.7044236947456577,0.6864508981495668,35.471067500115105
2284,64.3257139623689,55.2686624783459,2.13742494464359,0.0374810160512789,0.011813386198270626,11.0,64.3257139623689,55.2686624783459,1000.0,2.956755713028894,0.91599881127234,33.39915753894028
2285,58.8876343525404,49.46933714689321,2.8950146319450307,0.05079606306551204,0.013657171496052984,11.0,58.8876343525404,49.46933714689321,1000.0,4.0,1.0589641823068785,33.39915753894028
2286,47.624783728434565,35.25680464161256,0.585206277821379,0.011395223879497074,0.017073336024454752,119.0,47.624783728434565,35.25680464161256,585.206277821379,0.8989322290743131,1.3238503541976139,64.34776571876252
2287,47.61008236521243,35.2852853628016,0.637160630831903,0.01621257392211404,0.011116016688233974,119.0,47.61008236521243,35.2852853628016,637.160630831903,1.2789573394043114,0.8619254379405971,64.34776571876252
2288,47.7657725589329,40.92047278968779,2.2648898559430615,0.045445801963273955,0.013804618091424465,1087.0,47.7657725589329,40.92047278968779,1000.0,3.5850718242069926,1.0703970520886352,93.97943787008995
2289,48.007234830133,40.832572682379,1.7136723357453163,0.033896713299928743,0.01448388555934736,1124.0,48.007234830133,40.832572682379,1000.0,2.674001701697386,1.1230668101673502,94.42892391410028
2290,50.3417229308461,42.8471418691555,1.3639442516365619,0.028908050861375843,0.019164831527315303,1159.0,50.3417229308461,42.8471418691555,1000.0,2.2804623124400702,1.486022940638762,94.84070959210982
2291,59.9714551696211,52.974920303031816,1.0133107477618608,0.017360905797605998,0.0025037917479361006,141.0,59.9714551696211,52.974920303031816,1000.0,1.369545514193084,0.1941416479822446,66.61032866030953
2292,69.7468132297381,55.9675835513028,1.3026981842648302,0.02079555051213994,0.01584886545358263,624.0,69.7468132297381,55.9675835513028,1000.0,1.640493488709805,1.228906062312784,86.5285951745764
2293,58.22423177496917,43.52267752769951,1.7242787148190752,0.031898410432324324,0.01001608912549108,503.0,58.22423177496917,43.52267752769951,1000.0,2.516362073890397,0.7766380933089903,83.63646380563938
2294,50.9874896289986,40.2298258199571,0.2787579743727681,0.0028552570207453316,0.0042936542441316524,615.0,50.9874896289986,40.2298258199571,278.7579743727681,0.22524195973514857,0.332925895897214,86.33364044676628
2295,70.8814458646697,60.3045567231822,2.059139527702162,0.03189811251748679,0.036266003277197714,289.0,70.8814458646697,60.3045567231822,1000.0,2.5163385723557354,2.0,76.20779081975354
2296,49.03520538780009,41.7841256797281,1.0590494296139472,0.01817280617721628,0.021981602648561145,471.0,49.03520538780009,41.7841256797281,1000.0,1.4335937001477737,1.7044327137032504,82.75478321129715
2297,70.2811188402533,59.5474590197368,2.100541551093908,0.031800669279915074,0.021766260589210294,513.0,70.2811188402533,59.5474590197368,1000.0,2.5086515915921397,1.687735293753398,83.90053535973361
2298,50.9066175021366,45.719149900723096,2.343308842455405,0.04144604840556641,0.010515548293946684,505.0,50.9066175021366,45.719149900723096,1000.0,3.2695442470922336,0.8153656856272182,83.68969480493875
2299,44.32959695198937,37.13532533803924,1.7691359318938833,0.030294727565305362,0.01482243127287759,46.0,44.32959695198937,37.13532533803924,1000.0,2.3898527372049236,1.1493173251298117,51.74910144357259
2300,62.3548642587358,49.7576934120755,2.8456584719796907,0.054162551565252924,0.010141421853192771,266.0,62.3548642587358,49.7576934120755,1000.0,4.0,0.7863562746721862,75.09714627189848
2301,60.8340424588276,48.2720093444301,2.4610965225832206,0.04666958469479051,0.01755178510054816,254.0,60.8340424588276,48.2720093444301,1000.0,3.681612072154572,1.360948843792415,74.47906911324918
2302,46.59284281405026,43.746093875095525,1.9172439683517875,0.03471050185060313,0.009527608692088897,90.0,46.59284281405026,43.746093875095525,1000.0,2.7381988393393333,0.7387617817403649,60.62960445899895
2303,51.64735033777337,50.68689872569561,2.3215020995131606,0.042189140724380784,0.010796730001494245,80.0,51.64735033777337,50.68689872569561,1000.0,3.32816438844476,0.8371682497305399,59.06495506633598
2304,54.08088373474979,50.41186058087718,2.3820068054561894,0.04100164601773373,0.015305738209544149,80.0,54.08088373474979,50.41186058087718,1000.0,3.2344867850076873,1.1867924886465222,59.06495506633598
2305,50.57507191119021,45.181615008064746,1.8744646413939106,0.03663018890613962,0.006609350819235289,84.0,50.57507191119021,45.181615008064746,1000.0,2.889636720877005,0.5124828217829419,59.71283034666521
2306,53.171301571539644,43.440099934619134,1.651420954772141,0.0349122263979909,0.008528480356269937,92.0,53.171301571539644,43.440099934619134,1000.0,2.7541122341931694,0.6612903139868891,60.921807483456924
2309,62.4093622240996,44.257985942071,0.2744837420323522,0.004955751632523512,0.0014541887522171316,,62.4093622240996,44.257985942071,274.4837420323522,0.3909431625804655,0.11275642275975858,
2313,43.4396622133092,38.1396983479104,2.8965459724565576,0.04576816559586752,0.020316091577479014,298.0,43.4396622133092,38.1396983479104,1000.0,3.610502044963008,1.5752905578753569,76.6185775895277
2314,49.17079884105527,41.00709277159376,1.779991290045009,0.03529954478438121,0.013306303999535958,264.0,49.17079884105527,41.00709277159376,1000.0,2.7846665246679496,1.0317582479262057,74.99608707584119
2315,44.73810690233215,36.56241467099109,1.7064918809294416,0.032521248799429844,0.014176380700012575,250.0,44.73810690233215,36.56241467099109,1000.0,2.5654957712723814,1.0992231737295297,74.26656176553253
2316,44.61158894693366,38.660833739073425,2.401099489136509,0.03292913222848983,0.01836718275687672,277.0,44.61158894693366,38.660833739073425,1000.0,2.597672371220284,1.4241740081420369,75.63978476280214
2317,48.446408545632565,40.246630206480376,1.736712135659935,0.03744488228283415,0.009614201170183023,247.0,48.446408545632565,40.246630206480376,1000.0,2.953905237307102,0.7454760807286565,74.10494687540735
2318,69.0488374380613,60.0605174795499,2.7428640910573763,0.04258527194532246,0.007567452027825468,381.0,69.0488374380613,60.0605174795499,1000.0,3.359413894835568,0.5867730848301004,79.91126731422864
2319,52.301553028665296,43.68283982704399,1.362231815412661,0.024823582657968586,0.03881898258646249,297.0,52.301553028665296,43.68283982704399,1000.0,1.958251871864322,2.0,76.57354970903963
2320,44.2799663144178,30.5514354274697,2.4652078806335007,0.054009865209860404,0.011770691794956227,82.0,44.2799663144178,30.5514354274697,1000.0,4.0,0.9126883275526343,59.39279594742783
2321,45.281123263006265,37.06648094238068,1.3978292115916011,0.032438994924569704,0.008564630260987501,72.0,45.281123263006265,37.06648094238068,1000.0,2.559007030036585,0.6640933434649015,57.66724911037371
2322,50.45122385938189,41.604535040287956,1.8161420976979707,0.037912770384832144,0.004372748021295647,142.0,50.45122385938189,41.604535040287956,1000.0,2.9908154111601295,0.3390587526958738,66.70465051935686
2323,61.97915907490796,47.38673494176795,1.4475770876142209,0.026749758097208254,0.010872877621351099,721.0,61.97915907490796,47.38673494176795,1000.0,2.110201600934527,0.8430726642734512,88.46774769502987
2324,60.69976184915582,45.753547042602165,1.612145264977427,0.033628560436682824,0.01748214112808148,800.0,60.69976184915582,45.753547042602165,1000.0,2.6528479925961523,1.3555487159272055,89.86338503848248
2325,60.6775098635096,51.8123915231902,2.49312129037931,0.04140320909193971,0.014767618287634163,69.0,60.6775098635096,51.8123915231902,1000.0,3.266164792673637,1.1450671780100452,57.10321629375922
2326,62.42889935087665,51.995301613204745,3.311090401491839,0.05108142310148456,0.005339635994723865,183.0,62.42889935087665,51.995301613204745,1000.0,4.0,0.41403033319185584,70.09295940300014
2328,61.96273924237388,51.339346728295595,3.149779418920211,0.06553087967254612,0.00567411911455435,192.0,61.96273924237388,51.339346728295595,1000.0,4.0,0.43996583847485765,70.73481762901051
2329,56.677908034055605,46.900589470855934,2.6008028455198313,0.05247832714029174,0.0025132043998759646,188.0,56.677908034055605,46.900589470855934,1000.0,4.0,0.1948714961259629,70.45332441368896
2330,59.49754930404698,51.40017617960433,2.74872517301155,0.05442784841070376,0.0031714060604746673,185.0,59.49754930404698,51.40017617960433,1000.0,4.0,0.2459078313957057,70.23826686963507
2331,65.76159428639156,58.60165143915421,2.458067270175947,0.05196883557894288,0.0029746952928721743,174.0,65.76159428639156,58.60165143915421,1000.0,4.0,0.23065506421581525,69.41890570122519
2333,59.729727830306,52.7884904210549,2.0711252587882254,0.03524359662854426,0.013898621293943498,225.0,59.729727830306,52.7884904210549,1000.0,2.780252956231651,1.0776859716514133,72.85637969598582
2334,52.18741583692012,49.20590971709042,1.6160431036824237,0.024513653511207247,0.027208042813552265,221.0,52.18741583692012,49.20590971709042,1000.0,1.9338025673399455,2.0,72.61635885783328
2335,60.98237085110689,56.27560952109168,1.4124468572331728,0.03108620265128701,0.02131386322724944,221.0,60.98237085110689,56.27560952109168,1000.0,2.4522896380347885,1.6526568294736517,72.61635885783328
2336,58.96453964189676,55.98255217488752,1.6563181396736055,0.02606383113890664,0.01658592311912341,221.0,58.96453964189676,55.98255217488752,1000.0,2.0560910493447806,1.2860568177476106,72.61635885783328
2337,53.79716737266273,48.721387022460135,1.3542113592763978,0.02685603093645687,0.023910755242275476,221.0,53.79716737266273,48.721387022460135,1000.0,2.1185851203182664,1.8540173842580798,72.61635885783328
2338,72.27710842287,64.1995415084236,2.4196576225333035,0.03194313768429851,0.001855435179794558,390.0,72.27710842287,64.1995415084236,1000.0,2.5198904616379925,0.1438686918856084,80.22426279748682
2339,68.4372446800906,55.1765083349283,1.1570313230929943,0.022791079534542402,0.021039617859742284,592.0,68.4372446800906,55.1765083349283,1000.0,1.797914296871224,1.6313921026275695,85.82218316614768
2340,57.6558192217736,48.6514622033537,0.24310306242917903,0.0035803489230222963,0.0032731901461117,940.0,57.6558192217736,48.6514622033537,243.10306242917903,0.2824421066467276,0.25380007328851817,92.02846014303533
2341,54.348080401911204,43.96229766336438,1.360738772382983,0.027842771459370246,0.00811936368128874,119.0,54.348080401911204,43.96229766336438,1000.0,2.1964258777408947,0.6295677933086666,64.34776571876252
2342,51.955299977235654,39.38120278026826,1.6767223306268506,0.028839728307217014,0.008624185330314223,118.0,51.955299977235654,39.38120278026826,1000.0,2.2750725678808124,0.6687111873068734,64.23528966695808
2343,51.32819643730518,38.603271918434714,1.4389165885369328,0.02871852630592081,0.004488311598706412,118.0,51.32819643730518,38.603271918434714,1000.0,2.265511335355184,0.34801944336982604,64.23528966695808
2344,45.12392360087495,34.01291366243871,1.3668536884187363,0.027023245862324588,0.005314832478060705,112.0,45.12392360087495,34.01291366243871,1000.0,2.13177616313009,0.4121070919299936,63.539920309807684
2345,50.62712121224636,39.3793947737518,1.7444463083669406,0.0303319988012104,0.006115378963988764,111.0,50.62712121224636,39.3793947737518,1000.0,2.392792944043049,0.47418071054966593,63.420445658649534
2346,48.352853308669744,37.06716463320075,1.4006800305512452,0.03290525132717019,0.0028529554994862843,103.0,48.352853308669744,37.06716463320075,1000.0,2.595788484419763,0.2212154755869139,62.4243745035964
2347,43.07921721515488,31.85136286190437,1.522054211940447,0.02909273161063473,0.0030652136794265595,106.0,43.07921721515488,31.85136286190437,1000.0,2.2950311773745375,0.23767377443915874,62.80660338206703
2348,42.304346877931195,31.23441890515315,1.1007575386902098,0.022964693669389136,0.00594965246314146,103.0,42.304346877931195,31.23441890515315,1000.0,1.8116101525110053,0.4613304341577303,62.4243745035964
2349,55.87028643568768,44.593086550109604,1.3582613909366983,0.03216227575375639,0.0077139803564286475,129.0,55.87028643568768,44.593086550109604,1000.0,2.5371775527329947,0.5981347530736971,65.42360452488421
2350,58.77813110662365,47.7863927538018,1.3944906085050732,0.032827432467071156,0.01180232298132482,127.0,58.77813110662365,47.7863927538018,1000.0,2.589649607104793,0.9151409798765723,65.215215703247
2351,53.2223016506269,40.5206221504892,1.2447672328648154,0.0272477392366257,0.007384114539694329,182.0,53.2223016506269,40.5206221504892,1000.0,2.149485716843731,0.5725572691129808,70.01971230207891
2352,44.052916362304,33.4090635080086,0.9694426298778119,0.020114885119199042,0.0048760498054614115,163.0,44.052916362304,33.4090635080086,969.4426298778119,1.586798004935149,0.37808429780795844,68.54633443271796
2353,44.3839710838002,31.5826804072779,1.6773586028012184,0.031184894385782855,0.0063321337065105334,171.0,44.3839710838002,31.5826804072779,1000.0,2.4600751086687778,0.49098766861869514,69.18649397818827
2354,51.356834937546,38.1604314980883,1.3964064474382167,0.02963987818118445,0.007849580783707207,200.0,51.356834937546,38.1604314980883,1000.0,2.3381937945811715,0.6086490821670238,71.28071234241808
2355,50.87621288339599,38.4372062699341,1.4898975984576204,0.03238431680100218,0.004690365599398814,213.0,50.87621288339599,38.4372062699341,1000.0,2.554693650324178,0.36368651979827255,72.12306276824518
2356,45.2214760675525,33.0564918242261,0.9315744829089077,0.020302040156455443,0.004993325847105656,218.0,45.2214760675525,33.0564918242261,931.5744829089076,1.6015620584195294,0.38717777134161635,72.43348787695771
2357,68.8724339127705,63.9716397795782,3.049856879040212,0.05344934919673251,0.02853372127444732,780.0,68.8724339127705,63.9716397795782,1000.0,4.0,2.0,89.52352344842629
2359,40.97505431803769,32.9395684570681,1.3371176089772272,0.024535540059156462,0.013409460370748447,315.0,40.97505431803769,32.9395684570681,1000.0,1.9355291260756742,1.0397568955467873,77.36183609211993
2361,67.7406401972804,59.73612439426971,1.2243698868059942,0.02559580611563857,0.012433459693880688,40.0,67.7406401972804,59.73612439426971,1000.0,2.01917007421713,0.9640787246305818,49.91341566036167
2362,65.8245303893818,57.8215698737689,1.2905176881841518,0.027270707852845,0.006041144815455201,32.0,65.8245303893818,57.8215698737689,1000.0,2.151297636433474,0.46842466476640754,46.99589294087888
2363,65.14208624243588,51.354090203221,2.4106461506416634,0.03616322843579852,0.008044154569849799,75.0,65.14208624243588,51.354090203221,1000.0,2.852799724874796,0.6237361498223134,58.20856292678215
2365,40.6005462235463,32.7987936375492,1.2245592922514956,0.026850250278375908,0.006833943616959955,316.0,40.6005462235463,32.7987936375492,1000.0,2.118129102963172,0.5298975352514849,77.40430314089248
2366,31.465866897805,19.1197772498107,1.251768135928424,0.025782134533484498,0.0071125579860308,305.0,31.465866897805,19.1197772498107,1000.0,2.033868918378981,0.5515010303534775,76.92961847236724
2367,38.6133694768214,30.351232984917196,1.3288545705734547,0.0248269524705494,0.00833220236353468,304.0,38.6133694768214,30.351232984917196,1000.0,1.9585177054422198,0.6460711037615656,76.88562232913901
2368,47.1290415989898,39.1862698867033,1.491690768312605,0.03159094963118257,0.010502873532346916,306.0,47.1290415989898,39.1862698867033,1000.0,2.492107489141025,0.8143828965806493,76.97347107164305
2369,49.4433782911861,41.3210813763818,1.163377406662287,0.02395353749235528,0.017810318249044388,312.0,49.4433782911861,41.3210813763818,1000.0,1.8896168324486138,1.3809952600123223,77.2336238980991
2370,52.5000937863203,41.673603913469,0.42053338491637865,0.010362806354769993,0.005429906578179913,327.0,52.5000937863203,41.673603913469,420.5333849163786,0.8174881612216279,0.42102982899693714,77.8627938188961
2371,67.7772379875045,60.7466517120669,2.4403898595977562,0.04459374790538192,0.022254979356809604,186.0,67.7772379875045,60.7466517120669,1000.0,3.517856044889938,1.7256300855306264,70.31033572731599
2372,41.880446614118,32.73697604173,2.536589698436515,0.03942976343649867,0.02112479216892575,651.0,41.880446614118,32.73697604173,1000.0,3.1104860696610506,1.6379964381376046,87.09704616131398
2373,66.71363134960446,58.22368850801658,1.5675019251382878,0.026378258332521616,0.03723920096767816,188.0,66.71363134960446,58.22368850801658,1000.0,2.0808951901871953,2.0,70.45332441368896
2374,57.9864672816413,50.9398768893341,0.9197840457193637,0.05327139482243764,0.01144904928009657,147.0,57.9864672816413,50.9398768893341,919.7840457193637,4.0,0.8877484706545992,67.16657947742742
2375,54.47725660484829,47.2455153496032,0.9092803987687,0.05419520355821975,0.00899307063098195,139.0,54.47725660484829,47.2455153496032,909.2803987687,4.0,0.6973142052084588,66.41967567993736
2376,61.08588390821986,51.720602113241185,1.511367606798281,0.03372188240845776,0.011665997363934394,42.0,61.08588390821986,51.720602113241185,1000.0,2.6602098600764563,0.9045704202267169,50.55357520583199
2377,59.652775584723244,48.84145657076499,1.720038841074923,0.03322654286152674,0.018616069435365267,44.0,59.652775584723244,48.84145657076499,1000.0,2.621134130825315,1.4434724461860249,51.16462632681209
2378,54.713214714366075,48.11036321707186,1.8358786071784705,0.028635695484791966,0.0226211807986208,438.0,54.713214714366075,48.11036321707186,1000.0,2.2589770807007072,1.7540249995506538,81.78059906605537
2379,66.6595324961373,57.7238317630112,1.7660485599256914,0.03077548769440859,0.0021615669056214023,45.0,66.6595324961373,57.7238317630112,1000.0,2.4277783435005933,0.16760585684777562,51.46004063064385
2380,73.605953992209,65.5251220311297,1.4154865696625205,0.03180716476077937,0.003616828513419212,777.0,73.605953992209,65.5251220311297,1000.0,2.50916399899668,0.28044546781623864,89.47179480309428
2381,44.6475983985753,33.9954924466002,2.0054881294774614,0.03025298626252759,0.028793120563173596,339.0,44.6475983985753,33.9954924466002,1000.0,2.386559901298645,2.0,78.34574911902149
2382,72.0577128396283,63.6551184425588,1.583968296169167,0.02546599830772226,0.013440293620505125,118.0,72.0577128396283,63.6551184425588,1000.0,2.00892995753707,1.042147676619272,64.23528966695808
2383,73.7606793794594,64.7095359375712,2.811128914949029,0.04453627113703103,0.00785018691259256,745.0,73.7606793794594,64.7095359375712,1000.0,3.5133218891734703,0.6086960808284698,88.90726837441358
2384,63.6066760391426,54.6538446099827,1.318528659415452,0.028221254706120507,0.01928814082733286,231.0,63.6066760391426,54.6538446099827,1000.0,2.2262831927235918,1.4955842273299094,73.20856079846573
2385,55.073219046019574,46.34584696914217,2.353642545728907,0.03577748581881275,0.009194231201056877,234.0,55.073219046019574,46.34584696914217,1000.0,2.8223697417342377,0.7129120058704294,73.38125023721669
2386,64.3469337823591,50.5858760020276,1.8522134350579333,0.02614119102754534,0.040669585764334236,487.0,64.3469337823591,50.5858760020276,1000.0,2.0621937198908196,2.0,83.20285169402933
2387,62.598440717146346,53.604348384840826,3.192768414579403,0.062462931317274074,0.009660226575596507,111.0,62.598440717146346,53.604348384840826,1000.0,4.0,0.7490448472058966,63.420445658649534
2388,64.80672151320964,56.79088592581843,3.4142615699146095,0.06362650276447193,0.006464599346491453,117.0,64.80672151320964,56.79088592581843,1000.0,4.0,0.5012589292649199,64.12186443894088
2389,59.85061063679946,52.15880301670821,3.107987089934267,0.06032291788978884,0.007157663129402121,98.0,59.85061063679946,52.15880301670821,1000.0,4.0,0.5549984405809064,61.76213170746288
2390,55.208183558748516,51.85452829995512,2.124579387774163,0.03018243680057286,0.017059902572671225,63.0,55.208183558748516,51.85452829995512,1000.0,2.3809944832107157,1.3228087370305737,55.89875631706885
2391,54.2112963721282,42.515239469380205,2.268666207695003,0.04080457079214751,0.02221124145171602,220.0,54.2112963721282,42.515239469380205,1000.0,3.2189401600615737,1.7222386896682673,72.55567789808308
2393,66.2415583362417,57.5692139907659,3.02016198543478,0.050999454064260936,0.00848985824066448,399.0,66.2415583362417,57.5692139907659,1000.0,4.0,0.6582955916109627,80.53013513200075
2395,64.7048682928992,52.7488340911087,1.1262883536961665,0.02343018159953584,0.013080769690195747,364.0,64.7048682928992,52.7488340911087,1000.0,1.8483309845963538,1.0142705305359958,79.29939790401781
2396,64.2122447959399,52.4507463415845,1.1351445362054993,0.025286693513440647,0.010015277784861951,329.0,64.2122447959399,52.4507463415845,1000.0,1.994785184243296,0.776575182722699,77.94450112070112
2397,48.135052775138504,41.00157476813597,1.2589779496473523,0.028324792158335003,0.007069879596962763,40.0,48.135052775138504,41.00157476813597,1000.0,2.2344509263018075,0.5481917883633136,49.91341566036167
2398,48.00649118515808,40.685637566381,1.181597878930279,0.020473443838611098,0.012776641887300174,41.0,48.00649118515808,40.685637566381,1000.0,1.6150835386204545,0.9906887478657573,50.23730626669911
2399,58.06097141749873,50.70924381061249,1.1837395804489312,0.026115027847177008,0.012530733910128097,41.0,58.06097141749873,50.70924381061249,1000.0,2.0601297915031997,0.9716212755092721,50.23730626669911
2400,54.98694069842899,47.85229358743352,1.246571193329954,0.02922654820909537,0.010145356322202842,42.0,54.98694069842899,47.85229358743352,1000.0,2.305587534530258,0.7866613496841874,50.55357520583199
2401,50.622993585734484,43.72002177494334,1.7325155708831634,0.026951521781854934,0.009865043174770792,35.0,50.622993585734484,43.72002177494334,1000.0,2.1261180831996995,0.7649261329121027,48.165396305524276
2402,52.2467395490391,40.9915239824716,2.0372561079556073,0.03710798360794656,0.004925053493804975,149.0,52.2467395490391,40.9915239824716,1000.0,2.9273283942374553,0.38188399753141583,67.34699574005033
2414,53.38034260335962,42.77880196758751,2.332850976505883,0.03742021420935024,0.005135226186878804,161.0,53.38034260335962,42.77880196758751,1000.0,2.9519592530492798,0.39818058970121356,68.38141445251412
2417,51.177036342361,44.744498188665,2.1998849886637393,0.04319969490157548,0.004305879684327788,153.0,51.177036342361,44.744498188665,1000.0,3.407883727767304,0.3338738449864075,67.70072167441002
2420,53.8511662615511,44.4153800293475,1.9187083680754804,0.03085634240169748,0.002769807665617085,155.0,53.8511662615511,44.4153800293475,1000.0,2.4341567089476404,0.2147682710592903,67.87415388400225
2421,54.76954435085717,43.95273050827268,2.0969568863084946,0.03486089105840635,0.004122520699049827,151.0,54.76954435085717,43.95273050827268,1000.0,2.750062555860297,0.31965636240082146,67.52502231296029
2440,54.78561523062886,45.751578711950856,1.8601832479814047,0.02689651162428664,0.009349636230473243,49.0,54.78561523062886,45.751578711950856,1000.0,2.121778510402576,0.7249619651134425,52.58075697346634
2441,54.891069716937935,39.49587755675929,1.5587896587014922,0.033876529779630286,0.005576597330202986,54.0,54.891069716937935,39.49587755675929,1000.0,2.6724094892859123,0.43240409139914754,53.86180296793899
2442,55.58971205741746,46.51662221131091,1.5141429968149316,0.03242576915427806,0.0075245355384545454,49.0,55.58971205741746,46.51662221131091,1000.0,2.557963691942027,0.5834453807672719,52.58075697346634
2443,50.57670506776973,40.17299725402872,1.3257101354723548,0.0262308933954872,0.015524243320407874,56.0,50.57670506776973,40.17299725402872,1000.0,2.0692700485720232,1.203735168624038,54.34188292100986
2444,57.10197839751586,41.41057684491416,1.431901478486601,0.029469847086176157,0.016582792786644058,59.0,57.10197839751586,41.41057684491416,1000.0,2.3247805933256207,1.2858140947229122,55.03130633258437
2445,58.746443817921595,42.85559591004809,1.8639768621020134,0.030453680112419824,0.014962167955322047,57.0,58.746443817921595,42.85559591004809,1000.0,2.402391987772149,1.16015237554313,54.575642026109435
2447,57.903658303790465,42.45459676652569,1.40399826785125,0.028706345905215883,0.015554254863420337,58.0,57.903658303790465,42.45459676652569,1000.0,2.264550463074614,1.2060622353314558,54.80540505276274
2448,58.05642242990533,42.13819063640849,1.6442519389075914,0.026192085177897947,0.013255174897899758,57.0,58.05642242990533,42.13819063640849,1000.0,2.066208594237047,1.027793745662914,54.575642026109435
2449,58.67286910537778,45.0560699533932,1.2577283808077204,0.02700966175112533,0.014943614234099534,54.0,58.67286910537778,45.0560699533932,1000.0,2.130704556684313,1.1587137375184977,53.86180296793899
2450,38.9397430213389,32.8583506663424,2.1751653306613887,0.041431902535084324,0.013944368922473629,140.0,38.9397430213389,32.8583506663424,1000.0,3.2684283252798028,1.0812331995714033,66.5153402101566
2451,40.904380460969,35.0960980069634,2.3425116900554026,0.04072105679890719,0.014083087455906427,157.0,40.904380460969,35.0960980069634,1000.0,3.2123520121764324,1.0919893036717234,68.04537670594179
2452,53.05240217018114,41.34462566398608,1.6956463730379434,0.02966464149830972,0.017724579226043608,1185.0,53.05240217018114,41.34462566398608,1000.0,2.3401472923007502,1.3743471371261118,95.13864255232582
2453,51.4583130251096,40.3128839641095,2.368958584432309,0.03478223586723465,0.017755854657477314,1172.0,51.4583130251096,40.3128839641095,1000.0,2.7438577031012863,1.3767722045483126,94.99050156407083
2455,70.44495894382811,59.0125784574953,2.857125363180976,0.05069794417012841,0.0228095652342722,947.0,70.44495894382811,59.0125784574953,1000.0,3.999396277271739,1.7686321508130205,92.12807485870391
2456,56.2646887686505,49.0229752434357,2.0650929746268423,0.03480786821202886,0.01640996013721886,147.0,56.2646887686505,49.0229752434357,1000.0,2.745879755593271,1.2724128142800781,67.16657947742742
2457,43.00275746326059,33.6006062401123,0.8990260708683333,0.02233295971057217,0.010811971061041864,146.0,43.00275746326059,33.6006062401123,899.0260708683332,1.7617747107692203,0.8383500270968123,67.07545499445794
2458,45.9488145139826,34.8438269967063,1.102023429800678,0.022032431628282157,0.014741928579879965,145.0,45.9488145139826,34.8438269967063,1000.0,1.7380670257101785,1.1430752223277512,66.98370849655186
2460,52.731130762426005,36.1078767493637,1.7487378146695056,0.03559279357748195,0.012226244872484934,145.0,52.731130762426005,36.1078767493637,1000.0,2.8077999702275145,0.9480114830377938,66.98370849655186
2461,52.7981957755548,36.2306290746967,2.3154984324318724,0.03718736285644461,0.013570812682912058,147.0,52.7981957755548,36.2306290746967,1000.0,2.9335903655290405,1.052268001478425,67.16657947742742
2462,52.6349350810966,35.4149281912614,2.1351427298901,0.03668199372665826,0.01650851563105947,149.0,52.6349350810966,35.4149281912614,1000.0,2.893723435037084,1.280054714213526,67.34699574005033
2463,50.9566118365627,34.3614706467714,2.171209948439802,0.04802929673069125,0.0164281058704809,152.0,50.9566118365627,34.3614706467714,1000.0,3.7888753417714716,1.2738198173034896,67.61315908618909
2465,31.3602389039603,21.746028061150604,0.12208079845521504,0.0009139150168180285,0.00679325431335074,900.0,31.3602389039603,21.746028061150604,122.08079845521503,0.07209578959926302,0.5267425250696459,91.44461983521819
2474,72.3318981840023,65.178759476645,0.7837130797167984,0.012973876958705938,0.0014976193725612236,,72.3318981840023,65.178759476645,783.7130797167983,1.0234670470327019,0.11612399205278925,
2475,69.38879623319129,62.03772149883683,3.2926383479473347,0.05225152268576003,0.0164348013277599,123.0,69.38879623319129,62.03772149883683,1000.0,4.0,1.2743389767388587,64.78848748922921
2476,70.1289619756793,62.88569843245267,3.81646771878492,0.060592913371178045,0.007569692263863829,121.0,70.1289619756793,62.88569843245267,1000.0,4.0,0.5869467906172191,64.56993292167306
2477,47.7176366511657,38.0688466549447,2.3217277865003756,0.03392613506851194,0.0011423358547897227,280.0,47.7176366511657,38.0688466549447,1000.0,2.6763226895336487,0.08857564355377959,75.78405244219677
2478,46.0389406681504,36.0603894157204,1.5813938904944584,0.027695545867700233,0.0021323390694737493,274.0,46.0389406681504,36.0603894157204,1000.0,2.1848117286292803,0.16533955803065642,75.49395176158309
2479,55.2273595864905,47.8478142185099,2.027711560259145,0.04280776345002706,0.0028328496301658784,203.0,55.2273595864905,47.8478142185099,1000.0,3.376965527553734,0.21965648546435404,71.47983909196138
2480,63.27469663471842,55.37669205732436,2.070676049577152,0.03750989719321927,0.003911905259370915,201.0,63.27469663471842,55.37669205732436,1000.0,2.959034052583888,0.3033254400773197,71.3474162498202
2481,48.379767022659344,40.9678999582726,2.031119627272253,0.036826176896040404,0.008342100447116764,150.0,48.379767022659344,40.9678999582726,1000.0,2.9050975773284784,0.646838591816463,67.43630377464147
2482,50.99706257367209,46.58976476934849,1.8476244278587737,0.0388823571885838,0.004067815308343108,149.0,50.99706257367209,46.58976476934849,1000.0,3.0673029673498533,0.31541455805983754,67.34699574005033
2483,49.5436736503752,44.6301097455786,1.9336368384457572,0.041079365309780125,0.002077351869198673,176.0,49.5436736503752,44.6301097455786,1000.0,3.240617807722129,0.16107590244183487,69.57164381934672
2484,62.34937649608851,51.1177322197172,1.3939017442401662,0.03059738838232291,0.008918819157832087,255.0,62.34937649608851,51.1177322197172,1000.0,2.4137286667849085,0.691556816090811,74.53167508942514
2485,61.73314680796659,50.5974693188694,1.808847547904846,0.03842829473529844,0.006300299646347295,273.0,61.73314680796659,50.5974693188694,1000.0,3.031483454053132,0.48851928565227964,75.44498700886933
2486,55.78402753501119,46.00769736542868,2.015044634766575,0.03353164378629889,0.0027689059003553032,263.0,55.78402753501119,46.00769736542868,1000.0,2.645202552586781,0.21469834903236465,74.94527109941332
2489,64.66432918033857,52.009184196712546,2.2461213157393582,0.044760035049821824,0.007602643027699453,66.0,64.66432918033857,52.009184196712546,1000.0,3.5309738980360024,0.5895017617319674,56.514473575834074
2490,64.899492635111,52.09726549346479,2.207452039804947,0.04183202576677454,0.011912592317817876,67.0,64.899492635111,52.09726549346479,1000.0,3.2999927484426395,0.923691160108741,56.713600325377385
2491,64.80373465984016,52.60308827524011,2.090141657197159,0.03472336646518828,0.007927303190910241,64.0,64.80373465984016,52.60308827524011,1000.0,2.739213687032324,0.6146756042337981,56.10714513870607
2492,64.81732868887788,52.15689673489144,2.2610456586935017,0.0417573864848155,0.009750550284634856,67.0,64.81732868887788,52.15689673489144,1000.0,3.29410469772793,0.7560484623184667,56.713600325377385
2493,64.43179037766063,52.24580931849573,2.2314793841142437,0.03780830473094735,0.011299601170729012,63.0,64.43179037766063,52.24580931849573,1000.0,2.9825744547645887,0.8761604053674742,55.89875631706885
2494,55.56133901545698,53.462199030479084,1.5263200117478002,0.03191274397757726,0.0061071670347483025,85.0,55.56133901545698,53.462199030479084,1000.0,2.517492800756408,0.4735439653103021,59.87003459201013
2495,56.36719153534646,47.04643544027767,1.3692314921783122,0.026626225622085303,0.008457626702224823,71.0,56.36719153534646,47.04643544027767,1000.0,2.100456524892173,0.6557963885543042,57.481855691702414
2496,51.82465826580315,46.85260459708664,0.8624799083812205,0.0211888218320268,0.0036025750500925523,64.0,51.82465826580315,46.85260459708664,862.4799083812204,1.671517386788102,0.2793402677284226,56.10714513870607
2497,66.31228329734,51.61199916580911,1.3881076610073109,0.02106720318763958,0.01842185484455371,542.0,66.31228329734,51.61199916580911,1000.0,1.661923286641223,1.4284132301975412,84.63824837618985
2498,49.135708074824095,39.1357080748241,3.675334227752826,0.07024892585378933,0.002495671198965323,72.0,49.135708074824095,39.1357080748241,1000.0,4.0,0.19351198828270813,57.66724911037371
2499,59.9332064345584,49.9549738491815,3.335970681535619,0.06664265792617828,0.0042661549524452965,81.0,59.9332064345584,49.9549738491815,1000.0,4.0,0.330793626785482,59.22987504653981
2500,48.7153931151167,38.7506437437698,1.7651397343348998,0.03541179016470073,0.002451169546957703,65.0,48.7153931151167,38.7506437437698,1000.0,2.793521198433111,0.19006137220578664,56.31235232705702
2502,66.9214175465259,59.4888553130782,0.312383980560342,0.00811236869500408,0.001121047118405192,2042.0,66.9214175465259,59.4888553130782,312.383980560342,0.6399584379551959,0.08692493503596485,100.0
2505,49.47262146874499,36.08852674300215,2.222224482205098,0.043343154215781804,0.012687595915154797,26.0,49.47262146874499,36.08852674300215,1000.0,3.419200767473123,0.983784207265392,44.29871629975198
2506,46.75333761319636,34.30995556576359,1.4720757847323809,0.03449717722270696,0.0048229641498960165,21.0,46.75333761319636,34.30995556576359,1000.0,2.721370351781824,0.373968086200432,41.54611356047303
2507,47.2322042644526,30.5253512737147,1.4681789338962852,0.03533534988109699,0.011677886181260776,20.0,47.2322042644526,30.5253512737147,1000.0,2.7874910725437356,0.9054922678964387,40.92084688052097
2508,44.680700514723895,28.807154286702897,2.1139452535010457,0.036469403044864186,0.00827654884533524,20.0,44.680700514723895,28.807154286702897,1000.0,2.8769528461055742,0.6417557825100455,40.92084688052097
2509,44.45911351986152,32.01124484254144,2.0336835325716662,0.03478426338196851,0.0065263820499527805,21.0,44.45911351986152,32.01124484254144,1000.0,2.744017647158416,0.5060495017542923,41.54611356047303
2510,44.210882880052424,31.891096101624164,1.8458526244309688,0.03918758610051119,0.008828416527595502,23.0,44.210882880052424,31.891096101624164,1000.0,3.0913814856026187,0.6845470815030493,42.715616925118425
2513,62.5859174925257,45.703467206521694,0.8944882088435648,0.023055269233722822,0.0013583220070061631,66.0,62.5859174925257,45.703467206521694,894.4882088435648,1.8187553648216335,0.10532300585625884,56.514473575834074
2516,61.1280223507147,43.5107879612045,0.6682781436745497,0.016864827290789766,0.0006195870991366901,62.0,61.1280223507147,43.5107879612045,668.2781436745497,1.3304114907948656,0.0480421986349662,55.68708564710496
2517,60.355538952345,42.88620840197099,0.7632275010926424,0.0193652928163073,0.000684619604862621,56.0,60.355538952345,42.88620840197099,763.2275010926423,1.5276651009342177,0.05308475772337853,54.34188292100986
2518,59.3298065555037,41.884383739771,0.679357924911538,0.017586502855830508,0.0005955650062873817,54.0,59.3298065555037,41.884383739771,679.357924911538,1.3873421339494756,0.04617954823778698,53.86180296793899
2519,58.7628870911757,41.4384467767768,0.7776223145006892,0.020075376053243058,0.0007290496167241795,55.0,58.7628870911757,41.4384467767768,777.6223145006892,1.5836812629470993,0.05652981889101913,54.1039862724714
2520,58.8786508193408,41.7703920233013,0.6529864732382147,0.016724741589877704,0.0010066048831842275,52.0,58.8786508193408,41.7703920233013,652.9864732382147,1.3193605844928935,0.07805119217660596,53.36393828219709
2521,59.5783511098326,42.36397912114461,0.6958402753616001,0.018219242968350754,0.001543702728964906,45.0,59.5783511098326,42.36397912114461,695.8402753616001,1.4372569478914778,0.1196972519950903,51.46004063064385
2526,48.295999486850704,38.7544342916997,1.6085977015100663,0.024702121492267998,0.01170737308193917,278.0,48.295999486850704,38.7544342916997,1000.0,1.9486701946999403,0.9077786543326554,75.68804625004091
2527,54.725247211746705,44.1236799094774,2.173718193706519,0.029946188687617302,0.00967218424487156,258.0,54.725247211746705,44.1236799094774,1000.0,2.362357636314197,0.7499720335907064,74.68826881900812
2528,52.2003883807404,42.2301182330024,1.5355073102796164,0.02271234511919457,0.022923198430380477,310.0,52.2003883807404,42.2301182330024,1000.0,1.7917031943740773,1.7774431615434998,77.14746456617286
2529,57.0752825529431,46.8113721811358,1.774167701670188,0.02926889956527148,0.01620951210902756,308.0,57.0752825529431,46.8113721811358,1000.0,2.308928495569225,1.2568702634429614,77.06074936374519
2530,52.723673583007,44.4273853638078,1.2281521372480693,0.023538499493802333,0.010355886582125507,290.0,52.723673583007,44.4273853638078,1000.0,1.856875831733303,0.8029856672498189,76.25405871313592
2533,57.965769324196,47.445671272767896,1.1795015556783408,0.018078609583090658,0.013349023154548207,311.0,57.965769324196,47.445671272767896,1000.0,1.4261628365487786,1.0350706508691914,77.1906132701804
2534,67.9994645313468,57.686519292909,1.1931473103822487,0.024117838092515106,0.020136589904055258,322.0,67.9994645313468,57.686519292909,1000.0,1.902577973563679,1.5613721676087602,77.65632570744697
2543,56.33654931689186,48.071014766927185,1.0711820125655835,0.020842827477814165,0.006619932012793829,35.0,56.33654931689186,48.071014766927185,1000.0,1.6442230150961945,0.5133032775404015,48.165396305524276
2545,61.7369070545289,53.96163934992741,2.2813339579518956,0.04020394592648696,0.0005666858865606951,1060.0,61.7369070545289,53.96163934992741,1000.0,3.1715588137154826,0.043940288562681375,93.64167988002302
2546,65.3806741960767,57.733956333891,0.808195744475996,0.010051553380123208,0.0005899980979799943,1048.0,65.3806741960767,57.733956333891,808.195744475996,0.7929344242118033,0.0457478954240683,93.48879698331366
2547,52.1763177581978,42.4255963654013,1.3391853499348776,0.029760248287194507,0.0016922440254359971,297.0,52.1763177581978,42.4255963654013,1000.0,2.347689401587561,0.13121500386646232,76.57354970903963
2548,53.8974112561608,44.1374546947473,1.3585115282132871,0.019711116608545992,0.011046000637534102,305.0,53.8974112561608,44.1374546947473,1000.0,1.5549460175455534,0.8564964594805129,76.92961847236724
2549,51.4215909068658,40.7793418822473,2.1037247452690684,0.030296425758367388,0.008186986381573058,319.0,51.4215909068658,40.7793418822473,1000.0,2.3899867021441636,0.6348111936373995,77.53090511071295
2678,58.6824274798409,51.3977035993005,1.0463131932116803,0.019221613083179195,0.007197638857300411,642.0,58.6824274798409,51.3977035993005,1000.0,1.516330673095021,0.5580981207758992,86.91022108730914
2679,57.1575311506504,49.9187464415074,1.3325105682267033,0.02075476386655908,0.007208947481102944,662.0,57.1575311506504,49.9187464415074,1000.0,1.6372759626114861,0.5589749807876173,87.32191666466707
2779,45.8851282120441,31.9160540054444,1.0846900300753675,0.01672195112474471,3.0716779176002496e-05,782.0,45.8851282120441,31.9160540054444,1000.0,1.3191404537549034,0.002381750053634257,89.55789893968328
2782,58.68323769893,50.68323769893,0.3511590779146798,0.004369641810201704,4.958526720117198e-06,1706.0,58.68323769893,50.68323769893,351.1590779146798,0.3447068608953295,0.00038447947989327536,100.0
2783,70.9837559291694,61.7787459405391,1.4428457900831275,0.016360312152623416,0.00019473133997240913,1691.0,70.9837559291694,61.7787459405391,1000.0,1.290611928930213,0.015099284230486681,99.91449774909687
2790,58.4259704624478,49.1794531641417,2.434796701106811,0.04353690356788589,0.0035949449902966148,123.0,58.4259704624478,49.1794531641417,1000.0,3.4344850250542316,0.2787486400963691,64.78848748922921
2791,63.14226012133218,53.11800560967537,1.627843827093023,0.025197108618310794,0.0017709067540399527,1589.0,63.14226012133218,53.11800560967537,1000.0,1.9877181226109781,0.1373144375667853,99.07878522860332
2792,,,1.1610596083568987,0.019543926196881153,0.008876037675811459,2594.0,,,1000.0,1.5417569085796348,0.6882395803704464,100.0
2793,69.25707690240931,61.552766950014544,1.699196894016551,0.024519006022776166,0.0010936092488106769,803.0,69.25707690240931,61.552766950014544,1000.0,1.9342248096062384,0.0847974285352377,89.91363111477436
2794,65.3579172297649,57.3581021681825,1.7417154267577428,0.03525459481355837,0.02571054486725449,238.0,65.3579172297649,57.3581021681825,1000.0,2.78112056735321,1.993571372365436,73.60810473215558
2795,55.410686762837,40.5914902575506,1.7781713063402278,0.02891592851732818,0.00520115646932019,437.0,55.410686762837,40.5914902575506,1000.0,2.281083755151508,0.4032927615484355,81.74994726313585
2796,67.67611885927428,58.48499961953046,0.13574520324550143,0.0026846205925478636,0.0011659732533793826,844.0,67.67611885927428,58.48499961953046,135.74520324550144,0.21178100570889044,0.09040846512130514,90.58214148376804
2797,55.996274938591206,48.539628434974915,2.6546974265273247,0.049935048732822125,0.016532911082360196,267.0,55.996274938591206,48.539628434974915,1000.0,3.9392139321716764,1.2819463144724923,75.14739234819037
2798,57.1849604984589,47.8507811837844,1.958788103521258,0.030953259926080955,0.00612950770535193,380.0,57.1849604984589,47.8507811837844,1000.0,2.441802217903999,0.47527623981419875,79.87603581370199
2799,54.56323868784439,47.563238687844404,0.9612136464699691,0.0174601258184909,0.008183900912813603,312.0,54.56323868784439,47.563238687844404,961.2136464699691,1.377372659625772,0.6345719493031804,77.2336238980991
2800,46.56212422139,35.5064942129044,1.0266994876360338,0.016426956864286475,0.00959478405834379,181.0,46.56212422139,35.5064942129044,1000.0,1.2958693139403556,0.743970496210842,69.9460638451771
2801,43.21493674719021,32.1639445731388,1.048013859495272,0.01946249029793625,0.011041515983848699,154.0,43.21493674719021,32.1639445731388,1000.0,1.5353326948090806,0.8561487236682866,67.78771751051703
2802,40.3984470019832,29.3351024001013,1.0174054845457836,0.01708513777018278,0.010718920672819958,132.0,40.3984470019832,29.3351024001013,1000.0,1.3477910695046376,0.8311349878549585,65.73025226836285
2803,40.10673436709189,30.5548152494621,1.126488611770416,0.021225672502247165,0.008481018459648614,119.0,40.10673436709189,30.5548152494621,1000.0,1.674424416564294,0.6576101633377699,64.34776571876252
2805,40.551000251577406,30.498587086827904,2.0772331374019286,0.03774517382101605,0.006710548972385474,1161.0,40.551000251577406,30.498587086827904,1000.0,2.97759426216915,0.5203296310239787,94.86386344754293
2806,45.4167565335149,36.0830092171594,1.851531203007622,0.04004564591542534,0.020368089147161213,212.0,45.4167565335149,36.0830092171594,1000.0,3.159071039599684,1.5793224003309025,72.06010804071538
2807,70.019709648505,58.2037652427404,2.370864998303906,0.03916169754799116,0.00834931399480808,661.0,70.019709648505,58.2037652427404,1000.0,3.0893392217146567,0.6473979234932069,87.3016286460904
2827,63.4068719138332,55.1168084526923,1.9933746962416483,0.038993007466598235,0.007630956010515,1109.0,63.4068719138332,55.1168084526923,1000.0,3.076031808671012,0.5916971236855461,94.24850765147737
2828,33.544167718469,22.9458049853596,1.7089159971236891,0.025955060263100158,0.00041703821270518794,79.0,33.544167718469,22.9458049853596,1000.0,2.0475104679642766,0.03233674923359534,58.89798633835666
2829,34.6733041426446,24.9429351103123,1.7737138438475455,0.028161546617752862,0.0012380503750335327,68.0,34.6733041426446,24.9429351103123,1000.0,2.221573015412669,0.0959972570770611,56.90982001104971
2830,58.4130234355478,51.72262476340221,0.21601185372294368,0.003857236020707217,0.00014169095701892554,1631.0,58.4130234355478,51.72262476340221,216.01185372294367,0.3042848311562182,0.010986583018540096,99.4292172504958
2831,43.7121804888482,36.7394214411525,0.34501367096798063,0.0061169145173367535,1.3718696832438297e-05,1733.0,43.7121804888482,36.7394214411525,345.01367096798066,0.4825435340520259,0.0010637347987961904,100.0
2832,64.93830668816106,51.128191923610956,2.1842877654430795,0.03621284958385457,0.005947815301049351,633.0,64.93830668816106,51.128191923610956,1000.0,2.8567141762013297,0.4611879823438098,86.72076252707062
2833,58.8105167090699,44.7815017495771,0.26685358274086374,0.0019466242751226624,0.011102443775488312,1226.0,58.8105167090699,44.7815017495771,266.8535827408637,0.15356287136707092,0.8608730071022359,95.59544010021241
2834,77.5564628605966,71.2443950463567,0.19189427872952936,0.005373402521186749,0.0032592117749377187,695.0,77.5564628605966,71.2443950463567,191.89427872952936,0.4238902857165387,0.2527162035864708,87.97479956504972
2835,65.661069056897,47.1476020479991,0.931033842959725,0.01802322318299323,0.0006526874134816363,547.0,65.661069056897,47.1476020479991,931.033842959725,1.4217935831996131,0.05060876575499738,84.76144639504749
2836,57.464574305783586,44.7229986989094,0.6938721014700125,0.013330152982180146,0.00025824639778021974,1200.0,57.464574305783586,44.7229986989094,693.8721014700126,1.051572506243876,0.02002418184014626,95.30756990902395
2837,61.21382481901606,49.10351326103006,1.1241842147507697,0.02719351735428006,0.0013518913482056126,732.0,61.21382481901606,49.10351326103006,1000.0,2.1452083285206043,0.10482437864487854,88.67098030561962
2838,76.3897931438676,68.9726233478209,0.5973393738780958,0.009427464539009027,0.004206303908988965,620.0,76.3897931438676,68.9726233478209,597.3393738780958,0.743702080993643,0.32615283338896756,86.4422975442177
2840,53.2600765365606,43.0487090745344,0.20119013937234917,0.004207915467124446,0.0034601786524746003,1741.0,53.2600765365606,43.0487090745344,201.19013937234917,0.33194879456685183,0.26829898551193143,100.0
2841,61.0287258861222,51.7255997151008,1.0133122970150532,0.020401708126333292,0.00026859071851442187,917.0,61.0287258861222,51.7255997151008,1000.0,1.6094245410944692,0.02082627070246891,91.69585723895123
2842,66.62321143751639,56.74786413233229,2.7102680467194906,0.044662884129480884,0.004270612313141696,635.0,66.62321143751639,56.74786413233229,1000.0,3.5233099772300376,0.33113924632511166,86.76309582113737
2854,58.67012657011636,46.99405279007123,0.8328327110477768,0.01554757828889591,0.0012140137841207767,1146.0,58.67012657011636,46.99405279007123,832.8327110477768,1.2264979921185573,0.09413348251373163,94.68922942194406
2855,66.7070378413562,50.1368092492162,1.687400178310294,0.026474164293128166,0.00564900709780566,1411.0,66.7070378413562,50.1368092492162,1000.0,2.0884609001601846,0.4380186764076581,97.48299985986604
2856,63.3689493705026,54.71481896911969,1.6345533569280357,0.03013772169250992,0.00043774929117181146,668.0,63.3689493705026,54.71481896911969,1000.0,2.377467053456866,0.0339426667018969,87.44300585983267
2857,73.6910743261834,65.1048450846723,1.523817491521511,0.020542784298040934,0.002962072678251931,741.0,73.6910743261834,65.1048450846723,1000.0,1.6205535824229682,0.22967631859680007,88.8350057823122
2858,71.4035845946664,64.0973992988695,2.020207937296171,0.027089048651843736,0.0009927665545722156,740.0,71.4035845946664,64.0973992988695,1000.0,2.136967131634727,0.07697818124258142,88.81687926607184
2859,61.592417171619765,47.69424768822817,1.3469782034924325,0.021401313328238053,0.0,1778.0,61.592417171619765,47.69424768822817,1000.0,1.6882801512908865,0.0,100.0
2865,54.225142239563,40.974297413917,0.8764718914682689,0.017767496703331498,0.008288447795843607,,54.225142239563,40.974297413917,876.4718914682688,1.401620151169966,0.6426784158971305,
2869,58.2291293647468,44.8476648989037,0.8971975894175059,0.018964266687913425,0.006116811503930427,,58.2291293647468,44.8476648989037,897.1975894175059,1.4960294511807477,0.4742917883440967,
2870,59.39207783328881,45.5848331762052,0.9249917353230749,0.020499440498043975,0.0063169536796831285,,59.39207783328881,45.5848331762052,924.9917353230749,1.617134330711914,0.48981062367191935,
2871,70.4739108521927,57.1089597966284,0.7951432267197355,0.01739775879073994,0.009379458211071227,,70.4739108521927,57.1089597966284,795.1432267197355,1.3724527272163893,0.7272743333302318,
2872,69.0648802264567,55.6818886318719,0.7706067378216462,0.016420903331718622,0.010754501009784834,,69.0648802264567,55.6818886318719,770.6067378216462,1.2953917704025946,0.8338938535872299,
2873,54.32309708226149,47.2005701406172,1.6570828478049184,0.037804650343680246,0.0025942902789093504,74.0,54.32309708226149,47.2005701406172,1000.0,2.9822861720132656,0.20115881862257506,58.03053635387219
2875,55.01945839433973,47.90954993199292,1.4073055030077088,0.03414932001405048,0.003690476702975807,68.0,55.01945839433973,47.90954993199292,1000.0,2.693929025548667,0.28615607889370237,56.90982001104971
2878,50.94411925467186,43.08175130843084,1.4569759948774264,0.034156358399588145,0.00304568593423114,51.0,50.94411925467186,43.08175130843084,1000.0,2.6944842609409125,0.2361596115153688,53.107915117418266
2886,53.1299751359954,44.2492265164578,0.47200990451151753,0.008992137561028454,0.00471231794799554,693.0,53.1299751359954,44.2492265164578,472.0099045115175,0.7093605485384217,0.3653886841804191,87.93612094913452
2887,56.9618241037188,47.2394366929225,1.5654590993987196,0.030149858798561652,0.002157751088807367,741.0,56.9618241037188,47.2394366929225,1000.0,2.378424510362757,0.16730998201502015,88.8350057823122
2891,46.699890765065646,35.63505838627381,0.6402270395230962,0.012562918332505956,0.0003752006535310946,693.0,46.699890765065646,35.63505838627381,640.2270395230962,0.9910478547628637,0.029092704399471838,87.93612094913452
2892,52.82768239845438,35.71672162637553,1.9962985776373061,0.03255077337448427,0.004751904796063121,682.0,52.82768239845438,35.71672162637553,1000.0,2.5678248691775045,0.3684582110005302,87.72137577501579
2893,59.4240534852682,46.8105928091815,2.32725239966382,0.041362381639332174,0.009115355560270877,772.0,59.4240534852682,46.8105928091815,1000.0,3.262944047441421,0.7067960631605485,89.38513551027553
2894,63.09931233590983,48.83467248949391,0.1402447167344639,4.294247177373434e-05,0.0,828.0,63.09931233590983,48.83467248949391,140.2447167344639,0.0033875922300201,0.0,90.32520061744545
2895,77.7936315666931,68.9536888264646,0.5949567218505665,0.010953323430982927,0.007262883840245759,945.0,77.7936315666931,68.9536888264646,594.9567218505665,0.8640721368626547,0.5631571551472779,92.09968876630502
2896,64.85276265435628,50.56505019709259,0.804515911111084,0.016927300143327172,9.091785570189e-05,818.0,64.85276265435628,50.56505019709259,804.515911111084,1.3353397713782007,0.0070496846838506745,90.16208199216695
2897,46.932506728825,32.1994350147963,0.2358498867555785,0.0029430200507191903,0.0,1181.0,46.932506728825,32.1994350147963,235.8498867555785,0.2321653003381064,0.0,95.09323436807269
2898,59.8342171211944,47.1578918805137,1.8553294367778046,0.029732825245247528,0.0057230976807815265,222.0,59.8342171211944,47.1578918805137,1000.0,2.345526086808836,0.44376359025313145,72.67676709324866
2899,50.51929574324029,36.7363317315299,3.0075575487662842,0.0462123158634325,0.009634501690912352,180.0,50.51929574324029,36.7363317315299,1000.0,3.6455396180978816,0.7470501639376687,69.87200960960587
2900,71.96966310069354,61.50791546877656,0.4686140855575628,0.01222922026125498,0.010147088894157181,296.0,71.96966310069354,61.50791546877656,468.61408555756276,0.9647234969266685,0.7867956916775822,76.52837047404688
2901,52.3507847933985,38.3381024718042,0.39965014385963693,0.006394906689476421,0.006471331957441271,1810.0,52.3507847933985,38.3381024718042,399.65014385963696,0.504473434298773,0.5017809695608424,100.0
2902,,,0.24051310330656256,0.002803876823704521,0.0,1696.0,,,240.51310330656256,0.2211887427431353,0.0,99.95415788337618
2903,64.4610160696456,54.3591822770465,2.0645590753533014,0.03995075496317277,0.005748381978340958,106.0,64.4610160696456,54.3591822770465,1000.0,3.1515854003415678,0.44572411081172336,62.80660338206703
2904,69.167153046008,64.3464209005113,2.371415674524857,0.04213544108319405,0.0035234829950228914,1065.0,69.167153046008,64.3464209005113,1000.0,3.323928198031745,0.2732075444593313,93.70487139160178
2905,64.8415463266379,51.40594039875489,1.5063195771862288,0.02881428950909452,0.012564765169707639,1075.0,64.8415463266379,51.40594039875489,1000.0,2.2730657836576107,0.9742600272437685,93.83037006018056
2906,64.0097678313677,51.4588782588057,2.1298993552378076,0.040803084597988384,0.014526493375722453,1083.0,64.0097678313677,51.4588782588057,1000.0,3.2188229190277484,1.12637058001754,93.92993206916825
2907,66.4866323430145,55.8805530345015,1.4241321534821039,0.026935637067992315,0.015869530688020092,1069.0,66.4866323430145,55.8805530345015,1000.0,2.1248649896763308,1.2305084250783516,93.75521156188928
2908,66.7631923896236,56.86512660257661,0.5755928565548581,0.009247150926820864,5.07048166544989e-05,620.0,66.7631923896236,56.86512660257661,575.5928565548581,0.729477725329303,0.0039316036064326884,86.4422975442177
2912,54.5936568638874,42.78349623032889,1.9091229715204519,0.032473703303516836,0.005078434187192893,1042.0,54.5936568638874,42.78349623032889,1000.0,2.5617450614069592,0.3937769916702198,93.41169843679845
2915,64.5902305160186,54.37930176393189,2.7270380665316654,0.05245467569181305,0.0074425431310175105,106.0,64.5902305160186,54.37930176393189,1000.0,4.0,0.5770877669142113,62.80660338206703
2916,42.4516354331883,32.4525588247303,1.3565821324708518,0.02455496235459038,0.00030177192775382683,864.0,42.4516354331883,32.4525588247303,1000.0,1.937061287928112,0.023399110336233115,90.89656072775523
2917,33.5276224890845,22.6004969469102,1.8976374846226522,0.02839258279712853,0.00016557663440595685,839.0,33.5276224890845,22.6004969469102,1000.0,2.2397987097842083,0.01283865588958178,90.50237383269949
2918,71.4483173449561,64.2045359744105,2.2478943189041294,0.02766963154248324,0.005245711836829224,177.0,71.4483173449561,64.2045359744105,1000.0,2.1827674316168992,0.40674754267461694,69.64736689149262
2920,68.28458060542258,60.66673152927109,2.520423576966107,0.04431455278733276,0.0028718288944496934,426.0,68.28458060542258,60.66673152927109,1000.0,3.495831248144508,0.22267890081157024,81.40808164943189
2921,72.15666692284705,58.44959578447895,1.3601174593305922,0.02166853570772299,0.0011551160107937477,503.0,72.15666692284705,58.44959578447895,1000.0,1.7093604575480672,0.08956660478293806,83.63646380563938
2922,65.244184866958,57.034425877174684,1.9551349056571288,0.03633401426434505,0.005994642367148068,1031.0,65.244184866958,57.034425877174684,1000.0,2.8662724646097177,0.46481890883363164,93.26919213095042
2925,66.85466831904004,57.38643464620212,0.3265363942438715,0.00656694953545156,0.005769147598390113,447.0,66.85466831904004,57.38643464620212,326.5363942438715,0.5180453360590345,0.44733425738283467,82.05336443100582
2926,75.3983875021115,68.3508513667786,0.5029854589515672,0.012733496137122593,0.0005098983259364482,611.0,75.3983875021115,68.3508513667786,502.98545895156724,1.0045041841650908,0.03953703473233755,86.24607785854538
2928,61.85788111647075,54.20619038109475,2.9172742185420173,0.04920003849301083,0.0011573054367397218,119.0,61.85788111647075,54.20619038109475,1000.0,3.8812313598016126,0.08973637080346947,64.34776571876252
2929,52.18955633536099,39.9368683673134,2.2017725566138795,0.039865664443292585,0.003950101123245207,91.0,52.18955633536099,39.9368683673134,1000.0,3.144872885386367,0.30628711129649083,60.776500016822
2930,51.4176042527739,39.062212301301,2.2158029446352794,0.040680721666684294,0.004664583524983595,114.0,51.4176042527739,39.062212301301,1000.0,3.2091701045015535,0.3616874020922982,63.77573003810981
2931,59.54541439051913,47.506608262635304,1.9782452240678938,0.03293941461004755,0.007171863654294593,99.0,59.54541439051913,47.506608262635304,1000.0,2.598483514930282,0.5560995358725216,61.89721635964448
2932,60.67848249331091,48.76300700851131,2.183842424031143,0.036657976822956496,0.007753018808599793,83.0,60.67848249331091,48.76300700851131,1000.0,2.891828819450028,0.60116175779381,59.553765652877246
2933,52.0777805230334,40.2727540103012,1.5468380958052756,0.027819466848402107,0.004652078166840911,65.0,52.0777805230334,40.2727540103012,1000.0,2.1945874526158744,0.36071774842983606,56.31235232705702
2934,68.2814093507875,54.9341061774754,0.5282612131749206,0.012200688636824856,0.0036759557867424987,568.0,68.2814093507875,54.9341061774754,528.2612131749206,0.9624727296737118,0.2850301407600415,85.2668900240831
2935,69.9139669271527,57.2926988293408,0.8893714816713175,0.015639766150351647,0.0031567790534206682,514.0,69.9139669271527,57.2926988293408,889.3714816713175,1.233770393316493,0.24477366707998252,83.9266593908053
2938,50.8238576863943,37.8403665855616,0.8710141338333212,0.011014620118218505,0.0008162226899846871,1186.0,50.8238576863943,37.8403665855616,871.0141338333211,0.8689076335825298,0.0632891366802971,95.14997066909844
2946,54.473562165636515,41.43483307052157,2.0085811949588193,0.03246203823937876,0.0022446788795629263,59.0,54.473562165636515,41.43483307052157,1000.0,2.560824842355642,0.17405028083046728,55.03130633258437
2947,56.31543503344,43.771876800813416,2.118256969053861,0.032590923992942875,0.0026642120874036833,58.0,56.31543503344,43.771876800813416,1000.0,2.570992221160351,0.20658048963102793,54.80540505276274
2948,47.43525857997661,36.97658918482943,1.6270971897598276,0.030357060292979784,0.003266990306573018,114.0,47.43525857997661,36.97658918482943,1000.0,2.394769963792588,0.2533193435847569,63.77573003810981
2964,74.3723984357557,64.6700517854917,0.3400280267115916,0.006957026062496214,0.0045762644225996255,791.0,74.3723984357557,64.6700517854917,340.0280267115916,0.5488172072985922,0.35483922228690096,89.71150986599731
2965,70.3337372671459,60.88541437322499,1.8185420250840219,0.024062212091619087,0.01644814709988219,175.0,70.3337372671459,60.88541437322499,1000.0,1.898189818885128,1.275373795307756,69.49549171900746
2966,71.1511449680577,61.2119912360787,2.0081870135911384,0.024790165976761546,0.011234025790968487,159.0,71.1511449680577,61.2119912360787,1000.0,1.955615738336506,0.8710757523390168,68.2144457245348
2967,71.1495433609378,61.3006773504021,1.8761338034373127,0.02286201804277824,0.014356683106830607,143.0,71.1495433609378,61.3006773504021,1000.0,1.8035104055576348,1.1132036521074429,66.79831507788056
2968,65.43766388467677,59.548346398910546,0.20486560503566023,0.0029014604929538286,0.0011250644095603616,762.0,65.43766388467677,59.548346398910546,204.86560503566022,0.22888680170601036,0.08723643199889398,89.21012249388873
2969,47.6396801745604,34.9908203979582,0.6223332288938699,0.010602186401399372,0.005508594232195801,395.0,47.6396801745604,34.9908203979582,622.3332288938699,0.8363720762010989,0.4271311953901661,80.39505047981916
2970,52.4046843296031,41.2488324739332,1.2577470391275698,0.028094698983385024,0.011790714078826578,146.0,52.4046843296031,41.2488324739332,1000.0,2.216299622488924,0.9142408365383207,67.07545499445794
2971,48.98617465041029,34.6607480492078,2.3971557972178865,0.037284619999305255,0.015492956541667366,144.0,48.98617465041029,34.6607480492078,1000.0,2.9412626658848433,1.2013092213423822,66.8913314335754
2972,58.544967721510034,51.24236125161271,3.5894883548661674,0.05726625411996653,0.02240161243203218,591.0,58.544967721510034,51.24236125161271,1000.0,4.0,1.7369998757281864,85.79949824978371
2973,57.59444612386354,50.50594953765477,3.9130364905555606,0.06632899796732993,0.009761088554428539,546.0,57.59444612386354,50.50594953765477,1000.0,4.0,0.7568655898077292,84.73689696401244
2974,66.49360016063808,52.9048059436228,1.7894857472140295,0.03504292776031867,0.01282826521039049,206.0,66.49360016063808,52.9048059436228,1000.0,2.764422840480752,0.9946915715939428,71.67605877763371
2975,53.2249340832161,40.2881029742034,2.3949760147991306,0.04755215920869319,0.007164729872053397,498.0,53.2249340832161,40.2881029742034,1000.0,3.7512355111932907,0.5555463891334632,83.50245661626289
2976,58.6748563313298,42.7332228371582,1.1063743438955853,0.025579409855540275,0.03640906146116467,350.0,58.6748563313298,42.7332228371582,1000.0,2.0178766264714336,2.0,78.77371264481397
2977,75.9373225474947,66.8101844336829,1.092187114551048,0.016863347090970492,0.0029649773753481295,785.0,75.9373225474947,66.8101844336829,1000.0,1.3302947226350572,0.22990154606694013,89.60929789239695
2978,39.2915352021213,28.731808459985196,0.9552536274419524,0.011203789331056108,0.00020638218328789353,1145.0,39.2915352021213,28.731808459985196,955.2536274419524,0.8838305788415785,0.016002679620105476,94.67750608081263
2979,,,0.46396673691519946,0.008208515647487691,3.595690500719511e-06,1768.0,,,463.9667369151995,0.6475431589952365,0.0002788064462706279,100.0
2980,64.586976255949,52.2297658573913,0.6674640640700299,0.01258870227650255,0.0005183791964714334,1588.0,64.586976255949,52.2297658573913,667.4640640700298,0.9930818664239149,0.04019463342573659,99.07032922973677
2981,42.3155077195462,29.547521457218,0.2202806706536399,0.004004519095298157,0.0017525728298233274,625.0,42.3155077195462,29.547521457218,220.2806706536399,0.3159035149089059,0.13589284239445068,86.55008328427724
2982,61.09578757354549,51.0265206477126,0.7163688438457705,0.007552713111092165,0.00013503664884204116,1603.0,61.09578757354549,51.0265206477126,716.3688438457705,0.5958090252819603,0.010470614245695084,99.1966139960875
2983,59.08905803204367,49.88837760681928,1.8767099331728696,0.03154836537590985,0.00016075321585873526,1810.0,59.08905803204367,49.88837760681928,1000.0,2.488748155448191,0.01246465256984178,100.0
2984,55.8419267991361,48.1953414757609,1.128656264398556,0.018635649892876267,0.018713769233282305,583.0,55.8419267991361,48.1953414757609,1000.0,1.4701059387339657,1.4510479962655318,85.61662726890815
2985,61.506919570101445,51.42529871323884,0.14533241885219153,0.0013465881997124845,0.0,1822.0,61.506919570101445,51.42529871323884,145.33241885219152,0.10622797277293468,0.0,100.0
2986,70.66060363731987,58.862754349179234,1.8893695187609465,0.0369403242958709,0.01335708323720177,275.0,70.66060363731987,58.862754349179234,1000.0,2.914102295239926,1.035695622067585,75.54273878340598
2987,69.1760969405327,56.1975539317059,1.0672436650643644,0.027399365094039504,0.016501200775591394,204.0,69.1760969405327,56.1975539317059,1000.0,2.1614469886389727,1.2794875272274298,71.54556445400577
2988,52.9697551877619,39.9636497901956,1.6519278871057628,0.028231355020634362,0.017751845480904364,161.0,52.9697551877619,39.9636497901956,1000.0,2.2270799737553912,1.3764613367824268,68.38141445251412
2989,62.0500101297345,52.7539348930086,0.646139571552068,0.013896957218946373,0.0012603022952106606,437.0,62.0500101297345,52.7539348930086,646.139571552068,1.0962858529400987,0.09772264995668777,81.74994726313585
2990,56.28879640494735,49.06074768774626,1.7652915325010394,0.029198453474637676,0.031173871793082602,123.0,56.28879640494735,49.06074768774626,1000.0,2.3033712321093156,2.0,64.78848748922921
2991,70.975239525947,64.11051874051715,1.73125035488973,0.034912352698657716,0.019132235443364554,716.0,70.975239525947,64.11051874051715,1000.0,2.7541221976428703,1.483495471067388,88.37434349873958
2992,57.2349910167991,44.3960395564975,2.105450734112318,0.04059096483907502,0.010237873940383325,182.0,57.2349910167991,44.3960395564975,1000.0,3.2020894796739343,0.793835078440086,70.01971230207891
2993,57.2252483413732,44.4610492666869,1.9948533550961882,0.03874835621291323,0.005021065178420627,155.0,57.2252483413732,44.4610492666869,1000.0,3.056732065274431,0.3893286528994988,67.87415388400225
2994,57.107009569107,44.3716526736355,1.9799213292309388,0.03760254455796802,0.005736353703011959,169.0,57.107009569107,44.3716526736355,1000.0,2.9663427025053086,0.4447914497001589,69.02928973284334
2995,56.9306597287083,44.153822365002796,2.0713275118209005,0.041025708061408026,0.008745779721743447,160.0,56.9306597287083,44.153822365002796,1000.0,3.2363849615406766,0.6781395016053475,68.2981893584027
2996,68.405328891383,51.178730767949205,2.8619237314116335,0.058673838223509966,0.010902987767892862,,68.405328891383,51.178730767949205,1000.0,4.0,0.8454073766054266,
2997,61.1354451738558,43.4860534529028,2.3292307936691508,0.04270769773862814,0.00860731245599474,,61.1354451738558,43.4860534529028,1000.0,3.3690716683410518,0.6674028805639974,
2998,59.8406359903106,42.9998498525267,2.5513797834270195,0.039749302943235816,0.017494499027824975,,59.8406359903106,42.9998498525267,1000.0,3.135693504293849,1.356506935804629,
2999,58.115981590445,41.5695846977339,1.145408698966118,0.02394440551801226,0.00832986600746861,,58.115981590445,41.5695846977339,1000.0,1.8888964406301794,0.6458899449182577,
3000,59.7915195835823,42.84972851602889,1.596575149082674,0.0281965714938275,0.008688616330025876,,59.7915195835823,42.84972851602889,1000.0,2.2243360142142525,0.673707106186898,
3001,54.360981996795,43.8695351547403,1.390177570705896,0.0183591123587472,0.03221105012489815,293.0,54.360981996795,43.8695351547403,1000.0,1.4482907901589008,2.0,76.39191438063607
3002,65.76105685819311,54.09769989541193,0.15958851357920714,0.003887721089782539,0.00039675087013250004,600.0,65.76105685819311,54.09769989541193,159.58851357920713,0.3066896993174019,0.030763687846405843,86.00229721492319
3003,44.3132212759519,34.994762264589,1.5343585566931481,0.024137568208661676,0.00023497721757119615,870.0,44.3132212759519,34.994762264589,1000.0,1.9041344183931168,0.018219911578172796,90.98946992089606
3004,51.8531297116834,37.1152680585971,0.2910489923838022,0.006030412173627549,0.00010203764977476795,1076.0,51.8531297116834,37.1152680585971,291.0489923838022,0.47571964489697577,0.00791190301662985,93.84285571807337
3005,51.7110729189599,40.900625881258,0.10038883607885629,0.001148609731849662,4.081258785633943e-06,1208.0,51.7110729189599,40.900625881258,100.38883607885629,0.09061009397505895,0.00031645695259524813,95.3968038285189
3006,,,0.09779172060421425,0.0004458751452982,0.0,1207.0,,,97.79172060421425,0.03517364314122049,0.0,95.3856819331759
3007,71.53261198385647,63.888633108020585,0.3066959076695122,0.006720558404896064,0.0025764635979947533,875.0,71.53261198385647,63.888633108020585,306.6959076695122,0.5301630412375858,0.19977655461692587,91.066406649314
3008,42.561393704503,35.1396514096352,3.0524984251897163,0.0551455055092013,0.011831714910083245,287.0,42.561393704503,35.1396514096352,1000.0,4.0,0.9174200022797897,76.1147744640587
3009,37.815143742661,28.1841277496053,2.913541409212404,0.05228244366040615,0.016120896620410188,287.0,37.815143742661,28.1841277496053,1000.0,4.0,1.2499991021288825,76.1147744640587
3012,71.5821091483778,63.8852240824539,1.347681818346614,0.028496791731163842,0.008893600732988168,127.0,71.5821091483778,63.8852240824539,1000.0,2.2480194143839984,0.689601403240381,65.215215703247
3014,73.96693313054948,66.29916453024765,1.895450923432469,0.03693110313785915,0.005282424303235386,124.0,73.96693313054948,66.29916453024765,1000.0,2.9133748680113074,0.4095941926547762,64.8964463809323
3015,77.11510357606313,69.40489048195674,1.8805982085619122,0.03529696974676391,0.004963204660048769,128.0,77.11510357606313,69.40489048195674,1000.0,2.7844633883075107,0.38484220293852295,65.31981397241599
3016,74.90575765673711,67.17557472198268,1.3315805631428275,0.02762025964465103,0.0076153444559674205,127.0,74.90575765673711,67.17557472198268,1000.0,2.1788726428315917,0.590486618486809,65.215215703247
3019,49.6760824876453,42.8549600562245,2.0969083886879956,0.03762116704477276,0.0016577095254741102,77.0,49.6760824876453,42.8549600562245,1000.0,2.96781177005074,0.1285372313478932,58.557694497824116
3022,36.1437103889156,35.1781640545459,2.1284844142132506,0.039114275379652126,0.003933159504775957,74.0,36.1437103889156,35.1781640545459,1000.0,3.08559824076129,0.30497347419715226,58.03053635387219
3023,52.25442110696831,41.882435923164806,1.3224514015410258,0.03034289413421974,0.015144863033269052,153.0,52.25442110696831,41.882435923164806,1000.0,2.3936524415037543,1.1743183793811542,67.70072167441002
3024,40.6766234279717,31.2194299126767,2.2588201146037816,0.042686705913942635,0.00344858166692083,71.0,40.6766234279717,31.2194299126767,1000.0,3.3674156914198057,0.2673997662023018,57.481855691702414
3025,50.682551613982,44.0315264889622,1.6117563425584074,0.0341991301404583,0.0019276512303649886,70.0,50.682551613982,44.0315264889622,1000.0,2.69785838476405,0.14946825625835206,57.29386927413139
3026,62.5341048286857,56.4188975751818,1.6936908449759045,0.032382335539859974,0.001690084659532714,77.0,62.5341048286857,56.4188975751818,1000.0,2.5545373550627795,0.1310475686732576,58.557694497824116
3027,47.6899252920753,38.247921487432,1.6507897386841137,0.03702530996341214,0.002674650819558093,65.0,47.6899252920753,38.247921487432,1000.0,2.920806538734402,0.20738989906572747,56.31235232705702
3028,42.4752266461811,33.1589470321396,1.600906800950059,0.03411180203192516,0.0021662636501565517,67.0,42.4752266461811,33.1589470321396,1000.0,2.6909693537020294,0.16797003798422883,56.713600325377385
3029,49.3016775948428,39.9186029590787,2.0327587523770965,0.040689876260815425,0.002327314656244929,67.0,49.3016775948428,39.9186029590787,1000.0,3.2098922807216606,0.1804577809272949,56.713600325377385
3030,53.1164920162293,46.1496890056609,2.073838477830415,0.041662164106261335,0.0022682132126905586,67.0,53.1164920162293,46.1496890056609,1000.0,3.2865929133245126,0.1758751107993846,56.713600325377385
3031,51.8146541889211,44.8995662694451,2.025519119168318,0.04257034930824402,0.0028751058225351717,67.0,51.8146541889211,44.8995662694451,1000.0,3.3582366964273183,0.22293299072114775,56.713600325377385
3047,44.693794870095104,29.2312251239119,1.4751507386199125,0.02122719384149538,0.014442425513502291,55.0,44.693794870095104,29.2312251239119,1000.0,1.674544430080135,1.1198520373603003,54.1039862724714
3050,46.2560752878272,35.638822470167,1.3133053045650644,0.028719425413226814,0.006611576233565088,64.0,46.2560752878272,35.638822470167,1000.0,2.265582263012535,0.5126553783087738,56.10714513870607
3051,48.5096163167752,36.1999887521233,1.1187904674340832,0.02228173792968922,0.017790467311754442,65.0,48.5096163167752,36.1999887521233,1000.0,1.7577339907137668,1.3794560370786901,56.31235232705702
3052,69.018757016026,60.043430036683,2.8698346870165903,0.0531375875922775,0.00028341737223409104,536.0,69.018757016026,60.043430036683,1000.0,4.0,0.021975915432135985,84.48890450910565
3053,64.4241319940572,55.1966496206537,3.7425240470822723,0.06573145248860206,6.831809006724792e-05,2662.0,64.4241319940572,55.1966496206537,1000.0,4.0,0.005297320195894112,100.0
3054,57.6870565609744,48.454656568746,0.8454985961525856,0.013047920121853232,0.005512041247833917,494.0,57.6870565609744,48.454656568746,845.4985961525856,1.0293080718690344,0.42739847372797357,83.39428050110699
3055,53.7026446091254,45.59292412118231,2.695533102703806,0.048937332962380516,0.0070754786200214,103.0,53.7026446091254,45.59292412118231,1000.0,3.860507373091307,0.5486259313245205,62.4243745035964
3056,53.6086352908175,45.4784276257393,2.6431390594628605,0.0466750600166667,0.005282546825097334,107.0,53.6086352908175,45.4784276257393,1000.0,3.6820440025274292,0.4096036928842629,62.93163507210827
3057,50.3142806677057,42.111169784547,2.184775563708195,0.04455686720547794,0.00856385935402457,87.0,50.3142806677057,42.111169784547,1000.0,3.514946646169466,0.6640335680669085,60.17903233282932
3058,47.52485895068601,41.5054132154588,2.577910380974302,0.042989444756151185,0.008926731008547005,89.0,47.52485895068601,41.5054132154588,1000.0,3.3912977761538814,0.6921702935246471,60.48108571299023
3059,48.99723672825169,41.7759396632179,2.175226510299933,0.04462999204266986,0.00719788621457702,93.0,48.99723672825169,41.7759396632179,1000.0,3.520715227251572,0.5581173006255655,61.06556082975073
3060,50.4386105124943,43.1961965145776,2.594503994203808,0.04274990749174356,0.013660443769217866,103.0,50.4386105124943,43.1961965145776,1000.0,3.372401458774129,1.0592179112783084,62.4243745035964
3061,51.3271971984791,42.9731485332392,0.7196052480865658,0.01131075082076833,0.00374000009040027,113.0,51.3271971984791,42.9731485332392,719.6052480865658,0.892268423625402,0.28999607559317775,63.65834230718801
3062,54.721517257172,46.6598634310083,2.583505505355058,0.053355522137977576,0.0022197637432756798,123.0,54.721517257172,46.6598634310083,1000.0,4.0,0.1721183846883478,64.78848748922921
3063,56.89811925984421,49.1367471045826,2.2910651255211296,0.050921563952859544,0.011189075501584341,942.0,56.89811925984421,49.1367471045826,1000.0,4.0,0.867590349343536,92.05699690482737
3064,56.49976140344799,45.1131626669375,2.016214954677003,0.0415896778103065,0.015523636039821322,112.0,56.49976140344799,45.1131626669375,1000.0,3.2808747046882383,1.2036880806607688,63.539920309807684
3065,57.6928839626155,44.0226849699528,2.0894400486507125,0.040123768349249044,0.014533418801802787,114.0,57.6928839626155,44.0226849699528,1000.0,3.165233864860556,1.1269075710166212,63.77573003810981
3066,47.0529081496338,33.32214940796,2.0808321295891603,0.040437640464956404,0.012556473207923684,113.0,47.0529081496338,33.32214940796,1000.0,3.1899942174083233,0.9736170763565511,63.65834230718801
3067,57.4986003198964,43.7159154640295,3.360055685474619,0.06209840109987973,0.012376807120698089,109.0,57.4986003198964,43.7159154640295,1000.0,4.0,0.9596859375990042,63.17826235411714
3068,47.4482358695261,34.8387710859009,3.1694924574525887,0.05959893923735073,0.007735094629377495,110.0,47.4482358695261,34.8387710859009,1000.0,4.0,0.5997719338614425,63.29989947165514
3075,69.08156835491097,60.78227649398986,2.184572485837028,0.04576224144765659,0.015349921602610866,51.0,69.08156835491097,60.78227649398986,1000.0,3.6100347081372517,1.1902184272256755,53.107915117418266
3076,55.901068024553226,47.44957784727816,1.8413982768667108,0.03657891770786819,0.018512751339312794,44.0,55.901068024553226,47.44957784727816,1000.0,2.8855921024441566,1.4354612585740563,51.16462632681209
3077,56.6809323872178,48.3861867812698,2.0444079295720092,0.04491712141380824,0.015561674677171662,45.0,56.6809323872178,48.3861867812698,1000.0,3.5433659314728847,1.2066375606837305,51.46004063064385
3090,59.147695262516194,47.4810750202079,2.65688783214376,0.051221213720271004,0.014990497821531196,109.0,59.147695262516194,47.4810750202079,1000.0,4.0,1.1623490466191069,63.17826235411714
3091,50.55186227932501,41.5235398146455,3.0242091759511305,0.057964465919093155,0.0053284341216872574,99.0,50.55186227932501,41.5235398146455,1000.0,4.0,0.41316175053373044,61.89721635964448
3092,40.1842199635353,33.1355876572408,1.6413899221624502,0.025695491732590753,0.013857591650664858,139.0,40.1842199635353,33.1355876572408,1000.0,2.027033949012491,1.0745045718529658,66.41967567993736
3093,52.60974549809448,36.65507341367319,1.0995682181576807,0.02515282787438331,0.007604099668654206,443.0,52.60974549809448,36.65507341367319,1000.0,1.9842249584340619,0.5896147082961963,81.93281824401143
3094,41.38802909336317,30.595045334576213,1.7407536752349781,0.0342157000317067,0.010367519128054352,25.0,41.38802909336317,30.595045334576213,1000.0,2.699165529707665,0.8038876438773547,43.79145573124012
3095,50.18645220194314,40.29153367052259,2.312739205680611,0.04089983347634878,0.019836040734529346,36.0,50.18645220194314,40.29153367052259,1000.0,3.2264551240466806,1.538067868790956,48.53366070507114
3096,48.1884877442186,40.3924447810593,2.348421137119033,0.04835931212982488,0.009463818793709847,28.0,48.1884877442186,40.3924447810593,1000.0,3.814909185556306,0.7338155732523238,45.259182639931296
3102,55.769911704645466,48.18502627441958,1.647261230261899,0.031242099073513538,0.012884727089180615,37.0,55.769911704645466,48.18502627441958,1000.0,2.4645878008281454,0.9990695723623871,48.892103540604005
3113,54.1963286927076,44.2087771392649,1.432044074422815,0.02908103717244046,0.006647449205906496,77.0,54.1963286927076,44.2087771392649,1000.0,2.2941086410992595,0.5154369347118267,58.557694497824116
3119,64.60726197228713,62.30490648533343,1.9351698368660897,0.02846878808842952,0.011118304401283719,71.0,64.60726197228713,62.30490648533343,1000.0,2.2458102978934784,0.8621028250503493,57.481855691702414
3122,50.5574393728654,43.119291069437594,1.9596762304755018,0.041151391763763465,0.01893512698770376,467.0,50.5574393728654,43.119291069437594,1000.0,3.2462997409176726,1.4682118675309654,82.64039265058626
3124,47.0584274389668,38.3206655572611,2.4600977867699725,0.03180457099038468,0.006871374776769497,438.0,47.0584274389668,38.3206655572611,1000.0,2.5089593848682297,0.532799912039531,81.78059906605537
3125,43.879145723872895,36.4940485474305,2.3745116758987455,0.03104466302385192,0.012072797837727491,317.0,43.879145723872895,36.4940485474305,1000.0,2.4490127116417644,0.9361133448518384,77.44663643495922
3126,45.048676151331,36.5310470273809,2.721798490924615,0.03891060488308823,0.01203121144066722,356.0,45.048676151331,36.5310470273809,1000.0,3.069531336292456,0.9328887748908661,79.00152843354206
3127,51.40746929693259,37.9463286453705,1.6269686940646924,0.030823239988567785,0.023931645512186264,75.0,51.40746929693259,37.9463286453705,1000.0,2.431545367008501,1.8556371960617641,58.20856292678215
3128,51.22933095528721,40.3827923236459,1.798844778707543,0.03465645248670753,0.012783475373312585,72.0,51.22933095528721,40.3827923236459,1000.0,2.7339350604368287,0.9912186099187842,57.66724911037371
3129,43.6567267339868,32.5848517450096,1.8524492042301905,0.036973839954529346,0.014935621520839893,103.0,43.6567267339868,32.5848517450096,1000.0,2.9167462367776555,1.1580939900792966,62.4243745035964
3131,64.77173810758089,62.41059612937192,1.999062981482618,0.032341685620720824,0.004928776141463942,60.0,64.77173810758089,62.41059612937192,1000.0,2.551330614869707,0.3821726481158604,55.25347353549491
3132,51.9314397587046,42.7893604844041,1.653104559098192,0.026832810985154228,0.01163532081933914,102.0,51.9314397587046,42.7893604844041,1000.0,2.1167533737194972,0.9021917899244831,62.29451059716119
3133,61.2261728801204,50.8649458217717,1.5854929821375927,0.031462456540957605,0.008617419516380806,275.0,61.2261728801204,50.8649458217717,1000.0,2.481971086272767,0.6681865724829538,75.54273878340598
3135,58.6599310053971,44.43239119629959,2.890765624821464,0.04718994763731272,0.020058691885504576,1299.0,58.6599310053971,44.43239119629959,1000.0,3.7226618158713936,1.5553320288039068,96.37221270470646
3137,61.2043468727257,47.0281875796141,2.7285219780784136,0.04533793752920088,0.027580185127278764,1350.0,61.2043468727257,47.0281875796141,1000.0,3.576562749073014,2.0,96.88942574294748
3147,59.6906269515178,43.6136086076103,1.8129437487881779,0.02727745547895953,0.004047919674339733,1260.0,59.6906269515178,43.6136086076103,1000.0,2.151829934758477,0.31387186938525,95.9628162916139
3148,58.8032112393439,40.4932444044686,2.5824394772676578,0.03922994948963135,0.019367819728866812,1215.0,58.8032112393439,40.4932444044686,1000.0,3.0947233958814895,1.501762454119724,95.47440047149473
3150,63.24246934427309,49.7813951386607,2.7262306816133037,0.04266878586194333,0.03234560041727341,1352.0,63.24246934427309,49.7813951386607,1000.0,3.366002036676449,2.0,96.90930860124055
3152,54.74462440911705,42.92337465368334,2.6785138114852414,0.04290589451181146,0.010307214396484424,76.0,54.74462440911705,42.92337465368334,1000.0,3.3847067685371597,0.7992116719328973,58.38426228823187
3153,63.66544571101343,50.70982994402661,1.8791406731804714,0.03351898439428892,0.006917887907749621,71.0,63.66544571101343,50.70982994402661,1000.0,2.644203894236705,0.5364064962966838,57.481855691702414
3154,52.696793634817055,41.42240991640066,1.9653346813775516,0.0356121330666997,0.009628271753506543,74.0,52.696793634817055,41.42240991640066,1000.0,2.809325599766303,0.7465671004737097,58.03053635387219
3156,65.08235317967564,51.92419305795268,2.72330541337415,0.046900899005933035,0.012126652645304381,71.0,65.08235317967564,51.92419305795268,1000.0,3.6998597074385327,0.9402891957800805,57.481855691702414
3157,73.65413888460604,67.10150212195379,1.3669087510956943,0.025449369002366117,0.01580297560634299,353.0,73.65413888460604,67.10150212195379,1000.0,2.0076181256073213,1.2253478068883459,78.88810320552487
3158,38.8786391956648,30.5393419577275,1.405737438973055,0.025291106379491533,0.014406311406149879,154.0,38.8786391956648,30.5393419577275,1000.0,1.9951333009242562,1.1170517835761808,67.78771751051703
3159,74.15431005994664,67.69719550125677,1.105426060739366,0.024299973682614957,0.009781173224099882,337.0,74.15431005994664,67.69719550125677,1000.0,1.9169460591523098,0.758422936129518,78.2664520763021
3160,74.1621022228179,67.76355927898689,1.2651718169255912,0.028321473447854656,0.007694261113395328,326.0,74.1621022228179,67.76355927898689,1000.0,2.234189124002765,0.5966057415883742,77.82175314653576
3161,74.32227888424956,67.9126432086132,1.3460553109113838,0.029064537074474765,0.008541957071287333,326.0,74.32227888424956,67.9126432086132,1000.0,2.2928070019212057,0.6623352857442332,77.82175314653576
3162,74.32717939361113,67.92420975562935,1.088784680325494,0.024187082322319323,0.007929779503733912,325.0,74.32717939361113,67.92420975562935,1000.0,1.9080404261233372,0.6148676151919392,77.78058677513584
3163,74.20762382284855,67.80091926042395,1.2049779613909428,0.025652093178848548,0.006775166795070522,326.0,74.20762382284855,67.80091926042395,1000.0,2.0236103779561754,0.5253400359809567,77.82175314653576
3164,47.1113020760146,36.8498480344145,1.5753963033110565,0.025234290191916704,0.013283245918080272,153.0,47.1113020760146,36.8498480344145,1000.0,1.9906512562813212,1.0299703460622405,67.70072167441002
3165,48.11184596041849,37.1603869500371,1.414990786779573,0.02733750281189456,0.010941616808346093,156.0,48.11184596041849,37.1603869500371,1000.0,2.156566873972315,0.8484026359275109,67.96003794462122
3166,48.3107998721883,38.8479748686923,1.2715315337629796,0.027109651983603843,0.010347122303762243,157.0,48.3107998721883,38.8479748686923,1000.0,2.1385924616099277,0.802306093381017,68.04537670594179
3167,50.1587036367621,39.0081579985173,1.3999448818397822,0.02577764190027801,0.01467084321143497,151.0,50.1587036367621,39.0081579985173,1000.0,2.0335145091259963,1.137563329979391,67.52502231296029
3168,41.7898709552524,31.7613051119341,1.4997967520901618,0.01765373618021694,0.0,953.0,41.7898709552524,31.7613051119341,1000.0,1.3926459527070443,0.0,92.21287520154323
3173,48.78590809312453,44.135016839790225,1.0402311872605405,0.02627793479271399,0.011376774050683039,45.0,48.78590809312453,44.135016839790225,1000.0,2.0729809917281234,0.8821443176102399,51.46004063064385
3174,42.61648122022009,41.647215634529886,1.1140610844054355,0.02674404389840611,0.009277977462290622,47.0,42.61648122022009,41.647215634529886,1000.0,2.1097508263362474,0.7194056118908474,52.032076311296564
3175,44.8222607407225,41.0114268294257,1.1515520983475305,0.02666209792070896,0.009609951671648785,48.0,44.8222607407225,41.0114268294257,1000.0,2.1032863741083703,0.7451465786248114,52.30921622787394
3176,48.30784990551139,41.1620449375653,1.1710094055577274,0.026638870384085783,0.008931679142654624,39.0,48.30784990551139,41.1620449375653,1000.0,2.101454029128282,0.6925539671711802,49.58152695217852
3183,52.712611620704266,41.765148856363226,1.3089729363290161,0.02351942968905205,0.009025603675707714,93.0,52.712611620704266,41.765148856363226,1000.0,1.8553714767269018,0.699836786777851,61.06556082975073
3184,45.67512264746903,33.73297357631165,1.5454065144997804,0.0363524629833002,0.007118862103703629,54.0,45.67512264746903,33.73297357631165,1000.0,2.867727824173452,0.5519898456852982,53.86180296793899
3185,70.63679256978506,64.55157337097754,1.3666149469602782,0.024158490832080295,0.0047908290069055585,619.0,70.63679256978506,64.55157337097754,1000.0,1.9057849362510084,0.37147635755588504,86.4206362828733
3186,61.3541805510911,50.3461814591622,1.0856719386529503,0.01930166864776186,0.016707230269452752,213.0,61.3541805510911,50.3461814591622,1000.0,1.5226459967675625,1.2954628596424214,72.12306276824518
3190,58.7224044027861,51.596419277696,1.7067434709003289,0.029792831569886963,0.004767662489911344,153.0,58.7224044027861,51.596419277696,1000.0,2.350259791011325,0.3696800477026503,67.70072167441002
3191,66.3493874075403,51.518740792462,1.3503855243911678,0.015840373519672258,7.422686748325483e-05,765.0,66.3493874075403,51.518740792462,1000.0,1.2495956576183707,0.005755481217492434,89.26286609233024
3192,54.5978768222339,45.7645931739335,1.9674003911819862,0.034468605007518284,0.01219360696863962,680.0,54.5978768222339,45.7645931739335,1000.0,2.719116382455661,0.9454807707912828,87.68195988238378
3193,66.4877267832046,55.5015234466802,1.2157291538800117,0.025442455414414308,0.00641249486841293,360.0,66.4877267832046,55.5015234466802,1000.0,2.0070727350915982,0.4972187972332692,79.15128830885172
3194,60.78749662790087,50.719283368181884,1.0814658688845886,0.028443230563028308,0.003782381448022783,155.0,60.78749662790087,50.719283368181884,1000.0,2.243794147660584,0.2932822860455215,67.87415388400225
3195,66.6072356066347,52.0609106862835,1.7111311665456856,0.028916770499555537,0.0008378284627729125,623.0,66.6072356066347,52.0609106862835,1000.0,2.281150176396802,0.06496442790149937,86.50707265635853
3196,52.0636528437904,40.9100106815594,1.9447209379611576,0.031212402630578385,0.005389457416771389,468.0,52.0636528437904,40.9100106815594,1000.0,2.4622451448237026,0.41789343921459055,82.66908168977105
3197,52.61944682410793,45.37414439366633,1.5573337691619582,0.026611982761438106,0.0007665907385936129,147.0,52.61944682410793,45.37414439366633,1000.0,2.0993329518403954,0.05944072203335989,67.16657947742742
3198,72.92615183062235,64.04214065686331,1.8365759832870705,0.03083970931445524,0.007936527351823774,79.0,72.92615183062235,64.04214065686331,1000.0,2.432844578677172,0.6153908369613135,58.89798633835666
3245,49.30408473409954,42.83052711768743,1.4715534011730347,0.027250569042508038,0.012650116472216685,141.0,49.30408473409954,42.83052711768743,1000.0,2.1497089510457577,0.9808780866491469,66.61032866030953
3254,47.088021921552404,42.45157110326787,1.4054683947183724,0.026427208388066212,0.013085979031839763,148.0,47.088021921552404,42.45157110326787,1000.0,2.084756701203507,1.0146744579682616,67.25709032286147
3255,47.99656472605545,38.37659140821562,1.4254321509893724,0.024926430794243722,0.016381992638481863,135.0,47.99656472605545,38.37659140821562,1000.0,1.966365227545231,1.2702442408357342,66.03005971155554
3256,66.9562661262755,60.7652885458372,0.934559839447117,0.013991710936037188,0.008416603665711161,,66.9562661262755,60.7652885458372,934.5598394471169,1.1037606661616959,0.6526155010381748,
3257,69.5551973129042,58.9846047959443,0.5237317591717554,0.004455109918104556,1.3073582537021367e-05,1164.0,69.5551973129042,58.9846047959443,523.7317591717554,0.3514491625441907,0.0010137132454651728,94.89851961566055
3258,79.6876427475261,70.7564262345785,0.3107444259620733,0.0033256874919851205,0.0022000215889704786,940.0,79.6876427475261,70.7564262345785,310.7444259620733,0.2623526928464955,0.1705875966846367,92.02846014303533
3259,60.0687210024579,52.2400187465027,0.4370961777923457,0.0055802981969134404,0.0020153573332393517,954.0,60.0687210024579,52.2400187465027,437.0961777923457,0.44021161410232545,0.15626890466058638,92.22695672169458
3260,69.3639101954375,60.2518772144246,1.8559677008814341,0.03708211302967607,0.0008497542597423069,620.0,69.3639101954375,60.2518772144246,1000.0,2.9252875482797047,0.06588914293782314,86.4422975442177
3261,51.871600415804,40.9449152499196,1.1418690255623052,0.020519107611317325,0.007883789043180909,106.0,51.871600415804,40.9449152499196,1000.0,1.618685805449157,0.6113015583061849,62.80660338206703
3265,36.76668253343781,25.12752303952353,1.605021044419438,0.031411234950798284,0.00717953061558618,120.0,36.76668253343781,25.12752303952353,1000.0,2.4779303812628815,0.5566940248117043,64.45930834858979
3266,31.975286713286923,23.369802117386772,1.9175149887944225,0.03333614160212721,0.010390826714727155,110.0,31.975286713286923,23.369802117386772,1000.0,2.629780019772612,0.805694892140265,63.29989947165514
3269,31.2741559828942,24.124114688743703,1.0820135167247313,0.02555747929978007,0.004690770868589694,108.0,31.2741559828942,24.124114688743703,1000.0,2.0161465961023213,0.36371794398866647,63.05551437995176
3270,43.6271323100755,33.7170976272387,1.6628976192393405,0.037944793602662154,0.004875091650499079,101.0,43.6271323100755,33.7170976272387,1000.0,2.9933416188845654,0.3780100033768969,62.16337970578323
3273,46.0688542979186,43.5029960317224,2.6652729363033947,0.05338101435107969,0.006878627571461684,96.0,46.0688542979186,43.5029960317224,1000.0,4.0,0.5333622868916643,61.48781994655193
3275,63.9683226834012,56.631154199255,2.187660014020133,0.029986285176168824,0.00043419376984967005,566.0,63.9683226834012,56.631154199255,1000.0,2.3655207181643507,0.03366697493580431,85.21956318027296
3276,78.7661329614824,69.8428218177252,0.22021253930394794,0.0031149702195730077,0.0020514362039032535,768.0,78.7661329614824,69.8428218177252,220.21253930394795,0.24572989110104704,0.1590664262251502,89.31540352634303
3277,58.912592127463995,53.113937367397895,1.7197465034154342,0.03044009491411601,0.008481175521646175,1129.0,58.912592127463995,53.113937367397895,1000.0,2.4013202955682216,0.6576223417767582,94.48852848962991
3278,58.11667144478526,50.84137803075602,2.0048964574860144,0.02884854457383973,0.001001574644899794,126.0,58.11667144478526,50.84137803075602,1000.0,2.27576805454181,0.07766115224972774,65.109797047118
3279,56.6971933065203,41.10278509301,1.5701439514124453,0.032760065716173084,0.015516682984942756,1184.0,56.6971933065203,41.10278509301,1000.0,2.5843352627627523,1.2031489473507606,95.12730487999174
3281,55.7739628349778,39.1081134357185,0.18229205084854067,0.0020904474280572225,2.442156770755102e-05,1205.0,55.7739628349778,39.1081134357185,182.29205084854067,0.1649086131293351,0.001893625300491614,95.36341049518022
3283,51.9725833593298,37.4190158876249,0.21342097651903974,0.002704558935265786,5.04490275767625e-05,1205.0,51.9725833593298,37.4190158876249,213.42097651903973,0.21335387685675075,0.003911769962868467,95.36341049518022
3284,46.92100747425983,40.44164545107121,1.377497058852295,0.025735466228808377,0.011072814931106956,150.0,46.92100747425983,40.44164545107121,1000.0,2.030187407283345,0.8585756144853189,67.43630377464147
3287,46.92563416622555,39.06910376590585,1.4007050120608582,0.026076116535006855,0.011816771876666042,138.0,46.92563416622555,39.06910376590585,1000.0,2.0570602043713264,0.9162613335782649,66.32332537662401
3290,49.645544584668244,41.28246485882164,1.1118199051219952,0.026610453063522697,0.010128879834503914,150.0,49.645544584668244,41.28246485882164,1000.0,2.099212278936427,0.7853837783855897,67.43630377464147
3292,51.172329247276586,44.469031923448185,1.3252998931819135,0.025007410575316656,0.013438153958918696,195.0,51.172329247276586,44.469031923448185,1000.0,1.9727534596571792,1.041981769280191,70.94213500023021
3303,54.637416169603554,44.713140354919176,1.050769330120588,0.024792017710240838,0.012347015736128704,121.0,54.637416169603554,44.713140354919176,1000.0,1.9557618155809546,0.9573759417693828,64.56993292167306
3305,51.13095830810543,41.99967608946558,1.1047395310429808,0.028598426260205378,0.011203877793597525,122.0,51.13095830810543,41.99967608946558,1000.0,2.2560370325289663,0.8687381050894851,64.67965442694566
3306,49.203402140830654,40.97817924835603,1.0076894888808505,0.027403917292644714,0.0219637987045178,139.0,49.203402140830654,40.97817924835603,1000.0,2.1618060968129447,1.7030522126931296,66.41967567993736
3307,49.578102355565115,41.38188927292143,1.1523650216914814,0.02899608684312313,0.01903063899721836,139.0,49.578102355565115,41.38188927292143,1000.0,2.287407185322579,1.4756177785635205,66.41967567993736
3308,49.71216108367472,41.59038687165223,1.206961301652644,0.02934019108104922,0.020263483576078236,145.0,49.71216108367472,41.59038687165223,1000.0,2.3145524518749436,1.57121138312074,66.98370849655186
3310,51.89095962168175,43.98914795695674,1.1334022951534033,0.02851619537953828,0.016894021425031082,150.0,51.89095962168175,43.98914795695674,1000.0,2.249550105230432,1.3099464694723433,67.43630377464147
3313,49.94710966540807,43.12778620004622,1.2150417439368666,0.030932934728919812,0.008957130733832877,179.0,49.94710966540807,43.12778620004622,1000.0,2.440198829064635,0.6945274595190121,69.79754509916837
3314,66.0327957028905,54.942304176575604,2.6209788404991077,0.04100612417557387,0.003652557079126198,187.0,66.0327957028905,54.942304176575604,1000.0,3.234840052346,0.2832158270652113,70.38202021592888
3315,63.84373658751781,53.85827237748671,2.490475349139958,0.044990075742436395,0.007057181096005968,88.0,63.84373658751781,53.85827237748671,1000.0,3.5491210616877744,0.5472071585894163,60.33090750531447
3317,58.9686994760288,51.987717776838394,1.2888780703090708,0.026809596387454303,0.008505382895976585,737.0,58.9686994760288,51.987717776838394,1000.0,2.1149220494490715,0.659499358725034,88.76235257970781
3318,63.5949716134286,56.7542074271,1.287736652065068,0.0304915852968274,0.009366711863336114,767.0,63.5949716134286,56.7542074271,1000.0,2.4053822047501834,0.7262859935623222,89.29791385600913
3319,70.213113464649,63.3364313288543,1.2472782195386454,0.030600077531814304,0.010621882287544503,767.0,70.213113464649,63.3364313288543,1000.0,2.4139408050607494,0.8236107230871551,89.29791385600913
3321,67.21581573147373,55.64685679666415,2.5303971217043673,0.0366182189050952,0.004400687919150992,449.0,67.21581573147373,55.64685679666415,1000.0,2.888692446342808,0.3412251859939161,82.11323450663434
3323,69.6262373015369,52.7395565497832,0.6856505858304812,0.013903884030918818,0.004218192669676189,512.0,69.6262373015369,52.7395565497832,685.6505858304812,1.096832286655892,0.32707467666694257,83.87436045417785
3325,68.5554692857825,55.4259917628029,4.265012649193734,0.05877833900886295,0.008108246780576218,740.0,68.5554692857825,55.4259917628029,1000.0,4.0,0.6287057993243174,88.81687926607184
3337,51.7850059764502,39.1788800150804,2.2332341711048795,0.04383707558914765,0.012793037148263818,121.0,51.7850059764502,39.1788800150804,1000.0,3.4581646216143374,0.9919600209199978,64.56993292167306
3338,48.53519102075771,35.0023072723585,2.017788876335069,0.04368663585742118,0.004592857498681876,117.0,48.53519102075771,35.0023072723585,1000.0,3.4462969194250417,0.35612583373865536,64.12186443894088
3339,58.699260379045995,45.4015673723169,2.55267863906376,0.05109994247949585,0.011572682106546802,120.0,58.699260379045995,45.4015673723169,1000.0,4.0,0.8973348432798529,64.45930834858979
3340,52.67525306680991,40.67745332374258,1.8091588797682383,0.03504229460897081,0.0032530512243083842,335.0,52.67525306680991,40.67745332374258,1000.0,2.7643728932257887,0.2522385203076426,78.18668442523352
3346,64.0126606100479,52.7416925014962,3.0699821527732465,0.046152201125814245,0.01218793099390589,127.0,64.0126606100479,52.7416925014962,1000.0,3.6407973615473432,0.9450406610698491,65.215215703247
3354,50.960699798781306,41.84704401971675,1.9174446599939405,0.03815108903809669,0.00046857750842515703,684.0,50.960699798781306,41.84704401971675,1000.0,3.009615596261762,0.03633305755882527,87.76067641633529
3355,59.31148284714084,49.8784456000434,1.7058287642388026,0.030818486026822505,0.0199921265923467,198.0,59.31148284714084,49.8784456000434,1000.0,2.4311703423952236,1.5501706188253235,71.14630312478297
3356,54.1689176318079,45.13224634541841,0.438120081989585,0.008944101664127247,0.0,1061.0,54.1689176318079,45.13224634541841,438.120081989585,0.7055711525306189,0.0,93.65434197210887
3357,64.81429206489437,55.3367554554727,1.407352226758024,0.03230232215465091,0.002327984599876276,158.0,64.81429206489437,55.3367554554727,1000.0,2.54822535878413,0.18050972772388935,68.13017704878109
3358,64.72584693318153,55.19435047003462,1.3413535549062499,0.030648918018448316,0.0038938367928790557,148.0,64.72584693318153,55.19435047003462,1000.0,2.4177936725413067,0.3019244282463106,67.25709032286147
3360,39.50408418654705,30.942658889081727,1.2890380332267528,0.025380418568048742,0.007034263217362248,328.0,39.50408418654705,30.942658889081727,1000.0,2.0021788496201176,0.5454301279191074,77.90370955750956
3361,59.7021032870122,45.6560829880069,2.832299422325602,0.049230735075191455,0.002497840703826788,2614.0,59.7021032870122,45.6560829880069,1000.0,3.883652913545216,0.19368020964115676,100.0
3362,60.377609864800505,52.535857188799696,1.0751068571871178,0.017235493889963784,0.009493380865382912,202.0,60.377609864800505,52.535857188799696,1000.0,1.3596521758189146,0.7361077883764886,71.41379075386827
3363,51.3173447657579,37.7622876953468,0.248122636625822,0.0025484732225507173,7.242868193316076e-05,1207.0,51.3173447657579,37.7622876953468,248.12263662582203,0.20104078155108818,0.0056160516078370415,95.3856819331759
3364,67.07000994969452,57.83459527890234,0.7946767289228633,0.021166715854090166,0.004849305370136967,1489.0,67.07000994969452,57.83459527890234,794.6767289228634,1.6697735179328175,0.37601055954577184,98.20569850268372
3367,49.0314919711901,40.8871557030713,0.1983349237514679,0.0009681224181391599,0.0027102185608148996,560.0,49.0314919711901,40.8871557030713,198.33492375146793,0.07637203556136352,0.2101477881386883,85.07657449389998
3368,63.8460525900542,52.6889761343208,0.9974740804377247,0.01566098088029099,0.0054957452149672625,1019.0,63.8460525900542,52.6889761343208,997.4740804377246,1.2354439545097833,0.4261348947266796,93.11198788560547
3369,52.3745645653228,43.02764756041769,0.2552817255783082,0.0037709594351727103,0.0,911.0,52.3745645653228,43.02764756041769,255.2817255783082,0.29747875133088014,0.0,91.60772046572242
3370,47.52440785832111,39.65537850516408,1.672102550991907,0.035774431110716286,0.008403833443387363,336.0,47.52440785832111,39.65537850516408,1000.0,2.8221287657264504,0.6516253100572014,78.22662742566999
3371,47.89277886570402,39.72425409608927,2.0652549615926,0.03942281481406074,0.008341009946523642,350.0,47.89277886570402,39.72425409608927,1000.0,3.1099379153884206,0.6467540354301546,78.77371264481397
3372,48.7633851884702,42.868097146512994,1.3675000666102994,0.02584457305130897,0.008376393728928254,351.0,48.7633851884702,42.868097146512994,1000.0,2.0387944904082445,0.6494976605074155,78.8119511051856
3373,63.1305252231848,52.3426606816153,0.5265020813659074,0.005428035258060708,0.00039395976419940654,502.0,63.1305252231848,52.3426606816153,526.5020813659073,0.42820008501999085,0.030547268127796873,83.60976904064776
3374,37.1120925768171,27.042971029396405,0.04576741797960234,8.032314776241024e-05,0.0,1150.0,37.1120925768171,27.042971029396405,45.76741797960234,0.00633643244116022,0.0,94.73602079994099
3375,53.3859893875292,45.830844946009805,1.5070942863859147,0.027754319957902854,2.9341833569016667e-05,948.0,53.3859893875292,45.830844946009805,1000.0,2.189448225856221,0.0022751380695320597,92.1422454554357
3376,63.9000795946358,51.8511513787228,1.1586387655385795,0.02523053496250266,0.010100139453317449,18.0,63.9000795946358,51.8511513787228,1000.0,1.990355018420306,0.7831552763658919,39.57564415442586
3377,54.8735372679848,43.339457738651305,1.8429898882820546,0.03856508523269129,0.0010552792675599814,17.0,54.8735372679848,43.339457738651305,1000.0,3.042274412443935,0.08182535798133775,38.84893691934613
3378,58.7033808595222,46.7330147745647,1.8080607428472018,0.037771361163267805,0.0005632933273549782,17.0,58.7033808595222,46.7330147745647,1000.0,2.979660096609337,0.043677232725222795,38.84893691934613
3379,52.8427317220894,38.889199342027,0.16752412471619638,0.0006693361176180092,0.0,1868.0,52.8427317220894,38.889199342027,167.52412471619638,0.05280175401317864,0.0,100.0
3380,63.5518478833425,51.547006179444,2.2006253287922553,0.04910030119146819,0.006837897186162022,210.0,63.5518478833425,51.547006179444,1000.0,3.873363407776651,0.5302040912743387,71.93330700824349
3381,47.508061489619294,36.3610253089845,2.2401288791632146,0.045386396528215134,0.0021850553697876107,208.0,47.508061489619294,36.3610253089845,1000.0,3.5803855222333527,0.16942713018073494,71.80529832872075
3382,45.9617818736281,32.4824388520922,2.3257081236303803,0.04569330751427548,0.0010934001651461476,218.0,45.9617818736281,32.4824388520922,1000.0,3.604596733855357,0.08478121638531295,72.43348787695771
3383,72.4979224160812,65.6455915778423,2.698394433945386,0.0476307583662021,0.00385349987016445,1540.0,72.4979224160812,65.6455915778423,1000.0,3.757435943638499,0.29879674134631135,98.6580548202998
3384,63.87849306796387,54.710626693938956,1.6805461401341986,0.02844989401887842,0.013772284533299123,186.0,63.87849306796387,54.710626693938956,1000.0,2.2443198060665988,1.0678899385218787,70.31033572731599
3385,59.992653531612,50.7043273928968,1.8182369783798074,0.02959140902614354,0.0030054062237021314,192.0,59.992653531612,50.7043273928968,1000.0,2.3343702202448506,0.23303636079421933,70.73481762901051
3386,60.09525420643649,50.5122549033303,2.2408552458244966,0.03890692568862637,0.002513886264244252,181.0,60.09525420643649,50.5122549033303,1000.0,3.0692410965820502,0.1949243672452438,69.9460638451771
3387,48.7264092614534,37.2458129822435,1.7395179306207278,0.029282266473203568,0.020765521103920395,194.0,48.7264092614534,37.2458129822435,1000.0,2.3099829675541805,1.6101388989912395,70.87338390529007
3388,51.1705575496298,40.835315726927405,1.4660551926634555,0.025853820054108897,0.0035705514788207837,198.0,51.1705575496298,40.835315726927405,1000.0,2.039523956448324,0.27685719024959354,71.14630312478297
3389,51.6502627676969,38.2492028053178,2.040848107426558,0.035457603586779275,0.013286823796175726,193.0,51.6502627676969,38.2492028053178,1000.0,2.7971352706151142,1.0302477713514258,70.80427933273006
3390,60.3020199941611,45.138615408002906,1.4864307607562435,0.028366268689606546,0.005604464898116001,214.0,60.3020199941611,45.138615408002906,1000.0,2.2377228752432656,0.4345649163017576,72.18572399947608
3391,50.518895430442,38.5738798950637,1.774387911896006,0.03496376930667553,0.02468296232044955,427.0,50.518895430442,38.5738798950637,1000.0,2.758178286978689,1.9138935919593982,81.43952215442332
3392,54.4210899307474,41.34134749906244,1.778647926740553,0.03029524343279254,0.014441672260417423,71.0,54.4210899307474,41.34134749906244,1000.0,2.389893432316758,1.119793630827343,57.481855691702414
3393,52.594982281771706,42.94562677205229,1.5497931674073766,0.02433805253146878,0.0293591117078256,322.0,52.594982281771706,42.94562677205229,1000.0,1.9199499759548873,2.0,77.65632570744697
3394,63.51246496076341,48.9287408085374,1.816763194810123,0.032752027612480625,0.020493404541198433,328.0,63.51246496076341,48.9287408085374,1000.0,2.5837011628498234,1.5890392376581222,77.90370955750956
3395,60.11316523690863,46.4750827578447,2.3922651530009267,0.05202454075679479,0.012486750106562429,135.0,60.11316523690863,46.4750827578447,1000.0,4.0,0.9682108129115721,66.03005971155554
3396,60.774803626471304,46.94506948223477,2.458925999098201,0.05663586821233646,0.010151689028287326,135.0,60.774803626471304,46.94506948223477,1000.0,4.0,0.7871523817344537,66.03005971155554
3398,71.4162516619797,64.7007978671671,1.2767577312082403,0.02426916227262965,0.015311803471620386,857.0,71.4162516619797,64.7007978671671,1000.0,1.9145154470158645,1.1872627833409173,90.78734867211901
3399,72.6215486150807,65.994950202537,1.2829509351364232,0.027861566854478867,0.011186941005294347,876.0,72.6215486150807,65.994950202537,1000.0,2.1979085854612515,0.867424842516663,91.08174128846177
3401,67.6494559548245,56.5653564093024,0.2898268646593199,0.004365188509838538,0.0007314326646290595,884.0,67.6494559548245,56.5653564093024,289.8268646593199,0.34435555448270155,0.05671459817542064,91.20379261299082
3402,62.3723334854807,49.2373361009879,1.6470450373457795,0.03339815896140893,0.012643002005616681,169.0,62.3723334854807,49.2373361009879,1000.0,2.6346723679712927,0.980326437626668,69.02928973284334
3403,48.5817818039076,35.4931505601896,1.8466204498534646,0.034126293347402005,0.009379577377619921,523.0,48.5817818039076,35.4931505601896,1000.0,2.692112526548967,0.7272835733918972,84.1595185119911
3404,51.6946570638502,42.7356065276911,2.136974368664981,0.03639646394123295,0.01854064262510382,518.0,51.6946570638502,42.7356065276911,1000.0,2.871198916941279,1.437623922538532,84.03065070069512
3405,44.05769823533619,33.0929916533102,1.516143415526689,0.030694625267152248,0.01073993901377353,472.0,44.05769823533619,33.0929916533102,1000.0,2.4213993690503686,0.832764730166372,82.78322938012688
3406,47.2008817145028,35.5574232616284,1.7249210177297813,0.03328874598224862,0.006780511966958222,501.0,47.2008817145028,35.5574232616284,1000.0,2.626041133141128,0.5257544955620628,83.58302115171067
3407,52.66512330538801,43.3225735620146,2.1673996200904213,0.03362555751915396,0.016203853314786083,499.0,52.66512330538801,43.3225735620146,1000.0,2.6526111021781587,1.2564314858806747,83.52936515328858
3408,44.3804222163567,35.9599243659708,1.7945806563627509,0.026920306964628778,0.016577907422771716,448.0,44.3804222163567,35.9599243659708,1000.0,2.123655647575267,1.285435288221153,82.08333280407906
3409,48.0366086672895,40.9541070102837,1.778354623128781,0.03128168491388331,0.02256882395060393,109.0,48.0366086672895,40.9541070102837,1000.0,2.467710599300531,1.749965298992279,63.17826235411714
3410,62.7928477047992,56.701337108376194,1.838570724968691,0.034909900066614326,0.017413995157015097,110.0,62.7928477047992,56.701337108376194,1000.0,2.753928717460894,1.3502647416761189,63.29989947165514
3413,52.3125542824447,46.2963737946101,1.7364348716252536,0.035052450110473296,0.01615824203309461,102.0,52.3125542824447,46.2963737946101,1000.0,2.7651740277800134,1.2528948301658118,62.29451059716119
3414,58.8485708658599,52.7910949986351,1.5554335012384621,0.031502329112055215,0.01750110292655279,103.0,58.8485708658599,52.7910949986351,1000.0,2.485116504001697,1.3570189958763914,62.4243745035964
3415,48.4442150314176,42.2676405697015,1.551386265533201,0.030207546363599583,0.015113571892007892,98.0,48.4442150314176,42.2676405697015,1000.0,2.3829752951457324,1.1718920938337662,61.76213170746288
3416,65.9381771378735,53.894136530439894,1.9136606472570399,0.042037380885207774,0.007782484816200138,157.0,65.9381771378735,53.894136530439894,1000.0,3.316192547263367,0.6034465242004825,68.04537670594179
3417,56.6202360725919,44.5169357243108,2.6482477981300105,0.047387782544422906,0.012828205182243273,146.0,56.6202360725919,44.5169357243108,1000.0,3.738268369627415,0.994686917068088,67.07545499445794
3418,60.2001252908572,49.1233679230865,1.4402779521925744,0.02163834083347207,0.028381548265690792,781.0,60.2001252908572,49.1233679230865,1000.0,1.706978481914764,2.0,89.54072218366497
3424,43.5036249502441,36.3745763173563,1.8225467807399691,0.034597928901162485,0.00226814459712629,99.0,43.5036249502441,36.3745763173563,1000.0,2.7293183247093205,0.17586979041332,61.89721635964448
3425,49.5614745711806,43.297498448221,1.3071423720915814,0.03026018385439579,0.008057975068339756,99.0,49.5614745711806,43.297498448221,1000.0,2.3871276959616083,0.6248077782255096,61.89721635964448
3426,47.99458503260419,44.1697296969632,1.2920309362555606,0.030212158025905742,0.003324690312728942,94.0,47.99458503260419,44.1697296969632,1000.0,2.383339094218085,0.2577933475800695,61.207792948069965
3427,36.824950315761,34.008476572618,1.1663160830140924,0.025394130167129585,0.002183120020949717,99.0,36.824950315761,34.008476572618,1000.0,2.003260513171116,0.1692770650592571,61.89721635964448
3428,30.3388529012608,26.8926485165751,2.5656313150737184,0.04885968955567101,0.008759736809530036,109.0,30.3388529012608,26.8926485165751,1000.0,3.854382336724809,0.6792217210136329,63.17826235411714
3429,39.1331353248237,31.3984842778667,2.7291226752832385,0.05470514518469834,0.004302421884495498,107.0,39.1331353248237,31.3984842778667,1000.0,4.0,0.3336057304523665,62.93163507210827
3430,47.27701413093314,37.828000066084485,2.6999612116670653,0.05433551100402681,0.0038211941297513767,108.0,47.27701413093314,37.828000066084485,1000.0,4.0,0.2962917847386979,63.05551437995176
3431,40.039413129286544,29.257165911052766,2.707693197636602,0.05584834883907649,0.002519987931061226,120.0,40.039413129286544,29.257165911052766,1000.0,4.0,0.19539748472886137,64.45930834858979
3443,50.38396734383958,40.16666071685548,1.0906647436367656,0.026142408114598125,0.0032921502993993935,108.0,50.38396734383958,40.16666071685548,1000.0,2.0622897319384026,0.2552702256717198,63.05551437995176
3444,51.8143911055947,40.51258663215955,1.519767083928861,0.03475565286996858,0.0031819867899687657,105.0,51.8143911055947,40.51258663215955,1000.0,2.7417606567211044,0.2467282511700467,62.68039766837523
3445,38.84283768741736,27.984147834435117,1.201212437875495,0.02939056036931807,0.0030791792998439704,115.0,38.84283768741736,27.984147834435117,1000.0,2.318525921554804,0.23875665545958133,63.89210141228758
3446,50.53822148564625,39.3931250612801,2.561809456386298,0.051438693374245614,0.008363905889774335,121.0,50.53822148564625,39.3931250612801,1000.0,4.0,0.6485293652508003,64.56993292167306
3447,47.323046311548296,35.25016010262949,1.1418784909969182,0.026821298774473413,0.0038296065065202877,119.0,47.323046311548296,35.25016010262949,1000.0,2.1158452127813434,0.2969440724901493,64.34776571876252
3452,40.14153384890069,27.444765677803204,1.5579631864930685,0.03990721488330584,0.004183664439668746,113.0,40.14153384890069,27.444765677803204,1000.0,3.1481506647485906,0.32439739031472076,63.65834230718801
3453,59.35460290332911,45.6208978015878,0.4512684918746328,0.0040694833489455535,0.027879432457767566,593.0,59.35460290332911,45.6208978015878,451.2684918746328,0.3210283340400576,2.0,85.84482986022502
3455,48.21535171118345,36.123062348565654,1.3830787941462412,0.034087891955919505,0.007491057899598483,127.0,48.21535171118345,36.123062348565654,1000.0,2.6890831654052136,0.5808495562609295,65.215215703247
3458,68.638842103973,55.8055041576663,0.44102535328241876,0.010043988498775575,0.0027289463980937445,535.0,68.638842103973,55.8055041576663,441.0253532824188,0.7923376552738322,0.21159992695792332,84.4638517343685
3753,48.0939838430935,34.0349018383533,3.696603893830449,0.07322208069066105,0.006480985712602065,920.0,48.0939838430935,34.0349018383533,1000.0,4.0,0.502529512620655,91.73970983822706
4851,65.35360897661,52.9604250358502,0.6529422406456057,0.009760283289631366,0.02806227517849192,552.0,65.35360897661,52.9604250358502,652.9422406456057,0.7699570720792478,2.0,84.88352543370061
4853,73.17702200604344,64.58731301384023,1.7531659233534729,0.026806629404466927,0.008492559540745442,677.0,73.17702200604344,64.58731301384023,1000.0,2.1146879937904313,0.6585050478685947,87.62261846256982
4854,74.3015073758886,66.08192623047462,0.9834342028778384,0.01878525386592838,0.006705957969293784,667.0,74.3015073758886,66.08192623047462,983.4342028778384,1.481907710633865,0.5199736489792072,87.42289993274
4855,67.47191975544104,59.05609992122991,0.8214880865247683,0.012077022862402247,0.003143114229669865,660.0,67.47191975544104,59.05609992122991,821.4880865247684,0.9527171380822261,0.2437141095490678,87.2813099577839
4856,74.66621444076368,66.03009923006519,1.5709614492130597,0.023509583478702818,0.007168292800847461,659.0,74.66621444076368,66.03009923006519,1000.0,1.8545947411479637,0.5558226552679343,87.26096050687926
4857,73.47287985408465,64.42896940163992,0.2024822995594623,0.0038077701344477423,0.001720223721082442,679.0,73.47287985408465,64.42896940163992,202.4822995594623,0.30038262792891934,0.13338452304764825,87.66220850519962
4858,75.67914550644554,66.85939541721717,0.1689024972041486,0.002456538855290298,0.0002873469906423022,662.0,75.67914550644554,66.85939541721717,168.9024972041486,0.19378837768751506,0.022280614333049106,87.32191666466707
4859,74.61804267424675,66.34643172633037,1.4690279729876494,0.018473156529626132,0.0038555240643962543,665.0,74.61804267424675,66.34643172633037,1000.0,1.4572873646733855,0.29895369545574263,87.38259762441729
4862,57.33530831033459,44.37378006276873,0.19626785506363187,0.0012282660569071751,0.00014373560820202382,886.0,57.33530831033459,44.37378006276873,196.26785506363186,0.09689392293717837,0.011145123340658643,91.23413305421536
4870,57.5049136092768,45.394656590968,1.7070700371603844,0.029945285976195633,0.01190608844648488,733.0,57.5049136092768,45.394656590968,1000.0,2.3622864243398585,0.9231868560667243,88.68930452080285
4883,67.5081385256763,54.78738646458041,1.3634713194733525,0.023950945529228034,0.0018699221684164474,622.0,67.5081385256763,54.78738646458041,1000.0,1.8894123608896263,0.14499199930431528,86.48551561925144
4901,,,0.10002688142281646,0.0020082552878958227,0.0,1182.0,,,100.02688142281646,0.15842474194356457,0.0,95.10460080406092
4910,63.56404667403801,50.655707132230255,1.1289725061093927,0.020598170153042668,0.0021572204454839007,938.0,63.56404667403801,50.655707132230255,1000.0,1.6249227927713035,0.16726883643276735,91.99986266468309
4912,49.1836674394439,35.2034471085726,1.0205721216524917,0.020385863060513123,0.01000039729546938,377.0,49.1836674394439,35.2034471085726,1000.0,1.6081745752764933,0.7754213636257882,79.76978379986711
4920,56.9816678353404,43.8220755698578,1.5404377570119347,0.024506650166769412,0.006617112977463691,867.0,56.9816678353404,43.8220755698578,1000.0,1.933250096226341,0.5130846922027175,90.94309560316619
4922,63.54981672841993,50.585767233794854,0.21184497268480829,0.0031109084529777503,0.002943582363268043,1005.0,63.54981672841993,50.585767233794854,211.84497268480828,0.24540947151666098,0.2282425970320406,92.92622842682592
4931,63.89200451721527,52.0631112739973,2.591479326495549,0.0410160351790932,0.02050706901153058,157.0,63.89200451721527,52.0631112739973,1000.0,3.235621899247843,1.5900987677852882,68.04537670594179
4935,64.0592805789811,52.6602219397548,1.4514782707829517,0.026975103418194753,0.00535241163156569,382.0,64.0592805789811,52.6602219397548,1000.0,2.127978361957216,0.4150209440094445,79.94640670615209
4938,45.8435503410675,35.841953584033,2.0812409765738322,0.02683327578296817,0.007714849272978232,1103.0,45.8435503410675,35.841953584033,1000.0,2.116790040110555,0.5982021280424957,94.17565755576227
4943,44.3049178418239,34.3223101994148,0.21490119079161538,0.002755610001801691,0.0002448634088694346,1208.0,44.3049178418239,34.3223101994148,214.90119079161536,0.21738112981141297,0.01898647751660991,95.3968038285189
4946,73.42913687531656,64.70275358398966,0.25581832235522184,0.0011080804530062527,0.002920860628360695,604.0,73.42913687531656,64.70275358398966,255.81832235522185,0.08741287070338348,0.22648077516184534,86.09145714223389
4952,43.356581955767496,33.32142486175,0.10607576019071428,0.0007540113852257934,4.951623294762119e-06,1198.0,43.356581955767496,33.32142486175,106.07576019071428,0.05948151106429582,0.00038394419480965685,95.28516855424665
4956,52.54280389100019,40.0975333220591,0.06617777868346185,0.000610541009673755,0.0,1212.0,52.54280389100019,40.0975333220591,66.17777868346185,0.048163598764812784,0.0,95.44119960713239
4961,65.3335866041397,56.134602579330405,1.4546778786852717,0.026149895028134126,0.010200635614498705,1000.0,65.3335866041397,56.134602579330405,1000.0,2.062880350248756,0.790947653812499,92.85925863329383
4967,73.86864836314587,65.54202462315763,0.8308892708244929,0.009106674340033536,0.018785002699258316,595.0,73.86864836314587,65.54202462315763,830.8892708244929,0.7183959833092368,1.4565713719566091,85.89000909521776
4972,57.5307464372603,45.4554199350551,0.11193130601866504,0.002987649745226991,0.0006216749574756529,1111.0,57.5307464372603,45.4554199350551,111.93130601866504,0.23568599209379779,0.04820408919915303,94.27270353515843
4976,51.2683175909369,39.713141855606,0.13324021258786334,0.0032658134556192986,0.0004137998876926693,1101.0,51.2683175909369,39.713141855606,133.24021258786334,0.2576294244365746,0.032085652569844955,94.1512861805353
4979,34.3828981376712,22.2154820207691,2.348053002203202,0.026387127938886902,0.00019781528824770002,1121.0,34.3828981376712,22.2154820207691,1000.0,2.081594884647372,0.015338410667799411,94.39303388007812
4981,47.4517513618522,37.5692588565075,0.07384771475192468,0.0004759620798197098,2.073606645127059e-05,1192.0,47.4517513618522,37.5692588565075,73.84771475192468,0.037547103759585046,0.0016078550130367102,95.21773960134786
4982,61.32481924457841,48.2916168856067,0.7013059112092938,0.0110233112687985,7.440339025092517e-06,1151.0,61.32481924457841,48.2916168856067,701.3059112092938,0.8695932502449766,0.0005769168626219679,94.74769323641499
4986,51.133887021278795,42.0934776203027,0.561591451710711,0.009049277246972276,3.249343120867071e-05,1180.0,51.133887021278795,42.0934776203027,561.591451710711,0.7138681129177845,0.0025195099746810187,95.08185831173967
4990,66.3577775960922,52.9931475719203,0.720196913694881,0.01771676857628706,0.0004093283052066663,1056.0,66.3577775960922,52.9931475719203,720.196913694881,1.3976183738636974,0.03173893028607804,93.59091188857845
4995,59.3280764128678,48.0286805147803,0.0991360720962542,0.0008048788630369187,0.001895182864680445,1036.0,59.3280764128678,48.0286805147803,99.13607209625421,0.06349428130029063,0.14695068984074425,93.33415508851603
5008,34.7256702402643,21.849272771647,0.4030479880630951,0.009458154099854588,0.010691723738753389,1153.0,34.7256702402643,21.849272771647,403.0479880630951,0.7461230808469104,0.8290261632675701,94.77100774313695
5013,27.5036909720089,15.5036909720089,0.3867126817431917,0.005004931070788951,0.005734406796318224,1140.0,27.5036909720089,15.5036909720089,386.7126817431917,0.39482276885517126,0.4446404883934524,94.61873550289467
5031,54.46407054259886,44.780113916956,2.3538629495363335,0.04042996114706827,0.02161227386356766,382.0,54.46407054259886,44.780113916956,1000.0,3.1893884209430716,1.6757953084457964,79.94640670615209
5036,58.286455849969855,49.77137014574255,1.9770571590541717,0.036259454568272294,0.00926448084948167,376.0,58.286455849969855,49.77137014574255,1000.0,2.860390692167284,0.7183590972775341,79.73417898499328
5043,56.928210337767446,47.991877791116416,0.8852225211009039,0.015664929998256156,0.007230881189914248,367.0,56.928210337767446,47.991877791116416,885.2225211009039,1.2357554876093384,0.5606756998584024,79.40941878917829
5048,56.692861160925716,47.80819308641887,1.7552163890641033,0.032753010311569956,0.016902235990476078,371.0,56.692861160925716,47.80819308641887,1000.0,2.583778684791667,1.3105834191205175,79.55472625581321
5054,56.10078687814144,46.55984702301156,2.1302236732585444,0.04146977582923736,0.024909644007003417,379.0,56.10078687814144,46.55984702301156,1000.0,3.271416026539155,1.931470275895368,79.84071172042624
5060,53.428022443740836,43.23657743865751,2.1799616042736,0.03652430305378285,0.032723258221359394,384.0,53.428022443740836,43.23657743865751,1000.0,2.8812837296332114,2.0,80.01641108187597
5065,60.8566032809862,47.1049264400643,1.4538490499057188,0.03484701161723025,0.018325977933179683,96.0,60.8566032809862,47.1049264400643,1000.0,2.7489676517911295,1.420979025019357,61.48781994655193
5068,51.4021074535611,44.578146738567895,1.186775937622009,0.02663269810282612,0.010191865566408068,108.0,51.4021074535611,44.578146738567895,1000.0,2.1009671178916185,0.7902676325644845,63.05551437995176
5073,52.9541839725744,40.018881493664,1.1545807368414505,0.02470212844430217,0.029685339474572924,105.0,52.9541839725744,40.018881493664,1000.0,1.9486707431233536,2.0,62.68039766837523
5076,52.48747031744459,39.2988696267517,1.348536204507777,0.029273561845816885,0.01789275502717909,104.0,52.48747031744459,39.2988696267517,1000.0,2.3092962877501924,1.3873873299496924,62.55299567416506
5079,60.7913546726606,47.5964383576143,1.109774283495365,0.024839764227299974,0.017246519493266516,102.0,60.7913546726606,47.5964383576143,1000.0,1.9595283833521882,1.3372788368444286,62.29451059716119
5085,50.4329919978548,39.985587215385,1.345539140124354,0.03007906984259489,0.012091917307372918,108.0,50.4329919978548,39.985587215385,1000.0,2.3728401993694868,0.9375958504749875,63.05551437995176
5089,46.5475724347499,35.0983394879057,1.403426082249571,0.03185386683132865,0.015991508133897433,107.0,46.5475724347499,35.0983394879057,1000.0,2.5128481737724644,1.2399664410570417,62.93163507210827
5093,60.9325324106047,51.755516205843,1.5888873159627812,0.025861154181958897,0.006629697253644943,701.0,60.9325324106047,51.755516205843,1000.0,2.040102521991769,0.5140604650953735,88.09017203099211
5097,58.6677249337064,46.13300780361159,1.3036863211624026,0.022368813078541966,0.007197150840994202,584.0,58.6677249337064,46.13300780361159,1000.0,1.764603066607573,0.5580602804523148,85.63962267187406
5116,57.631755370531096,49.915690483503795,2.4340623773474857,0.041827256382727836,0.009151843180187793,507.0,57.631755370531096,49.915690483503795,1000.0,3.299616507214055,0.7096252787562383,83.74271581947427
5124,60.8300463310622,51.15278402685719,2.5738027304784867,0.04419566527264238,0.01052161476138403,508.0,60.8300463310622,51.15278402685719,1000.0,3.4864525979556324,0.8158360737841757,83.76914809889772
5133,50.2599563436478,34.070526538625,0.2206099592837704,0.004906290084227083,0.010435520917043747,741.0,50.2599563436478,34.070526538625,220.6099592837704,0.3870413015609927,0.8091604383863327,88.8350057823122
5136,45.2741509674898,29.2741509674898,0.28734907897821665,0.0035105392657068966,0.008054503722878989,736.0,45.2741509674898,29.2741509674898,287.34907897821665,0.27693504934578617,0.6245386133762266,88.74412775012897
5143,63.9017718630399,47.4286956677222,0.23185026992577965,0.004623725795774269,0.0075561136616955045,736.0,63.9017718630399,47.4286956677222,231.85026992577966,0.3647507218969364,0.5858939186263968,88.74412775012897
5151,64.413085931775,48.1749955748339,0.24406207077032913,0.004869430702768912,0.005032884385231297,740.0,64.413085931775,48.1749955748339,244.06207077032911,0.38413358458352187,0.3902451030355606,88.81687926607184
5160,64.53564828701205,57.31696707432279,0.8488679009643696,0.015052855202180582,0.014495997482375192,230.0,64.53564828701205,57.31696707432279,848.8679009643696,1.1874708934131333,1.1240059572424996,73.15050105481585
5165,61.67511459280736,54.01423950999744,1.1492989719107694,0.019788542314048186,0.03146103745794512,240.0,61.67511459280736,54.01423950999744,1000.0,1.5610538801703473,2.0,73.72011212830854
5168,62.46261020542913,55.24815190373932,0.7606373877324956,0.012904575020269694,0.021793883969410344,237.0,62.46261020542913,55.24815190373932,760.6373877324955,1.0180000420263542,1.6898771845713136,73.55174905313622
5171,65.42007797305314,58.38532212633777,1.3388841081134168,0.02403307577480447,0.02007933691882681,211.0,65.42007797305314,58.38532212633777,1000.0,1.8958913494124658,1.556932825194074,71.99685705455336
5176,63.94906313123681,56.44986456367606,0.5229001571072093,0.010065236008246558,0.016708619684334243,664.0,63.94906313123681,56.44986456367606,522.9001571072092,0.7940138023379889,1.2955705935604063,87.36240106200695
5184,65.83987054838914,54.37213723268199,1.181820908736195,0.025591125636029666,0.019817934932126226,583.0,65.83987054838914,54.37213723268199,1000.0,2.0188008463711076,1.5366639619686413,85.61662726890815
5187,67.33732413793444,55.858456963486006,0.8323129279599298,0.019577546649642206,0.02557975239551671,590.0,67.33732413793444,55.858456963486006,832.3129279599299,1.5444091169840135,1.9834298476049306,85.77677498189453
5195,47.18602877803474,38.18665929348641,1.9187275443419118,0.03523979190970999,0.030204191741219202,37.0,47.18602877803474,38.18665929348641,1000.0,2.77995281431089,2.0,48.892103540604005
5198,45.00422063599043,35.9896114042881,1.6142173362059342,0.027763944709282007,0.04931919820975613,61.0,45.00422063599043,35.9896114042881,1000.0,2.1902074912557463,2.0,55.472028103051066
5204,77.2196514610374,66.5495805609929,1.8352768746200046,0.026745408140648182,0.008720876003767307,171.0,77.2196514610374,66.5495805609929,1000.0,2.1098584469791266,0.6762084908282898,69.18649397818827
5207,77.40678438170877,66.59047688534966,1.5100315506459774,0.031135826499211178,0.008791733235649505,175.0,77.40678438170877,66.59047688534966,1000.0,2.456204302345156,0.6817026936829839,69.49549171900746
5214,76.83849806860495,66.29848650266601,1.2729404547610488,0.022763095590293173,0.026098225174993352,166.0,76.83849806860495,66.29848650266601,1000.0,1.7957067343302622,2.0,68.78998116038372
5218,53.32432311073462,40.28110545531041,2.121173350425343,0.03425803454372618,0.012800302776815878,512.0,53.32432311073462,40.28110545531041,1000.0,2.702505161965783,0.9925233908975075,83.87436045417785
5220,55.26389811015716,41.93917941794605,1.8415740405071785,0.029146446086862718,0.0037953211322332937,508.0,55.26389811015716,41.93917941794605,1000.0,2.2992685380758098,0.2942856169411797,83.76914809889772
5227,54.079722013292,40.83641881129566,2.149933620071927,0.03640766647397005,0.007503606822389755,511.0,54.079722013292,40.83641881129566,1000.0,2.8720826483915016,0.5818225878851082,83.84813447560327
5233,71.01325203038203,62.15014071876326,2.0811474233111222,0.039300405227814715,0.005226074307297542,306.0,71.01325203038203,62.15014071876326,1000.0,3.100281420405273,0.40522486717705475,76.97347107164305
5238,49.457778902720605,39.9933284607297,1.405619406543424,0.027454268394868576,0.02066021675427383,389.0,49.457778902720605,39.9933284607297,1000.0,2.165778131854738,1.6019736991510631,80.18984329146821
5249,62.257328057745966,50.50262246265379,3.057577707693252,0.04883490110849509,0.008727617364727996,167.0,62.257328057745966,50.50262246265379,1000.0,3.852426856577093,0.6767312095917932,68.87022503905538
5250,65.42062891145245,53.48797553546853,3.01851370842996,0.047234923896314694,0.008465165657412678,162.0,65.42062891145245,53.48797553546853,1000.0,3.726209846975268,0.6563809520210706,68.46412738895769
5251,62.74563660967732,50.88933844383898,2.8357741440649065,0.04578637838640539,0.009077444735580854,167.0,62.74563660967732,50.88933844383898,1000.0,3.6119387928995996,0.7038564936105833,68.87022503905538
5253,63.64443944481387,51.74974645591866,2.819791119110854,0.04641151407544839,0.008580223961369439,163.0,63.64443944481387,51.74974645591866,1000.0,3.661253718553358,0.6653024642684932,68.54633443271796
5256,53.812220696285564,44.86502289704519,1.2615999983301582,0.02222136625632147,0.021988808258232257,114.0,53.812220696285564,44.86502289704519,1000.0,1.7529714653358264,1.704991429873403,63.77573003810981
5257,54.48840106895602,44.9316716885492,1.2922705573943853,0.02433830783551431,0.013656176079643518,140.0,54.48840106895602,44.9316716885492,1000.0,1.9199701160624592,1.0588869986583895,66.5153402101566
5261,67.55769421323312,58.47660379525124,1.0855761116639708,0.02014164067028381,0.01679010315533707,162.0,67.55769421323312,58.47660379525124,1000.0,1.5889086635260714,1.301888744962911,68.46412738895769
5265,65.87251284240794,57.01996458353062,1.2625545910203693,0.023084270228758055,0.01969429393761407,142.0,65.87251284240794,57.01996458353062,1000.0,1.821043159198302,1.5270769559995785,66.70465051935686
5270,52.6870252505031,42.7891970381561,1.433222415397751,0.02472147675397295,0.025995023299458617,136.0,52.6870252505031,42.7891970381561,1000.0,1.9501970684790553,2.0,66.12852762269118
5275,51.16586682596847,42.097367250396466,1.067281905462166,0.01672647661446075,0.041488652548919196,122.0,51.16586682596847,42.097367250396466,1000.0,1.3194974549512917,2.0,64.67965442694566
5276,58.30463371641636,48.72715247688652,0.9543933090193893,0.014114032483613087,0.05553429507916476,179.0,58.30463371641636,48.72715247688652,954.3933090193893,1.1134102160598833,2.0,69.79754509916837
5281,57.809821415025446,48.738838240192976,1.2281249379328456,0.017127718019980313,0.04890352952406935,175.0,57.809821415025446,48.738838240192976,1000.0,1.3511500872185334,2.0,69.49549171900746
5284,54.1287272416427,38.5168136146662,1.6437477348445582,0.02921662308415622,0.02653710836284246,113.0,54.1287272416427,38.5168136146662,1000.0,2.3048045736354354,2.0,63.65834230718801
5292,44.84480634311551,33.4147777500798,1.2352844801794958,0.027115977169814988,0.02883099889923924,107.0,44.84480634311551,33.4147777500798,1000.0,2.1390914350219665,2.0,62.93163507210827
5295,71.98633551944181,61.66820890705384,1.1800660106697092,0.02977291790959319,0.011927106734230662,327.0,71.98633551944181,61.66820890705384,1000.0,2.3486888669798,0.9248165942524559,77.8627938188961
5299,58.2575815944033,45.6062041955408,2.335491008076183,0.043681046860820395,0.0011814306428259566,397.0,58.2575815944033,45.6062041955408,1000.0,3.4458560216220886,0.09160701650367745,80.46276251096111
5305,65.56606207698641,52.957392864026424,0.47457260724973677,0.01096214370687917,0.010670719108597237,242.0,65.56606207698641,52.957392864026424,474.5726072497368,0.864767939802229,0.8273974840784425,73.83119383291998
5308,60.840101834122194,53.035109019631,2.3414688422357246,0.036841349596030276,0.006169266806234682,104.0,60.840101834122194,53.035109019631,1000.0,2.9062945023882407,0.47835912295495225,62.55299567416506
5310,62.42889357278827,53.735200199700024,1.173881938266824,0.020615656617606545,0.010854599704347939,549.0,62.42889357278827,53.735200199700024,1000.0,1.6263022432090715,0.8416554118475651,84.81041114776123
5316,61.4373764633876,50.9346229603576,2.0279302213491923,0.03645271704835805,0.00408206717835971,1175.0,61.4373764633876,50.9346229603576,1000.0,2.8756365419949916,0.3165196346038962,95.02483315299236
5320,49.22075289469079,38.0173749140196,3.638695652561028,0.05854357702852111,0.029400091870124358,88.0,49.22075289469079,38.0173749140196,1000.0,4.0,2.0,60.33090750531447
5326,55.83615436816199,43.72856096486325,0.7242607075693271,0.021349128337120937,0.006478536033067551,164.0,55.83615436816199,43.72856096486325,724.2607075693271,1.684163446706123,0.5023395667826073,68.62804173452298
5332,66.1103765090118,55.71845374699849,0.4825150534520722,0.008551767553425951,0.004032051329585551,1037.0,66.1103765090118,55.71845374699849,482.5150534520722,0.6746211878432932,0.31264145291636164,93.34711008687326
5335,68.0328692323451,54.09144413503141,0.8764295040926738,0.013740650922047666,0.0,1183.0,68.0328692323451,54.09144413503141,876.4295040926738,1.083955356464087,0.0,95.11595763596186
5339,,,0.18081633237933156,0.004988097421368287,0.007686677527421442,1089.0,,,180.81633237933156,0.393494816885364,0.5960177174926007,94.004122559774
5342,46.7731852763268,45.1243266661351,1.5627022296126667,0.02744039734629021,0.009986763801700427,229.0,46.7731852763268,45.1243266661351,1000.0,2.164683889850368,0.7743642353920835,73.09218942428795
5347,52.28005332645747,40.1943397507989,0.08488133783454356,0.002180905621212046,0.00033771640084224,1072.0,52.28005332645747,40.1943397507989,84.88133783454356,0.17204456640858645,0.02618621083969562,93.79284334500244
5354,62.866149192837696,57.37653347329521,1.3216399827275707,0.025332336608825744,6.0474820643890595e-05,475.0,62.866149192837696,57.37653347329521,1000.0,1.9983858199052422,0.004689160490649249,82.86820843931437
5356,67.3192954114465,55.3406213782403,0.20634227022824936,0.002541909054180119,0.009299899890193883,460.0,67.3192954114465,55.3406213782403,206.34227022824936,0.20052295561209824,0.7211054562506746,82.43783624811414
5360,67.41518792800312,55.305283389678635,1.2877971421475654,0.021516735866924163,0.01896615100703777,541.0,67.41518792800312,55.305283389678635,1000.0,1.6973854607682375,1.4706174406963466,84.61347268299009
5364,68.6750723251698,57.0375730490635,0.3414975944790979,0.004633974682518151,0.000146236061975764,385.0,68.6750723251698,57.0375730490635,341.49759447909787,0.365559223309777,0.011339006165273549,80.05127701518865
5372,69.27851721143253,57.00055791505164,0.17420491153790393,0.0019424088097219343,0.006771783924627463,141.0,69.27851721143253,57.00055791505164,174.20491153790394,0.1532303269827451,0.5250777314010062,66.61032866030953
5374,52.96195672296611,42.4798612784338,1.699603064717808,0.02841211599818936,0.023465573627359352,92.0,52.96195672296611,42.4798612784338,1000.0,2.241339620621613,1.8194984221908643,60.921807483456924
5376,44.8212694500711,35.7173841585072,1.4932955293873662,0.02431956983528611,0.005579024852751886,360.0,44.8212694500711,35.7173841585072,1000.0,1.9184919360379458,0.4325923192054521,79.15128830885172
5377,43.80837638919169,34.6191976216799,1.4725768918387865,0.023885713889267527,0.012278545227259232,346.0,43.80837638919169,34.6191976216799,1000.0,1.8842664485200258,0.9520668031634825,78.61966156295637
5385,47.2693438844578,34.550322170796,0.7478283245037011,0.008104074754746355,0.0034982560648714805,274.0,47.2693438844578,34.550322170796,747.8283245037011,0.6393041559259415,0.27125147211538936,75.49395176158309
5388,61.5953896000496,48.7066367397712,0.35777270497937963,0.004134361829668042,0.00787844276564541,1130.0,61.5953896000496,48.7066367397712,357.7727049793796,0.3261463868235362,0.6108870129941925,94.50041775157727
5393,31.1249105098307,20.2544842372042,0.07917596593378298,0.0023646803229525723,0.0082504601487445,164.0,31.1249105098307,20.2544842372042,79.17596593378298,0.18654195619487376,0.6397328896101029,68.62804173452298
5396,69.5504660193007,56.2764374443129,0.18985538516716666,0.0035449356100739453,0.01122104608981102,622.0,69.5504660193007,56.2764374443129,189.85538516716665,0.2796484653208344,0.8700693185670767,86.48551561925144
5402,41.6051389970451,30.0915920239759,0.4148470037314679,0.0043360722071504945,0.001121888124320968,192.0,41.6051389970451,30.0915920239759,414.84700373146785,0.3420586638595293,0.08699014584057196,70.73481762901051
5407,57.9228293164168,42.3501826850103,0.08827043892017039,0.00248275169804503,0.003226026777039564,291.0,57.9228293164168,42.3501826850103,88.27043892017039,0.19585622377962056,0.2501430701836845,76.30016788273001
5410,71.77967120669241,63.75928021532513,0.27217145923649294,0.0117624925612427,0.009935758107746419,102.0,71.77967120669241,63.75928021532513,272.1714592364929,0.927904863420252,0.770409302043944,62.29451059716119
5411,76.00159182015486,69.36849024168295,1.215537213166108,0.029758422592489005,0.0027585082700802,238.0,76.00159182015486,69.36849024168295,1000.0,2.3475453784574687,0.21389212659857695,73.60810473215558
5416,38.5291687490064,26.1796410897089,0.189978053183289,0.0008066475526321194,0.0010158941927288963,232.0,38.5291687490064,26.1796410897089,189.978053183289,0.0636338074822391,0.07877147646746432,73.26637082201646
5417,77.03842217439848,69.33098937444515,0.9230651348555846,0.02153100422990036,0.02564166803003584,252.0,77.03842217439848,69.33098937444515,923.0651348555846,1.6985110456159833,1.9882307274430078,74.3732354187606
5422,68.2600195462946,57.154317639415,0.5949247460774679,0.011722562094589235,0.005449854196535373,650.0,68.2600195462946,57.154317639415,594.924746077468,0.9247548784988184,0.42257654848910026,87.07641559739389
5427,51.515858657911,41.4561148383628,0.663073704864308,0.007946325843955004,0.013605757647339005,182.0,51.515858657911,41.4561148383628,663.073704864308,0.626859856321889,1.0549776010240424,70.01971230207891
5431,50.9355493493981,45.9862358695258,1.4554438379670962,0.025495576262567845,0.012945600550269323,74.0,50.9355493493981,45.9862358695258,1000.0,2.0112632664006753,1.0037896430567197,58.03053635387219
5441,,,0.4971882655650736,0.006739917046031425,3.333753319613948e-05,1076.0,,,497.1882655650736,0.531690181608998,0.0025849608457637913,93.84285571807337
5445,55.106466936476096,40.5776559829218,0.12817922642359406,0.0009081967850507223,0.0013865632836225332,1115.0,55.106466936476096,40.5776559829218,128.17922642359406,0.07164469685345073,0.10751280777886045,94.3209650223972
5449,64.91011042160261,57.661807752049214,1.6332273289978274,0.02403977218026504,0.011939619916579804,705.0,64.91011042160261,57.661807752049214,1000.0,1.8964196071063129,0.9257868545964989,88.1665404736879
5455,68.1568404907126,52.0357094243958,0.2096713062493976,0.0020895526659498224,0.0033321429872361693,935.0,68.1568404907126,52.0357094243958,209.6713062493976,0.16483802825059976,0.2583712209243287,91.95685203676437
5460,64.96781991795784,53.52940854953133,1.035246677828671,0.015278199941079287,0.009547635260833789,136.0,64.96781991795784,53.52940854953133,1000.0,1.2052476085168056,0.7403146229711773,66.12852762269118
5462,53.345420880501294,40.98150197851061,1.1828047761392524,0.025975007154965164,0.022498679659608625,269.0,53.345420880501294,40.98150197851061,1000.0,2.0490840135266044,1.744526376900775,75.24732447957423
5467,53.4298763027848,41.7300089094046,0.16241981501224498,0.0017078099238296421,0.0046278459224789285,1041.0,53.4298763027848,41.7300089094046,162.41981501224498,0.1347235822567419,0.35883880308279525,93.39880557273544
5475,40.0674596548013,27.8222554492597,1.4504824927117568,0.02420250770595649,0.01438176831216553,760.0,40.0674596548013,27.8222554492597,1000.0,1.909257284575959,1.115148735242935,89.17484475774405
5481,47.442795145647,35.4429033237489,1.8890280291211397,0.03490775095489608,0.0015860009571423803,1062.0,47.442795145647,35.4429033237489,1000.0,2.7537591810123048,0.12297701666875896,93.66699214692981
5485,61.6932629579579,48.6932629579579,0.1720919464503142,0.0015815506756745392,0.0,1124.0,61.6932629579579,48.6932629579579,172.0919464503142,0.1247633999395233,0.0,94.42892391410028
5490,67.23597317304589,60.24501094595798,1.4190229221036994,0.03774570965313354,0.005483813888478051,105.0,67.23597317304589,60.24501094595798,1000.0,2.9776365322258758,0.42520975093661034,62.68039766837523
5493,67.40233963553051,60.4123883037568,1.2142982809717728,0.03276258188151597,0.018904359975872854,106.0,67.40233963553051,60.4123883037568,1000.0,2.5845337548805305,1.4658262224847012,62.80660338206703
5496,64.90204260870155,57.91040431974455,1.4091785011885023,0.040009954484525635,0.01004514714798985,109.0,64.90204260870155,57.91040431974455,1000.0,3.15625545845123,0.7788912249361181,63.17826235411714
5499,64.99095248479871,58.00584015416458,1.473948938124441,0.03927660484828452,0.005863226406960247,109.0,64.99095248479871,58.00584015416458,1000.0,3.098403885707391,0.45462903936742566,63.17826235411714
5504,49.87189890947,41.5533121156157,1.6666429670929992,0.019300509531700687,0.012009510508336737,223.0,49.87189890947,41.5533121156157,1000.0,1.5225545578633652,0.9312061050886096,72.73690504482768
5511,47.03691171272118,39.270293878260574,1.4251895311316096,0.016274574675917194,0.016503968843619488,223.0,47.03691171272118,39.270293878260574,1000.0,1.2838483776506804,1.279702160608638,72.73690504482768
5520,48.745136387867106,40.74392623071689,1.5401134159068097,0.01861583937076962,0.017677890169999003,217.0,48.745136387867106,40.74392623071689,1000.0,1.4685431509392919,1.3707269118055727,72.3719737661299
5533,55.0601795253629,44.0420362232938,2.1717498228064533,0.04367894313110477,0.007791091986476215,590.0,55.0601795253629,44.0420362232938,1000.0,3.4456900652124003,0.60411391605655,85.77677498189453
5541,68.170540075379,58.6349445102426,2.1718731077233056,0.03221849084987367,0.03984264539099154,678.0,68.170540075379,58.6349445102426,1000.0,2.541612179221664,2.0,87.6424280604889
5546,65.6320526868773,55.9406395941877,1.3037385325062312,0.029031906733786115,0.022562022277201804,636.0,65.6320526868773,55.9406395941877,1000.0,2.2902329002448467,1.749437903659015,86.78421257293593
5555,49.386623469481,38.8952674468978,2.329388697865,0.0500220293527835,0.011407148943477628,33.0,49.386623469481,38.8952674468978,1000.0,3.946075550988032,0.8844995581166785,47.39714093919925
5559,49.9474340198376,39.3951941248612,2.5318527878379253,0.05341293820197445,0.005784906401160953,32.0,49.9474340198376,39.3951941248612,1000.0,4.0,0.44855618006976733,46.99589294087888
5563,48.9361090500591,38.4072845066118,2.464117782472591,0.05286361044169088,0.00893021757636363,32.0,48.9361090500591,38.4072845066118,1000.0,4.0,0.6924406387010297,46.99589294087888
5569,50.5402577496642,40.0710039420801,2.589627088540285,0.05342389326816346,0.005764554150591988,30.0,50.5402577496642,40.0710039420801,1000.0,4.0,0.44697808577783454,46.15556871687292
5574,66.50169837973851,58.856581018523634,2.2121033113416515,0.03871359578718054,0.0009620258458515629,15.0,66.50169837973851,58.856581018523634,1000.0,3.0539899281020597,0.07459457571464995,37.26583754471257
5579,65.9913449260888,58.45846033695505,1.4533178860713547,0.03318637780424271,0.0018222821486102564,27.0,65.9913449260888,58.45846033695505,1000.0,2.6179656398103917,0.1412980371516304,44.78752688629325
5584,66.78034216710567,59.35491626112325,1.5684424982045109,0.03963673310750799,0.0015128403675067487,26.0,66.78034216710567,59.35491626112325,1000.0,3.126813235294535,0.11730421362876078,44.29871629975198
5590,55.3272172642265,42.6473073157302,2.2590797443458457,0.034704169412121025,0.005392646245778934,620.0,55.3272172642265,42.6473073157302,1000.0,2.737699293819176,0.4181406980048508,86.4422975442177
5596,54.3950531629804,39.2440638455308,2.1426878659594055,0.03961924636428497,0.00599029995815763,550.0,54.3950531629804,39.2440638455308,1000.0,3.1254337628742515,0.46448220254074146,84.83482679435718
5604,69.26655506124418,60.261104986585075,1.0315873583953656,0.017625435398558115,0.025604397380459398,219.0,69.26655506124418,60.261104986585075,1000.0,1.3904133958911238,1.9853407964668777,72.49472174029529
5611,46.8887448091208,40.1699839541244,1.5864744482950368,0.04599613266288227,0.0015056476829999675,187.0,46.8887448091208,40.1699839541244,1000.0,3.6284856270210857,0.1167464996636461,70.38202021592888
5615,49.31077528319291,43.26929082105213,2.3240222408333833,0.039831692692800624,0.0017242032126982823,222.0,49.31077528319291,43.26929082105213,1000.0,3.1421929642441206,0.13369308906998922,72.67676709324866
5623,47.38914400058456,34.802653491503015,1.908605151595499,0.031077651239263347,0.011915012034041803,247.0,47.38914400058456,34.802653491503015,1000.0,2.451615044893534,0.9238787826199781,74.10494687540735
5629,47.3409282550022,36.17328814097498,1.757860903661401,0.0265275690647207,0.012229118376033002,254.0,47.3409282550022,36.17328814097498,1000.0,2.0926738292679015,0.9482342917896658,74.47906911324918
5636,63.2715500585209,56.3303549543657,1.866013205373645,0.03902434156004918,0.0038644800317286848,178.0,63.2715500585209,56.3303549543657,1000.0,3.0785036536097112,0.2996481327062154,69.72266574252166
5641,58.9679554670245,49.6411791038999,0.8245149759480231,0.014011362664835126,0.004571834009193538,1086.0,58.9679554670245,49.6411791038999,824.5149759480231,1.1053109272676036,0.3544956922147176,93.96707850392706
5645,56.99316812017066,49.0738109509262,2.4363436032095933,0.03820636846161153,0.005810550750227184,159.0,56.99316812017066,49.0738109509262,1000.0,3.013976410575516,0.4505446186822254,68.2144457245348
5647,58.471434701081364,50.57184056813199,2.301561728165717,0.03490133816791534,0.00390828926171812,154.0,58.471434701081364,50.57184056813199,1000.0,2.7532532970598576,0.3030450590336518,67.78771751051703
5650,58.32714404002344,50.502188736286485,1.7530867941160018,0.02701198413978888,0.00303282106277898,151.0,58.32714404002344,50.502188736286485,1000.0,2.130887762388754,0.23516208153035273,67.52502231296029
5654,52.5945575268822,42.7033532865206,0.8922578471338567,0.016018718631683252,0.0033929048515063186,672.0,52.5945575268822,42.7033532865206,892.2578471338567,1.2636647246924286,0.2630826385067231,87.52313014930269
5656,53.8627165042992,42.8675666821782,0.7771125992863456,0.015594036070491053,0.0005672299613250706,669.0,53.8627165042992,42.8675666821782,777.1125992863456,1.2301628957315798,0.04398247560617989,87.46308175565632
5664,57.5333416067524,45.4157760402265,0.271491629362843,0.004525791442372133,0.0007237305211017229,898.0,57.5333416067524,45.4157760402265,271.491629362843,0.35702499859937725,0.05611738123889806,91.41475135680422
5669,52.9382232865927,45.3612576089537,2.166422032352403,0.032169212243538005,0.003663707209835126,533.0,52.9382232865927,45.3612576089537,1000.0,2.5377247498997444,0.2840803976721051,84.41360565807662
5673,59.6819533311892,52.1525124162638,1.0084788854838824,0.024827984108802385,0.002749178964629336,846.0,59.6819533311892,52.1525124162638,1000.0,1.958599088035854,0.2131687410629175,90.61391646252676
5680,62.0865232525679,54.549953106623605,1.0499253774841275,0.025357921887985163,0.004047950374063085,842.0,62.0865232525679,54.549953106623605,1000.0,2.000404159542048,0.31387424981281115,90.55029120878078
5684,54.24566653099801,44.1036519307181,1.8472398586707233,0.03317333278530328,0.010114306910184738,760.0,54.24566653099801,44.1036519307181,1000.0,2.6169365606033885,0.7842538075940582,89.17484475774405
5690,63.3216346323868,47.6659016576076,0.9076010843303496,0.023186767139149626,0.01108923473156016,858.0,63.3216346323868,47.6659016576076,907.6010843303496,1.8291288078091474,0.859848790308409,90.80300482969012
5700,71.579181967843,63.9683019750953,2.354136299652271,0.052415929883619365,0.003351248445131527,828.0,71.579181967843,63.9683019750953,1000.0,4.0,0.25985264008960773,90.32520061744545
5707,43.2135134209949,30.73309483907661,2.871818074360348,0.05216342968320151,0.019746402813834302,114.0,43.2135134209949,30.73309483907661,1000.0,4.0,1.5311174290589844,63.77573003810981
5709,47.78154809418652,35.372756278990344,2.868907030740274,0.0535684554568456,0.01534920814743383,112.0,47.78154809418652,35.372756278990344,1000.0,4.0,1.1901631065849132,63.539920309807684
5711,35.7664063155064,24.7664063155064,0.054126195315775144,0.0009051306064091871,0.0003844277715853444,908.0,35.7664063155064,24.7664063155064,54.12619531577514,0.07140281597158982,0.02980816642088613,91.56343439681002
5715,47.050022513561,36.826111192888,1.6979285404770814,0.03311764283105082,0.011836051712960842,56.0,47.050022513561,36.826111192888,1000.0,2.6125433608521065,0.9177562738799836,54.34188292100986
5717,45.2164561858133,33.994422224113,1.6067250582334067,0.04313826995462069,0.008634738248966147,55.0,45.2164561858133,33.994422224113,1000.0,3.4030381130544427,0.669529450654772,54.1039862724714
5722,48.3297738646733,32.8279589641788,1.7293116727621138,0.03615208084935279,0.011714550963892912,98.0,48.3297738646733,32.8279589641788,1000.0,2.851920327959173,0.9083352205217843,61.76213170746288
5726,47.0597241293885,31.603289562281,2.025865384209934,0.035641810218655874,0.01110198070085904,408.0,47.0597241293885,31.603289562281,1000.0,2.8116667339680226,0.8608371007327307,80.82920133362843
5734,60.5603700128697,49.491986324749305,2.7949965946075395,0.03945739085954297,0.017953789649610315,406.0,60.5603700128697,49.491986324749305,1000.0,3.112665507401232,1.3921198969423505,80.76331487936602
5736,51.6491420310841,43.914504814495,2.6686060061485204,0.04285094350386684,0.030397790949677872,163.0,51.6491420310841,43.914504814495,1000.0,3.38037186186188,2.0,68.54633443271796
5741,46.3248862355567,32.3773930724635,0.3589456573295238,0.004838073130278708,0.004220314659884523,232.0,46.3248862355567,32.3773930724635,358.94565732952384,0.38165988745961577,0.3272392137840522,73.26637082201646
5746,53.4200024982098,44.829002800386,1.1164848234185192,0.03264322998828087,0.0006040417525289466,87.0,53.4200024982098,44.829002800386,1000.0,2.575118471375385,0.046836827137368496,60.17903233282932
5749,54.8098839316128,45.855574229913,1.1026110575037968,0.031967298954981196,0.004024774420310918,87.0,54.8098839316128,45.855574229913,1000.0,2.5217964658676357,0.31207720824227525,60.17903233282932
5752,55.326556233016916,45.53729961628984,2.0994450872836787,0.045689135296532825,0.006526516660826016,216.0,55.326556233016916,45.53729961628984,1000.0,3.604267601138418,0.5060599393542995,72.3101768308099
5755,52.46688233633159,42.14100334720632,1.5709656263770857,0.03523693145115481,0.00915255414730591,218.0,52.46688233633159,42.14100334720632,1000.0,2.7797271620189847,0.7096804064752613,72.43348787695771
5757,52.36388588236469,42.3880233323314,1.4845244896363652,0.033535968964462017,0.009525886199929947,218.0,52.36388588236469,42.3880233323314,1000.0,2.645543751854864,0.7386282213247869,72.43348787695771
5760,53.42753579271011,43.21672194257701,1.6626809736030677,0.03747820707818403,0.007966120916145894,217.0,53.42753579271011,43.21672194257701,1000.0,2.9565341222578585,0.6176854939957497,72.3719737661299
5763,68.5694592376332,57.2890466652582,0.4042702215675526,0.00579812687716737,0.01869961146583478,639.0,68.5694592376332,57.2890466652582,404.2702215675526,0.4573954117326027,1.4499502163458249,86.84736449689109
5770,65.82859902547051,54.966040573891846,0.09214105896806919,0.002206218349028615,0.0024843148698160834,109.0,65.82859902547051,54.966040573891846,92.14105896806919,0.17404140535451015,0.19263142924345114,63.17826235411714
5777,54.5063468897808,41.54571219710681,0.18377114505248066,0.002693126332878723,0.0003392248185249222,1039.0,54.5063468897808,41.54571219710681,183.77114505248065,0.21245199595852512,0.026303172122519116,93.37298268341864
5779,57.3117383085589,48.6975540111737,0.08038454205195344,5.6852256343095375e-05,0.00175936083120065,1186.0,57.3117383085589,48.6975540111737,80.38454205195345,0.004484889991003718,0.13641917761182065,95.14997066909844
5783,53.4201524151381,43.2309412543329,1.9577330398675776,0.0315912063269105,0.012660096515401101,64.0,53.4201524151381,43.2309412543329,1000.0,2.4921277390339047,0.9816519297742206,56.10714513870607
5787,,,1.2529449899948153,0.01972164971467273,0.0,1076.0,,,1000.0,1.555776940103084,0.0,93.84285571807337
5789,66.1705292089632,55.7195809327921,1.6581287114314724,0.034576431578559094,0.004548146103428613,87.0,66.1705292089632,55.7195809327921,1000.0,2.727622470697907,0.3526589543685124,60.17903233282932
5799,68.6352525997034,55.6573437500831,0.9598965283386939,0.018477108329823744,0.03897430501879164,642.0,68.6352525997034,55.6573437500831,959.8965283386939,1.4575991093655531,2.0,86.91022108730914
5803,52.29459694714541,44.6755654006995,0.8403721727144552,0.015188982585603484,0.014164817225151628,4.0,52.29459694714541,44.6755654006995,840.3721727144552,1.1982095408949593,1.09832655280738,21.6321487936441
5809,64.65139610354348,54.77929450146241,0.7219864616842377,0.012591086393771475,0.014863832571799983,62.0,64.65139610354348,54.77929450146241,721.9864616842377,0.9932699416976957,1.1525275427559478,55.68708564710496
5813,36.2046265516425,26.1626691747415,2.7339035662333484,0.05253899752750013,0.0403587247679221,112.0,36.2046265516425,26.1626691747415,1000.0,4.0,2.0,63.539920309807684
5817,63.2484705075419,54.58004139825771,0.6358683743147446,0.021625370719990714,0.021981021449350935,236.0,63.2484705075419,54.58004139825771,635.8683743147446,1.705955311756245,1.704387648065276,73.49515608634763
5826,45.2678309337903,35.7724452806083,1.2035038158986688,0.01646982104201952,0.02054744504483615,104.0,45.2678309337903,35.7724452806083,1000.0,1.2992507298076061,1.5932294872835813,62.55299567416506
5831,60.9089595597223,43.6992457167937,2.104478678950852,0.043288148801345766,0.020228615944111152,214.0,60.9089595597223,43.6992457167937,1000.0,3.4148615688463098,1.5685077798610407,72.18572399947608
5840,52.6163622671789,41.856497157945,0.2593314104520577,0.0022832345648015214,0.008539588871755738,814.0,52.6163622671789,41.856497157945,259.3314104520577,0.18011696466354435,0.6621516577886759,90.0962761826018
5845,52.0910697918131,41.0572016702092,0.1123413869071573,0.0014712914840449484,0.005766030684972544,842.0,52.0910697918131,41.0572016702092,112.3413869071573,0.11606541015400851,0.4470925748595163,90.55029120878078
5849,45.0156597577231,34.2319878346403,0.42023513425231845,0.007651251193298132,0.0010375360136797682,1121.0,45.0156597577231,34.2319878346403,420.23513425231846,0.6035823747854743,0.08044956282916048,94.39303388007812
5852,30.1532559905614,19.6930936442152,0.18048383322038936,0.0031577899665000543,0.004330642234533546,1054.0,30.1532559905614,19.6930936442152,180.48383322038936,0.2491078019662109,0.3357939097478445,93.5654558018876
5859,54.9655399986267,45.9399493743374,1.4174674143507233,0.02463941567364924,0.031998034254060434,944.0,54.9655399986267,45.9399493743374,1000.0,1.94372353617853,2.0,92.08547320733307
5861,64.2363353131626,52.5498119123678,1.3034720336990282,0.020199218711540713,0.008459592443312082,367.0,64.2363353131626,52.5498119123678,1000.0,1.5934508083334171,0.6559488102621006,79.40941878917829
5869,55.1769787075375,46.2280596920673,0.5601584324911892,0.007483902462118238,0.034212702992858224,914.0,55.1769787075375,46.2280596920673,560.1584324911893,0.5903807765068331,2.0,91.651861095723
5877,68.7623439664291,59.028098082247396,0.26459524826545533,0.002068314283205822,0.007593191365056845,618.0,68.7623439664291,59.028098082247396,264.5952482654553,0.16316260116431416,0.5887688887351933,86.39894005579728
5884,45.9480402271585,36.7158297470011,2.20046658658742,0.04031333952994739,0.009466856164347975,302.0,45.9480402271585,36.7158297470011,1000.0,3.1801885200595663,0.734051088103631,76.79719563022604
5890,44.3540893599704,35.7133461705841,1.8750357621494738,0.0339629022949182,0.034666402970978505,347.0,44.3540893599704,35.7133461705841,1000.0,2.67922313669816,2.0,78.65834017887158
5896,44.526400889172905,35.814752731873,2.055243437356736,0.03827398760537982,0.017750872476294977,331.0,44.526400889172905,35.814752731873,1000.0,3.019310665371956,1.376385890923754,78.0257147197841
5901,44.610789934242504,35.6796342426856,2.078286836762816,0.038804782168826345,0.013428391908595927,307.0,44.610789934242504,35.6796342426856,1000.0,3.061183325808056,1.0412248291157742,77.01718106058814
5909,58.6955588030342,46.8417487454822,1.583860429878296,0.02776991070676347,0.026241228061346173,605.0,58.6955588030342,46.8417487454822,1000.0,2.190678129434634,2.0,86.11365501640417
5913,49.7073912161411,38.1892828235573,2.3601750540954063,0.04157374221685191,0.0148024798023479,621.0,49.7073912161411,38.1892828235573,1000.0,3.2796175974389867,1.147770306943696,86.463923952351
5920,57.75043277572679,46.6972547652439,1.521674795812062,0.0271399836393474,0.014770864925369444,604.0,57.75043277572679,46.6972547652439,1000.0,2.140985227491266,1.1453189192344695,86.09145714223389
5926,50.5867928897364,38.7491962327777,1.9146205391728712,0.031240928183619482,0.024546587169575092,609.0,50.5867928897364,38.7491962327777,1000.0,2.4644954331244833,1.9033191915299617,86.20208171531716
5934,57.27874073294571,45.9202375526172,1.7943461452584475,0.033555605291411175,0.01800947835980679,600.0,57.27874073294571,45.9202375526172,1000.0,2.6470927979589076,1.3964379469480914,86.00229721492319
5938,46.7848980651877,36.6200169849561,1.8825914867983045,0.032645032027107584,0.018016533997054433,605.0,46.7848980651877,36.6200169849561,1000.0,2.575260628369974,1.3969850343981365,86.11365501640417
5941,47.2559083383542,37.8009302125524,1.8058356065038261,0.031868056250295776,0.024575008484172035,598.0,47.2559083383542,37.8009302125524,1000.0,2.513967530983544,1.90552295342758,85.95749447425554
5948,39.3972535728898,26.2904124324716,1.7231367281803156,0.03357880046901285,0.01388848398675788,15.0,39.3972535728898,26.2904124324716,1000.0,2.6489225902408093,1.0768999344241799,37.26583754471257
5952,49.70869812404031,36.7086981240403,2.4639935972615605,0.04446594270796136,0.007357544499040643,15.0,49.70869812404031,36.7086981240403,1000.0,3.507773907652489,0.5704970532488962,37.26583754471257
5960,43.3657342816841,30.3657342816841,2.3819650301989728,0.04259688036756752,0.011791792150345336,15.0,43.3657342816841,30.3657342816841,1000.0,3.360329645591774,0.9143244291859387,37.26583754471257
5967,,,2.3536204727999275,0.035941935082240854,0.0001197339948574693,188.0,,,1000.0,2.8353426104120563,0.009284060904940699,70.45332441368896
5974,36.96757954197899,27.210661644684325,2.4591654252610375,0.0385094747598468,0.00015220040477522282,182.0,36.96757954197899,27.210661644684325,1000.0,3.0378874827229736,0.011801475674238284,70.01971230207891
5981,56.3653700034396,45.9724535419091,2.384286308837205,0.044967202734836294,0.01784027178568296,119.0,56.3653700034396,45.9724535419091,1000.0,3.547316684351706,1.38331782896028,64.34776571876252
5985,57.290026538213695,45.3124721451853,2.4841398646022457,0.05237339133406393,0.017350906939098985,128.0,57.290026538213695,45.3124721451853,1000.0,4.0,1.345372940828627,65.31981397241599
5989,55.0207760208983,42.678388978443,2.334533582830834,0.04958997210969006,0.020700506730895487,121.0,55.0207760208983,42.678388978443,1000.0,3.9119919573062525,1.605097745895343,64.56993292167306
5993,54.5950294696882,42.4439059934469,2.447616279999317,0.050781610112932016,0.021334930120084635,115.0,54.5950294696882,42.4439059934469,1000.0,4.0,1.654290336452122,63.89210141228758
5998,56.6442638070318,43.9627942726772,2.3444745390735666,0.050008073651134244,0.020719542011651694,122.0,56.6442638070318,43.9627942726772,1000.0,3.944974630977638,1.6065737235915156,64.67965442694566
6008,65.01149431348405,51.34346856819257,1.4727386619270626,0.029270843271641877,0.007465269285940762,168.0,65.01149431348405,51.34346856819257,1000.0,2.3090818282565584,0.5788499315082661,68.94999269012395
6011,64.98728646129132,51.31712428440869,1.0735406490418504,0.023302217037585123,0.011686005563737499,177.0,64.98728646129132,51.31712428440869,1000.0,1.8382362756083324,0.9061218371471275,69.64736689149262
6014,64.83506841695447,51.25369154800982,1.0311281788465023,0.021824035345020948,0.0073532413005485,163.0,64.83506841695447,51.25369154800982,1000.0,1.72162731926616,0.5701633873010202,68.54633443271796
6018,64.74875587151607,51.19053847364769,1.4629523033028655,0.02914853118270571,0.007392477278023028,164.0,64.74875587151607,51.19053847364769,1000.0,2.299433024519762,0.5732057079466482,68.62804173452298
6021,60.2938967119642,50.4771956304842,1.491744969498421,0.0264056507634644,0.024276833781442655,145.0,60.2938967119642,50.4771956304842,1000.0,2.0830560901631463,1.8824027685231384,66.98370849655186
6026,66.0041937319645,56.137164623856805,1.1766122288402525,0.020820116134060165,0.028145500890635257,157.0,66.0041937319645,56.137164623856805,1000.0,1.6424313908962707,2.0,68.04537670594179
6030,62.0690099618584,52.2735561714611,1.5191025655349695,0.027530009365048236,0.018094238424660132,147.0,62.0690099618584,52.2735561714611,1000.0,2.171753091177684,1.4030101623439102,67.16657947742742
6036,64.3078191088631,54.5123394697471,1.464125300674195,0.027314573354183882,0.01920667991161348,148.0,64.3078191088631,54.5123394697471,1000.0,2.15475804347023,1.4892678248427855,67.25709032286147
6041,52.1822281373134,40.68277025064043,1.561230623290687,0.02028820555271851,0.008903583869291989,190.0,52.1822281373134,40.68277025064043,1000.0,1.6004706914304194,0.6903754862030127,70.59480792805049
6044,51.36994491191671,41.00162904938923,1.343701259220467,0.01962453522987801,0.013383955372893276,189.0,51.36994491191671,41.00162904938923,1000.0,1.5481158935791104,1.0377792620956554,70.52425233424812
6051,77.07756780534122,69.4739286897348,2.0066981035810794,0.03582899040455486,0.051432476806445804,232.0,77.07756780534122,69.4739286897348,1000.0,2.8264327713471977,2.0,73.26637082201646
6054,74.56098855332468,67.0797644426047,2.048521678065998,0.03534331755113081,0.048918358857106416,237.0,74.56098855332468,67.0797644426047,1000.0,2.788119616173924,2.0,73.55174905313622
6058,75.78707465745059,68.26667693260865,2.2693595978530707,0.040877831079572775,0.04515938035903293,237.0,75.78707465745059,68.26667693260865,1000.0,3.2247194263729893,2.0,73.55174905313622
6063,58.00114776284322,46.88961608945078,1.6053453569936869,0.03210513763493287,0.015891406724961008,496.0,58.00114776284322,46.88961608945078,1000.0,2.5326701119786663,1.2322046723267623,83.44847738806835
6067,56.951945640054504,46.35127190564092,1.668908277662039,0.03407376084645211,0.028919468479410862,487.0,56.951945640054504,46.35127190564092,1000.0,2.687968408041326,2.0,83.20285169402933
6076,74.72274776332424,65.88382684455217,1.331839754794593,0.031063400351622916,0.007170064141216029,449.0,74.72274776332424,65.88382684455217,1000.0,2.4504908386183115,0.5559600033275621,82.11323450663434
6085,47.1368758346715,34.4792943030821,1.069831662737349,0.021086175667486686,0.0211505084698686,176.0,47.1368758346715,34.4792943030821,1000.0,1.663419964001877,1.6399904558306366,69.57164381934672
6090,46.2989381474695,32.7468058586738,1.0062899341362654,0.021653172849782954,0.018242749974696878,186.0,46.2989381474695,32.7468058586738,1000.0,1.708148531544767,1.4145256077048505,70.31033572731599
6102,58.0243810570908,43.3843038017164,0.04864024752020268,0.00030740224005820657,0.009181359743228755,1029.0,58.0243810570908,43.3843038017164,48.64024752020268,0.024249965055548932,0.7119139651840403,93.24311877698344
6105,66.4098921716162,52.8972002934238,0.39614281679648006,0.006503512500255282,0.007165984311513342,1105.0,66.4098921716162,52.8972002934238,396.1428167964801,0.5130409942349603,0.5556436571847092,94.19998481987875
6107,61.386078159121894,49.466511322355174,1.7384371302942354,0.03285571665600595,0.016010123571180812,266.0,61.386078159121894,49.466511322355174,1000.0,2.5918808549745664,1.2414098644867597,75.09714627189848
6113,65.68357253067786,53.20046924930309,1.638144988288821,0.030066317488027235,0.015442253108288633,278.0,65.68357253067786,53.20046924930309,1000.0,2.3718342075049414,1.1973777249938462,75.68804625004091
6116,63.0677861438128,50.66847474621785,1.4453833054010263,0.025992205563019337,0.01565115092174936,271.0,63.0677861438128,50.66847474621785,1000.0,2.0504407401211986,1.2135754642022223,75.34651909773368
6120,52.568791501682,42.167858991217,0.6129683379909171,0.008656911196141487,0.013306443067001619,180.0,52.568791501682,42.167858991217,612.9683379909171,0.6829156285773037,1.0317690310861816,69.87200960960587
6126,70.1797603223103,57.2263917025701,0.4856041237867499,0.002172494255724726,0.0064261302205462865,1071.0,70.1797603223103,57.2263917025701,485.6041237867499,0.17138102108406852,0.49827606956279513,93.78031112054666
6128,72.1694744381868,59.1811327808852,0.06625251055474123,0.0003566435941133739,0.003063087773834481,1075.0,72.1694744381868,59.1811327808852,66.25251055474122,0.02813445566596094,0.23750893372689064,93.83037006018056
6134,58.10879068756121,41.935771537363294,0.244577463984265,0.005379599557685339,0.026414493188771575,787.0,58.10879068756121,41.935771537363294,244.577463984265,0.4243791498136589,2.0,89.64345498766683
6138,44.568042767415704,34.5717456528575,0.40962816624738446,0.005062545679595204,0.000982579741193606,1153.0,44.568042767415704,34.5717456528575,409.62816624738446,0.3993677983578066,0.0761883053518884,94.77100774313695
6143,49.0782550675311,38.2043573203188,0.6649382863426214,0.00862221984787223,0.0006719326620544,1181.0,49.0782550675311,38.2043573203188,664.9382863426214,0.6801789407018345,0.0521010241574081,95.09323436807269
6148,62.8035470591242,48.26650303118009,0.2603575243079222,0.004593836928518054,0.0066588932384759264,769.0,62.8035470591242,48.26650303118009,260.3575243079222,0.36239288616231097,0.5163242941914731,89.3328704680541
6154,58.4645176315858,40.1879850648195,0.15760243007855299,0.0054053473824034895,0.002313092036148202,332.0,58.4645176315858,40.1879850648195,157.602430078553,0.4264103121420573,0.1793549723944047,78.06613823823913
6159,69.2369500832122,57.2669264792829,0.4537997633919121,0.005721036205086402,0.004756768686777783,239.0,69.2369500832122,57.2669264792829,453.7997633919121,0.4513139788070708,0.3688353524939186,73.66422510494066
6170,45.7763496486509,35.7508681900864,0.30019715453234636,0.004149138607612545,0.0005092351892668766,1182.0,45.7763496486509,35.7508681900864,300.19715453234636,0.32731207887808966,0.039485615741131824,95.10460080406092
6179,74.7033184009032,66.3869052941366,1.9141268826915592,0.027844369118590347,0.0007896103277555257,616.0,74.7033184009032,66.3869052941366,1000.0,2.1965519118916244,0.061225639241211494,86.35544225163584
6183,68.3174033718024,59.795593944315,2.3490899139954875,0.04555408541212681,0.0025558495448227076,811.0,68.3174033718024,59.795593944315,1000.0,3.593613954057051,0.1981781603983518,90.04670952622456
6190,48.34707854872232,36.29681129043439,2.0235144834649406,0.035025533165114815,0.01032533528430422,270.0,48.34707854872232,36.29681129043439,1000.0,2.763050637318637,0.8006167484641771,75.29701329681195
6192,47.02839793130272,35.800448682491634,1.9212159647046276,0.031090697074372887,0.012196713457412073,267.0,47.02839793130272,35.800448682491634,1000.0,2.4526441884855488,0.945721644997462,75.14739234819037
6195,49.51387089919493,38.499470381867624,2.011401976886793,0.033408750870031395,0.008246678519754757,267.0,49.51387089919493,38.499470381867624,1000.0,2.63550792926687,0.6394396656689618,75.14739234819037
6202,56.53641369682578,45.454619411028226,1.9379756023827064,0.02903261785262483,0.010418243511364418,264.0,56.53641369682578,45.454619411028226,1000.0,2.2902889981021226,0.8078207646637846,74.99608707584119
6208,52.170591857455236,41.17081706796618,2.0094464994767893,0.03205582495105323,0.008022600546879248,268.0,52.170591857455236,41.17081706796618,1000.0,2.5287799943899003,0.62206487123311,75.19745128782426
6212,50.151964567195705,42.065294001084,2.9739460910035653,0.05391349682316413,0.0027298465362419005,101.0,50.151964567195705,42.065294001084,1000.0,4.0,0.2116697228199948,62.16337970578323
6214,45.6715580488992,33.52586901958,2.657869742342949,0.048654461985720446,0.0037897050478813595,103.0,45.6715580488992,33.52586901958,1000.0,3.8381925997899256,0.2938501510634003,62.4243745035964
6220,50.0152125458532,41.83381175663391,2.6268688031663676,0.0476601393545035,0.005178158620169851,106.0,50.0152125458532,41.83381175663391,1000.0,3.7597537144506816,0.4015095300405538,62.80660338206703
6228,44.4950634363445,33.6713934221987,2.591477216364082,0.04610979311789749,0.013292794567393521,101.0,44.4950634363445,33.6713934221987,1000.0,3.6374519314364178,1.0307107393138784,62.16337970578323
6242,57.1359909360664,44.3022986095079,1.2584003846062997,0.023090718265440572,0.02352299377592997,212.0,57.1359909360664,44.3022986095079,1000.0,1.8215518238853206,1.8239507262932617,72.06010804071538
6245,63.126187728541595,50.527286302838505,1.5797526910137023,0.026268507886583164,0.044032897837288074,214.0,63.126187728541595,50.527286302838505,1000.0,2.0722373336981392,2.0,72.18572399947608
6249,62.9465186702989,50.573467994285,0.7972085333647984,0.013685132198624047,0.058863429953381036,214.0,62.9465186702989,50.573467994285,797.2085333647983,1.0795756645571686,2.0,72.18572399947608
6252,63.1973433479837,50.804686865332,0.9078197841147175,0.01692044324752327,0.053005175236433916,212.0,63.1973433479837,50.804686865332,907.8197841147175,1.3347988531220336,2.0,72.06010804071538
6262,56.3021952192078,47.3892652191775,1.3468001896752855,0.025424870939323708,0.01808030341797939,207.0,56.3021952192078,47.3892652191775,1000.0,2.0056855529214666,1.4019296550837226,71.74083388977455
6267,53.5801926173503,46.2834381808245,1.4140325005318037,0.025980587654272965,0.01726153576781168,201.0,53.5801926173503,46.2834381808245,1000.0,2.049524241005692,1.338443184593859,71.3474162498202
6273,55.75565975553648,42.32324205405153,1.8629016029620618,0.044030822593451875,0.006196148114727055,129.0,55.75565975553648,42.32324205405153,1000.0,3.473448693985134,0.48044347423334044,65.42360452488421
6275,54.49517272432306,41.36843447911115,1.9196783015131302,0.0434577906633546,0.010501647728136713,125.0,54.49517272432306,41.36843447911115,1000.0,3.428244064773774,0.8142878488796301,65.0035450332831
6276,58.95274545105801,45.31901958463128,1.4743636076981237,0.0333516412963978,0.0035189416308197942,128.0,58.95274545105801,45.31901958463128,1000.0,2.631002740349933,0.27285541136711083,65.31981397241599
6278,64.78744384023068,50.520067576139304,1.3646396322889844,0.03458471288726715,0.0017656055830960686,124.0,64.78744384023068,50.520067576139304,1000.0,2.728275756265204,0.13690338977731573,64.8964463809323
6285,59.053923578603,47.4636915574923,0.5953207621028366,0.01182835775103795,0.013503795527071899,312.0,59.053923578603,47.4636915574923,595.3207621028366,0.933100754480153,1.0470715544941196,77.2336238980991
6289,72.23037029860029,62.46262300184281,3.0479778235992936,0.04367815038306591,0.0004600945012965406,223.0,72.23037029860029,62.46262300184281,1000.0,3.4456275278924493,0.0356752931959735,72.73690504482768
6293,72.06774995422654,62.59302074661672,2.3672928554604264,0.03800696476937972,0.00045560315041534073,227.0,72.06774995422654,62.59302074661672,1000.0,2.9982461004526835,0.035327038089508905,72.97480169336615
6297,71.78179462788893,62.443763352518005,1.6074903686654038,0.02621321467937583,0.0003486213836498117,225.0,71.78179462788893,62.443763352518005,1000.0,2.067875432033619,0.027031772909793972,72.85637969598582
6303,73.88989988274861,65.69473050767317,0.9841891373332244,0.011566326950237713,0.026096651399031133,579.0,73.88989988274861,65.69473050767317,984.1891373332245,0.9124299950163309,2.0,85.52425020593168
6315,64.3501649291874,51.6072265950024,2.6529013239465407,0.048589680526021944,0.010693926574966733,316.0,64.3501649291874,51.6072265950024,1000.0,3.8330822006801513,0.829196969107571,77.40430314089248
6316,63.3027833935365,50.3567565065211,2.655269613739605,0.05154399465123396,0.006712841195373646,315.0,63.3027833935365,50.3567565065211,1000.0,4.0,0.5205073678300981,77.36183609211993
6318,64.1464480671934,51.3147486167518,1.2725238064782294,0.02496155447912099,0.006328472461913227,312.0,64.1464480671934,51.3147486167518,1000.0,1.9691360210525735,0.4907037791696732,77.2336238980991
6327,59.6253123480929,47.308835413886,1.635139696644376,0.026509204254107684,0.005792002431064504,793.0,59.6253123480929,47.308835413886,1000.0,2.091225088960957,0.44910639952821163,89.74540852143149
6334,50.49153535744939,36.741382655238134,1.891270672011251,0.02158575068714192,0.01454296846811864,485.0,50.49153535744939,36.741382655238134,1000.0,1.7028298159501605,1.1276480431256808,83.14765321909813
6346,21.838412509143403,10.8384125091434,0.6944016662901648,0.00974145054560202,0.0031254941412641626,1044.0,21.838412509143403,10.8384125091434,694.4016662901647,0.7684714180237495,0.24234786453148768,93.43744712236486
6352,49.58148271886134,41.29490846395325,1.6517256254683443,0.036032294581081384,0.011239100611593951,642.0,49.58148271886134,41.29490846395325,1000.0,2.8424707780171614,0.8714692491385225,86.91022108730914
6362,47.4192159359118,33.5632922734284,2.6419657324095653,0.05283857842442759,0.014123507426268568,105.0,47.4192159359118,33.5632922734284,1000.0,4.0,1.0951234300078967,62.68039766837523
6374,58.130744705058525,49.33951838116678,1.31584865944931,0.02723121830212883,0.04605411104729616,191.0,58.130744705058525,49.33951838116678,1000.0,2.1481824339393567,2.0,70.66499508365284
6376,66.80461604178997,55.20601487733782,1.9193117058542266,0.026731733667706266,0.027609331406879267,236.0,66.80461604178997,55.20601487733782,1000.0,2.1087797121887366,2.0,73.49515608634763
6378,66.15089842672901,50.969265406130226,2.168792015652089,0.03155643549598504,0.018658278493998898,228.0,66.15089842672901,50.969265406130226,1000.0,2.4893847810296457,1.4467452967374603,73.03362371177901
6382,58.0152754352543,49.14378874331189,1.6771189224802974,0.03198931882229823,0.030457839347937814,199.0,58.0152754352543,49.14378874331189,1000.0,2.523533541735609,2.0,71.21367574582263
6386,66.03380268716111,52.47444056793154,1.5164426876139043,0.019019115338595845,0.037273894950193384,234.0,66.03380268716111,52.47444056793154,1000.0,1.500356283223809,2.0,73.38125023721669
6392,47.6815474378198,37.4401658533688,0.2762104759894176,0.005237730197340836,0.0005301042183432294,1111.0,47.6815474378198,37.4401658533688,276.2104759894176,0.4131875364078624,0.04110378055057025,94.27270353515843
6396,46.98803162048749,35.7176292809339,0.17183672638323427,0.001233697813109166,0.00017800916684573002,1096.0,46.98803162048749,35.7176292809339,171.83672638323426,0.09732241655538881,0.013802662715804406,94.09016370250849
6401,30.6448116399044,18.6448116399044,1.001298789968105,0.012205783723365123,0.0,1096.0,30.6448116399044,18.6448116399044,1000.0,0.9628746645149577,0.0,94.09016370250849
6405,45.0995110820077,35.1118992151921,1.0221369811239291,0.02005196043353104,4.667173502235722e-06,1137.0,45.0995110820077,35.1118992151921,1000.0,1.5818340807025493,0.0003618882264828966,94.58334941026123
6413,47.5591011181387,37.5657761551663,1.6693148766821895,0.020780104174571847,0.0004818162190978351,1137.0,47.5591011181387,37.5657761551663,1000.0,1.6392749772695774,0.037359574684010494,94.58334941026123
6420,48.8201497577022,38.7929495359322,0.31563263898011773,0.006635214471906018,0.0071000804349065265,1135.0,48.8201497577022,38.7929495359322,315.63263898011775,0.5234305353445908,0.5505335328209667,94.55970681884396
6426,27.1335537228195,17.1335537228195,0.509570046519476,0.003586968415543945,0.002974667871320177,1056.0,27.1335537228195,17.1335537228195,509.570046519476,0.2829642969284414,0.2306529379745656,93.59091188857845
6432,45.4533767287998,35.4687026945488,0.5927277005961519,0.010259774910498207,0.00018605629473328886,1143.0,45.4533767287998,35.4687026945488,592.7277005961519,0.8093603449677826,0.014426629413874386,94.65402867789129
6436,39.103848889159,28.2431932617579,0.16891130274662655,0.002834404326786081,0.006374572803165508,1060.0,39.103848889159,28.2431932617579,168.91130274662655,0.22359695838535315,0.49427835610109705,93.64167988002302
6447,54.8379044507336,40.2960505532695,1.356241882108984,0.02743938463660955,0.0026919787058625653,484.0,54.8379044507336,40.2960505532695,1000.0,2.164604000470373,0.2087334870082839,83.11996874019603
6456,60.36766670900461,45.80692384361059,1.443446581902785,0.030671872273072005,0.00569897467022109,454.0,60.36766670900461,45.80692384361059,1000.0,2.419604459191382,0.4418931147919208,82.26175325264305
6465,54.24507248578679,39.8878799087533,1.2981768070315338,0.024081560708413333,0.0003535761470848808,504.0,54.24507248578679,39.8878799087533,1000.0,1.8997161684688033,0.027415960588118023,83.66310565728614
6475,56.8052497893331,42.2293088550085,1.4140404792636463,0.02950747790304226,0.006732526207810834,468.0,56.8052497893331,42.2293088550085,1000.0,2.3277491663387577,0.5220337251073185,82.66908168977105
6483,52.0340284405393,37.2846330245973,1.4705728701039722,0.026113968405606796,0.013888697267717146,532.0,52.0340284405393,37.2846330245973,1000.0,2.0600462155961043,1.076916472028375,84.38841200542365
6485,52.1176621832021,37.0606151059494,0.9013040266006077,0.01769266328865439,0.024210568834611083,542.0,52.1176621832021,37.0606151059494,901.3040266006077,1.3957167859551787,1.877264647115101,84.63824837618985
6486,54.0778432280828,45.77247163391989,1.2811150095243926,0.026942296362284426,0.005043302243737948,554.0,54.0778432280828,45.77247163391989,1000.0,2.1253903197905415,0.3910528939473224,84.93204826529923
6492,51.904381842715,37.1033217742389,1.4119885621422368,0.025015277456107286,0.013552312574863196,533.0,51.904381842715,37.1033217742389,1000.0,1.9733740523510803,1.0508335205686543,84.41360565807662
6497,56.7830954009482,41.459343992114995,1.0135864848959573,0.02282981466110341,0.011661508058711174,572.0,56.7830954009482,41.459343992114995,1000.0,1.8009699852921959,0.9042223237386404,85.3610466946345
6501,52.1563347427891,37.0584238111853,1.2806996165536357,0.022184775578717206,0.018487178443277158,556.0,52.1563347427891,37.0584238111853,1000.0,1.7500849455333218,1.4334783603621226,84.98039655396106
6512,53.37957380825921,44.01959810274201,1.4491334173848047,0.028296260112131613,0.021684671830747335,202.0,53.37957380825921,44.01959810274201,1000.0,2.2322001257765267,1.68140897846065,71.41379075386827
6514,50.55179698590117,41.59291403606343,1.8976820387173365,0.02874814857203885,0.014739512269391727,163.0,50.55179698590117,41.59291403606343,1000.0,2.267848139791263,1.1428878638940436,68.54633443271796
6519,55.55977024550429,46.29910483571027,1.6120429917771515,0.032289956647344444,0.01300010284243872,197.0,55.55977024550429,46.29910483571027,1000.0,2.547249884044521,1.0080156993288911,71.07859109364102
6525,48.69279801783115,39.81837304719039,2.0489656322676217,0.031848166371580604,0.008360126655654736,170.0,48.69279801783115,39.81837304719039,1000.0,2.512398483003573,0.6482363270056289,69.10812168759387
6529,52.79642777163857,43.74494927121228,1.4646698093121249,0.02904352080115137,0.019685567546172168,182.0,52.79642777163857,43.74494927121228,1000.0,2.291149096326264,1.526400319846885,70.01971230207891
6535,49.4851320380148,40.7220742960396,1.9312005128901424,0.030517349959371495,0.01662463991262152,181.0,49.4851320380148,40.7220742960396,1000.0,2.407414695360024,1.2890588813579358,69.9460638451771
6539,54.55172694398727,45.12365233848311,1.5490226803426401,0.03196167440592495,0.011972422133554109,212.0,54.55172694398727,45.12365233848311,1000.0,2.521352763446855,0.9283303075278827,72.06010804071538
6548,36.3984192368565,26.3506078483516,0.1558983361806676,0.0029572385487341437,0.0035335950223255187,1125.0,36.3984192368565,26.3506078483516,155.8983361806676,0.23328695150089468,0.2739916215083078,94.44086599374425
6556,47.696320470205094,37.6094134425875,0.8719481146603953,0.0172843765918204,0.03380539786173502,175.0,47.696320470205094,37.6094134425875,871.9481146603954,1.3635083735213753,2.0,69.49549171900746
6563,45.919133632704,34.5830439051353,0.9447219618856533,0.015193384000682578,0.03227278651272243,149.0,45.919133632704,34.5830439051353,944.7219618856533,1.1985567542459186,2.0,67.34699574005033
6566,52.326864790924205,39.2435634248514,1.0652748091351947,0.01976385548729396,0.032099846416011525,148.0,52.326864790924205,39.2435634248514,1000.0,1.5591064165278927,2.0,67.25709032286147
6571,60.7976026207255,48.310496296982,0.8550254907045848,0.0109752873483598,0.01444626045645261,587.0,60.7976026207255,48.310496296982,855.0254907045847,0.8658047990214317,1.1201493952156039,85.70837376681422
6580,67.8996577511385,55.226407714922,1.6850124381741751,0.031762878078962754,0.020650609489328443,760.0,67.8996577511385,55.226407714922,1000.0,2.5056703663989617,1.601228760898656,89.17484475774405
6598,48.2547000199753,31.3709984779773,2.161696930417892,0.04396740504798768,0.012062539864020788,50.0,48.2547000199753,31.3709984779773,1000.0,3.4684458896427706,0.9353179512564966,52.8469203196051
6600,43.83492966625299,26.9670648539045,2.0947732613634145,0.04552406349857575,0.008001020303218687,24.0,43.83492966625299,26.9670648539045,1000.0,3.5912456227320217,0.6203915595163615,43.2642975872882
6602,46.1654276539338,28.926017991074,2.195414281057855,0.04459123998152133,0.009068901500298827,22.0,46.1654276539338,28.926017991074,1000.0,3.5176582029159507,0.7031940592135854,42.143581244465715
6604,47.4249816507712,35.5110625263803,1.7684513953483603,0.037124201040894284,0.007840234253254778,53.0,47.4249816507712,35.5110625263803,1000.0,2.9286077348896202,0.6079243610210074,53.615175685930126
6605,47.9710478236122,35.7036268906286,1.830621066939051,0.038771155457066546,0.00831016465588734,20.0,47.9710478236122,35.7036268906286,1000.0,3.058530623651579,0.6443623207192329,40.92084688052097
6611,46.4339105636125,29.184333102059597,2.0083925632963275,0.04505205585384362,0.012763158850347704,26.0,46.4339105636125,29.184333102059597,1000.0,3.5540104715225227,0.9896432859115369,44.29871629975198
6614,43.4706095309443,31.775368345873105,1.7030371068560337,0.037315175782789874,0.008079717671283782,51.0,43.4706095309443,31.775368345873105,1000.0,2.9436731124762754,0.6264936791277936,53.107915117418266
6617,40.55477338909499,27.024736229781105,1.949939677708593,0.0418568406630348,0.013029380055592517,22.0,40.55477338909499,27.024736229781105,1000.0,3.3019503150727796,1.0102858267924435,42.143581244465715
6624,49.19654652929858,37.509646788202474,2.4231278884594896,0.044085655227888446,0.005490339588910032,86.0,49.19654652929858,37.509646788202474,1000.0,3.477774262558541,0.4257157475863507,60.02542140651529
6628,47.6559830671474,38.0161231917405,1.793563590749344,0.03270564188747816,0.002590494397281151,86.0,47.6559830671474,38.0161231917405,1000.0,2.58004194354754,0.20086448954530592,60.02542140651529
6635,50.795629718309534,41.43192400075664,1.9258426243955649,0.03419952755089972,0.009845753103519827,86.0,50.795629718309534,41.43192400075664,1000.0,2.697889735183993,0.7634303990015471,60.02542140651529
6640,51.18525928426385,42.40919175326957,2.2208612001955235,0.04213384810094778,0.0069159077983967435,54.0,51.18525928426385,42.40919175326957,1000.0,3.323802532832302,0.5362529604871383,53.86180296793899
6646,46.49404953032302,37.78845126135853,2.4510824810087946,0.04097089813485558,0.008387355711017673,53.0,46.49404953032302,37.78845126135853,1000.0,3.232061184318551,0.650347642248008,53.615175685930126
6651,45.23441525735656,36.59635644970343,2.318336852480575,0.04258813348086643,0.005130925485562355,48.0,45.23441525735656,36.59635644970343,1000.0,3.3596396320876236,0.3978471173819829,52.30921622787394
6657,68.59858231535637,59.18202214751062,1.6661346994936428,0.03423612210916016,0.011666722660660933,550.0,68.59858231535637,59.18202214751062,1000.0,2.7007765611188685,0.9046266590500465,84.83482679435718
6662,68.641934452039,58.912177685533194,2.1367631842854737,0.04244236821971858,0.015545338681083487,557.0,68.641934452039,58.912177685533194,1000.0,3.348140683711453,1.2053708829719743,85.00450563621906
6669,69.07891121128019,59.30408274710524,1.4980508984990917,0.03199471912697236,0.008460591817361578,542.0,69.07891121128019,59.30408274710524,1000.0,2.5239595542448607,0.6560263007822605,84.63824837618985
6675,67.44130021036169,59.72906052712474,1.9489014635640354,0.037310138263710546,0.010324596173713623,148.0,67.44130021036169,59.72906052712474,1000.0,2.94327571894519,0.8005594385268718,67.25709032286147
6678,61.43047499802604,53.61106736066114,1.9673077530476828,0.039713651886195196,0.01004974617221217,114.0,61.43047499802604,53.61106736066114,1000.0,3.1328811081081067,0.7792478289317848,63.77573003810981
6681,55.52618907197946,47.82367968241087,2.267966541546512,0.0382734819650101,0.006936122259694981,124.0,55.52618907197946,47.82367968241087,1000.0,3.0192707770442264,0.5378203707291235,64.8964463809323
6686,67.29815319223886,59.84528783493047,2.010878540693435,0.039593280009793064,0.006498845860974436,148.0,67.29815319223886,59.84528783493047,1000.0,3.123385361441232,0.5039143716613791,67.25709032286147
6697,59.9449079071579,45.4762619387843,2.650391758429497,0.0463247244257603,0.007387890638677269,174.0,59.9449079071579,45.4762619387843,1000.0,3.6544071647620746,0.5728500642626159,69.41890570122519
6708,55.1091061225456,41.9302726637559,1.582952409507132,0.034935338211011024,0.010128895443888848,160.0,55.1091061225456,41.9302726637559,1000.0,2.7559354501137894,0.7853849887225586,68.2981893584027
6726,43.238170154889445,28.785564398654635,1.5618608149893316,0.019650759860566032,0.009570987550300364,159.0,43.238170154889445,28.785564398654635,1000.0,1.550184669583016,0.7421253374465071,68.2144457245348
6729,42.81879517423343,28.382154525822077,1.4467971031928804,0.020157479703160595,0.007944798911469767,157.0,42.81879517423343,28.382154525822077,1000.0,1.5901581534247233,0.6160322058860175,68.04537670594179
6735,34.7943473406714,21.4489045243402,1.56101762838851,0.023029047650790075,0.006104092152772046,175.0,34.7943473406714,21.4489045243402,1000.0,1.8166868292452503,0.4733055418652558,69.49549171900746
6740,45.08298965864383,31.686582564860196,1.5532251462353457,0.02086703224301861,0.00883523082659695,154.0,45.08298965864383,31.686582564860196,1000.0,1.6461324504674995,0.6850754558133629,67.78771751051703
6745,41.8841765707034,29.380322012299,1.483673606629321,0.021066223809680033,0.00795166954158167,164.0,41.8841765707034,29.380322012299,1000.0,1.6618460266925295,0.6165649480574463,68.62804173452298
6751,33.9054936375466,20.0641047683929,1.547258379720543,0.022169912755207122,0.0035853243816307,171.0,33.9054936375466,20.0641047683929,1000.0,1.7489124656233574,0.2780026671844716,69.18649397818827
6757,66.0416259632634,51.03417749557329,1.7616220134130296,0.040558096035647626,0.005332453792317283,95.0,66.0416259632634,51.03417749557329,1000.0,3.199496566446038,0.41347343199889314,61.34853569747471
6765,65.35822684690486,49.63342800629754,1.4646457901601135,0.03548758400133936,0.00816078189828178,95.0,65.35822684690486,49.63342800629754,1000.0,2.7995003282194286,0.6327793227460262,61.34853569747471
6783,,,0.3655645308526797,0.004280005622391531,0.01375869834111561,1078.0,,,365.5645308526797,0.33763575294992954,1.0668364780084456,93.8677922924898
6791,,,0.14634574482176466,0.0007135093684357987,0.0132483797145199,1093.0,,,146.34574482176467,0.056286438407536214,1.0272668535598488,94.05335635019058
6795,,,0.39036649021486636,0.0038580653928337707,0.0044286273935166395,1129.0,,,390.36649021486636,0.3043502576315853,0.34339158645496715,94.48852848962991
6802,,,0.06976284295210963,0.0008549233244816223,0.00033668689406591597,1124.0,,,69.76284295210964,0.0674421264462077,0.026106383856349585,94.42892391410028
6809,,,0.14688344245427407,0.0024935107411537243,0.0012324412681679667,1132.0,,,146.88344245427407,0.19670496977238752,0.09556233222698633,94.52416477145609
6816,,,0.08780967285357402,0.0003276219021200064,0.0001278878378004478,1110.0,,,87.80967285357403,0.025845028573436152,0.009916302187644471,94.26061103793694
6822,,,0.19660344253612352,0.002191862864316208,0.0004332318266930545,1117.0,,,196.60344253612354,0.17290894775574506,0.03359238677173494,94.34503093707211
6831,50.29386038201031,39.7853797839902,1.565887110202745,0.03319930748406024,0.016939241075955336,127.0,50.29386038201031,39.7853797839902,1000.0,2.6189856202883974,1.3134527585073053,65.215215703247
6832,51.2124716937158,44.9292648386394,0.37978058788670466,0.004563922158219894,0.009869539984863068,114.0,51.2124716937158,44.9292648386394,379.78058788670467,0.3600330070207739,0.7652748113206393,63.77573003810981
6837,54.8614053243076,47.2315898031311,0.8785211778879832,0.013403874698462128,0.032875564238081904,144.0,54.8614053243076,47.2315898031311,878.5211778879832,1.057388173180248,2.0,66.8913314335754
6842,50.2869842896677,44.8915794081542,0.9733623803870383,0.018730394706749552,0.030908009185250676,120.0,50.2869842896677,44.8915794081542,973.3623803870382,1.477580049609627,2.0,64.45930834858979
6848,64.7861772273547,53.9956972037778,0.996241398570811,0.019874265155886393,0.015633942014334483,178.0,64.7861772273547,53.9956972037778,996.2413985708109,1.567816276952639,1.2122411017704218,69.72266574252166
6852,63.4951839720383,52.5138317864356,1.1551233166135437,0.021769812584437182,0.022205244079129015,173.0,63.4951839720383,52.5138317864356,1000.0,1.7173498616616782,1.721773659060764,69.34188079269343
6857,64.0338425993981,53.09467866792281,1.0786536032732073,0.018220465608877988,0.02973559080862179,175.0,64.0338425993981,53.09467866792281,1000.0,1.4373533980346365,2.0,69.49549171900746
6863,51.4880735464482,45.5836737251364,1.413800610148833,0.02337174902039478,0.032861301397117106,129.0,51.4880735464482,45.5836737251364,1000.0,1.8437214280686982,2.0,65.42360452488421
6866,50.7889731821825,44.7824823574114,0.3347157445280696,0.01365186605452998,0.005105929055435564,114.0,50.7889731821825,44.7824823574114,334.71574452806965,1.0769514064136325,0.3959089177923052,63.77573003810981
6871,50.70398113492,40.1251762244647,1.730230363630506,0.0356187531868233,0.015841892723388106,135.0,50.70398113492,40.1251762244647,1000.0,2.8098478395574986,1.2283654033973546,66.03005971155554
6875,50.8097878714147,40.35474246545,1.1211261579115892,0.022703095442586592,0.0190127608377,144.0,50.8097878714147,40.35474246545,1000.0,1.7909735174059584,1.4742315229555432,66.8913314335754
6881,60.93133919401079,49.24598778984218,0.24823324599280716,0.006796535670389165,0.0034691099783152493,141.0,60.93133919401079,49.24598778984218,248.23324599280716,0.536156641130921,0.26899151208439864,66.61032866030953
6884,56.49078644719988,45.30001015248513,0.28436823392273447,0.007379710521745662,0.0020035160168544344,155.0,56.49078644719988,45.30001015248513,284.3682339227345,0.5821614124819436,0.15535074016901393,67.87415388400225
6887,62.606467102505476,51.23451750801336,0.29113800848018123,0.007479302426234304,0.004026494511902042,159.0,62.606467102505476,51.23451750801336,291.1380084801812,0.5900178946051964,0.31221058252009065,68.2144457245348
6892,57.81524444172347,46.66710320438776,0.27184009240641155,0.00493744547549357,0.005985839628959308,158.0,57.81524444172347,46.66710320438776,271.84009240641154,0.3894990492643315,0.4641363528262757,68.13017704878109
6894,57.89481013002079,46.29234030637395,2.100000384572876,0.028744052069774855,0.015006573520679302,150.0,57.89481013002079,46.29234030637395,1000.0,2.2675249800227038,1.16359554115191,67.43630377464147
6897,59.36650097634597,47.75475397819943,2.6420800484079154,0.03526220538618959,0.013122437056833582,146.0,59.36650097634597,47.75475397819943,1000.0,2.781720940728254,1.0175013788015586,67.07545499445794
6902,60.10285030088781,48.77469376843311,2.0684111494430066,0.040718271407199205,0.00668639787695555,157.0,60.10285030088781,48.77469376843311,1000.0,3.2121322816644757,0.5184569778885065,68.04537670594179
6950,46.3738028293609,32.9638168277779,1.299972737936088,0.014119953456304887,0.005149889675034906,895.0,46.3738028293609,32.9638168277779,1000.0,1.1138773023792405,0.39931758272714735,91.36982381718396
6954,49.9852500508605,36.2394002717282,0.48415344741158534,0.008829293267901014,0.0001266388968848421,845.0,49.9852500508605,36.2394002717282,484.1534474115853,0.6965142907587508,0.009819460488334607,90.59803836291871
6960,47.1908148847671,33.699895097492,0.1257793923115654,0.0009362204407725066,0.0006340117401740187,875.0,47.1908148847671,33.699895097492,125.7793923115654,0.07385539210360026,0.04916067168083661,91.066406649314
6966,48.91405831754901,35.2015925890697,0.37940279279158223,0.0019410947203548025,0.0,861.0,48.91405831754901,35.2015925890697,379.4027927915822,0.1531266627374007,0.0,90.84986417903032
6972,53.0266866035771,38.3528350768443,0.3424585442092909,0.00282974481140906,6.509396156827778e-06,820.0,53.0266866035771,38.3528350768443,342.4585442092909,0.22322938433954545,0.0005047324316399521,90.19486447123569
6977,54.1342792129751,43.458938011029,1.899650900563489,0.0332561791804193,0.004618022771121784,41.0,54.1342792129751,43.458938011029,1000.0,2.6234720438391688,0.3580771252018664,50.23730626669911
6986,58.04810184777439,49.390066196552894,2.208000831806682,0.03970204021563034,0.005867913879121805,39.0,58.04810184777439,49.390066196552894,1000.0,3.131965101102494,0.4549925015327858,49.58152695217852
6991,59.449547293609186,50.74349204958975,1.651759037513334,0.024531171562868315,0.0033110258000660906,55.0,59.449547293609186,50.74349204958975,1000.0,1.935184509581296,0.2567338141706208,54.1039862724714
7000,54.7029644294649,46.1536984999656,1.867491422431473,0.03215890123275085,0.004494865360339925,41.0,54.7029644294649,46.1536984999656,1000.0,2.5369113477227514,0.34852761585863706,50.23730626669911
7010,55.5559952914951,46.70452839270369,1.5864536900367947,0.023413384472825278,0.0023411513254612878,51.0,55.5559952914951,46.70452839270369,1000.0,1.8470059137846135,0.18153066319334732,53.107915117418266
7072,68.1795707819256,60.4186884634246,0.9152486961052935,0.020943979864801197,0.018550097177973086,152.0,68.1795707819256,60.4186884634246,915.2486961052934,1.6522025986192568,1.4383570196407522,67.61315908618909
7075,69.9181940601935,62.0771907566542,1.0359682534333694,0.025944217323522662,0.009608909422529946,151.0,69.9181940601935,62.0771907566542,1000.0,2.046655103651369,0.7450657636122583,67.52502231296029
7079,66.6156129032876,58.8122394982076,0.9774087279345395,0.012378981287543214,0.028876989635432133,158.0,66.6156129032876,58.8122394982076,977.4087279345395,0.9765376582466547,2.0,68.13017704878109
7083,67.6671822556479,59.880474204889694,1.2917889588453313,0.02312573579643591,0.022579163378428392,152.0,67.6671822556479,59.880474204889694,1000.0,1.8243142432574364,1.7507670084630003,67.61315908618909
7091,70.095526388813,62.3895739222343,1.252121884034612,0.022296034876598446,0.014156873360599329,147.0,70.095526388813,62.3895739222343,1000.0,1.7588618304552213,1.0977105930508217,67.16657947742742
7096,68.7415617968247,60.96341980848101,0.9281263632865905,0.021825420416806084,0.01629934717031528,152.0,68.7415617968247,60.96341980848101,928.1263632865905,1.72173658308409,1.2638359892703432,67.61315908618909
7100,67.287697929542,59.49473917633631,1.0670552976764975,0.017440260808253633,0.018276268462926112,158.0,67.287697929542,59.49473917633631,1000.0,1.3758055734393129,1.4171245996330175,68.13017704878109
7103,70.3869714016439,62.5988464201088,1.003171011081863,0.026144023315920376,0.009061312190336115,146.0,70.3869714016439,62.5988464201088,1000.0,2.062417149928639,0.702605591285123,67.07545499445794
7108,73.3297337099413,65.643515421929,1.385271340794096,0.0278303034232022,0.01877196389861408,154.0,73.3297337099413,65.643515421929,1000.0,2.1954423148321496,1.4555603556662684,67.78771751051703
7114,68.7351580530468,60.885927993722206,1.423668351377311,0.029114328698457464,0.01641099876566758,158.0,68.7351580530468,60.885927993722206,1000.0,2.29673490154032,1.2724933485492889,68.13017704878109
7124,70.4791836697563,62.7522063370463,1.1312842695273106,0.02122903255726887,0.01594033930252625,144.0,70.4791836697563,62.7522063370463,1000.0,1.6746894804000214,1.2359988581876133,66.8913314335754
7134,48.7975711698557,44.5401759304667,1.7951521945845947,0.033665071037051665,0.011406680425885087,237.0,48.7975711698557,44.5401759304667,1000.0,2.655728195365442,0.8844632297049406,73.55174905313622
7138,64.317485918705,53.1379220215825,1.4536367339080905,0.0355722585393126,0.004623601536486585,237.0,64.317485918705,53.1379220215825,1000.0,2.806180027712044,0.35850969740062116,73.55174905313622
7142,66.8859267004506,55.704290164917595,1.4781875802508542,0.02575580950616137,0.01580173072629972,249.0,66.8859267004506,55.704290164917595,1000.0,2.0317922224103655,1.2252512800652426,74.21290576711043
7147,48.2690674771258,44.32605367274719,1.943030994028555,0.03491026680811024,0.008196670280041214,245.0,48.2690674771258,44.32605367274719,1000.0,2.753957648507261,0.6355620739808028,73.9961138131238
7153,51.79695566611396,41.186262834292876,1.736550301007634,0.030283674534228037,0.01680872680011393,237.0,51.79695566611396,41.186262834292876,1000.0,2.3889807994554384,1.3033328047939237,73.55174905313622
7155,55.35783228676,44.3642956316721,1.4966216888329524,0.036475728041078535,0.006300565470751987,239.0,55.35783228676,44.3642956316721,1000.0,2.877451804529382,0.4885398974256204,73.66422510494066
7160,50.4790780861179,39.1296643778517,1.6411780232145456,0.038938824986635145,0.00645449594756729,241.0,50.4790780861179,39.1296643778517,1000.0,3.0717575286739662,0.5004755212522624,73.77576773476792
7164,50.211304234301096,39.9308468650015,1.4119269292046606,0.034883969898953836,0.013053535709279366,233.0,50.211304234301096,39.9308468650015,1000.0,2.751883170689562,1.0121588333708536,73.32393326440811
7169,66.4663285560485,55.1934158723227,1.564161430578793,0.025641815144754755,0.01680970424449291,246.0,66.4663285560485,55.1934158723227,1000.0,2.022799577203497,1.3034085949081387,74.05064049948784
7174,67.5031001935355,56.3394683057384,1.5581746081361205,0.028560920476164445,0.017598220666827306,246.0,67.5031001935355,56.3394683057384,1000.0,2.253078322949617,1.364549413755893,74.05064049948784
7179,65.7519656260307,54.4548455460174,1.4767386693189561,0.026280825319772487,0.01688026186632741,265.0,65.7519656260307,54.4548455460174,1000.0,2.073209016026669,1.3088795662826347,75.04671165454099
7184,49.2360938488656,38.7856620942461,1.4145937729066904,0.031954602191794586,0.013024169798640817,249.0,49.2360938488656,38.7856620942461,1000.0,2.520794859426721,1.0098818283880844,74.21290576711043
7188,47.59748507704881,41.98870789710853,1.8551485658575833,0.03149407050551688,0.013371186352067065,241.0,47.59748507704881,41.98870789710853,1000.0,2.484465009334891,1.0367891642776703,73.77576773476792
7194,49.9610699740647,40.4615606518408,1.630363486112349,0.03752332235582133,0.008785091751996042,237.0,49.9610699740647,40.4615606518408,1000.0,2.960093120090694,0.6811877193115756,73.55174905313622
7198,72.1292154289627,64.9033757406011,0.9501198488918826,0.02700675705085424,0.010117458857827643,83.0,72.1292154289627,64.9033757406011,950.1198488918826,2.1304754143070244,0.7844982066381287,59.553765652877246
7200,67.1347700267042,58.8243788852979,1.662265375513234,0.039506550040460754,0.009451777555587149,106.0,67.1347700267042,58.8243788852979,1000.0,3.116543515639526,0.7328819070179758,62.80660338206703
7211,73.2984140780375,65.9110984442611,0.8293511702334246,0.020275580391013924,0.008825040885817157,77.0,73.2984140780375,65.9110984442611,829.3511702334247,1.5994747333980417,0.6842853374269351,58.557694497824116
7216,71.8061092359035,64.507348029913,1.2416414625149477,0.020375929541893014,0.008503654758466882,83.0,71.8061092359035,64.507348029913,1000.0,1.6073909522314216,0.6593653605742891,59.553765652877246
7221,71.6508124208948,64.3955803428675,0.5911993265392418,0.01147662987156582,0.0020191759966931237,84.0,71.6508124208948,64.3955803428675,591.1993265392418,0.9053540835884689,0.15656500021909917,59.71283034666521
7226,72.0464949677223,64.8039362206923,0.6388251392066548,0.014079640851583291,0.0035391039543376437,83.0,72.0464949677223,64.8039362206923,638.8251392066549,1.1106971718258272,0.27441877889483474,59.553765652877246
7233,61.42783960522118,51.055640632911235,1.590336632637095,0.036326875256592124,0.003434834241335722,252.0,61.42783960522118,51.055640632911235,1000.0,2.865709291457476,0.2663338038031502,74.3732354187606
7234,61.45251831715723,49.63199200915899,1.2951590275266414,0.02803369326624963,0.0008135157269560548,232.0,61.45251831715723,49.63199200915899,1000.0,2.21148707945592,0.06307924132304989,73.26637082201646
7236,67.08807196900396,52.030213854816616,1.377767854653172,0.03190758908084572,0.0030336032641358045,247.0,67.08807196900396,52.030213854816616,1000.0,2.517086147683284,0.2352227326849837,74.10494687540735
7238,54.49208376996833,41.55045721357831,1.7462784985402688,0.027609069780633096,0.010066082021472952,218.0,54.49208376996833,41.55045721357831,1000.0,2.177989910775508,0.7805144952586837,72.43348787695771
7240,67.07275195328197,52.801519426510055,1.4838141357254218,0.0366639347563427,0.0025616352200763474,274.0,67.07275195328197,52.801519426510055,1000.0,2.8922988214786125,0.1986267761945168,75.49395176158309
7241,62.69336338345886,51.28337653040687,1.4404095586512837,0.03440191429811141,0.002298869230162403,259.0,62.69336338345886,51.28337653040687,1000.0,2.7138553688327924,0.17825214944785137,74.74006391106235
7244,67.11000336056829,52.42382401847664,1.3415843949550432,0.03089086271412331,0.0011059844521291659,255.0,67.11000336056829,52.42382401847664,1000.0,2.4368799043605125,0.08575699011552776,74.53167508942514
7248,59.8375039298418,49.31118467642344,1.5179777193007586,0.031889723881935395,0.002458989792950728,230.0,59.8375039298418,49.31118467642344,1000.0,2.5156768201220934,0.1906677466959829,73.15050105481585
7250,57.34947372468467,43.49480809896374,1.9282240743092478,0.031146341873790912,0.011082722169387597,213.0,57.34947372468467,43.49480809896374,1000.0,2.4570338261184905,0.8593438123868984,72.12306276824518
7256,60.62188466951834,48.37789239423448,1.2771183732408382,0.02806054760093457,0.0043689541217240505,213.0,60.62188466951834,48.37789239423448,1000.0,2.2136055307644615,0.33876457730540216,72.12306276824518
7258,59.260458970722716,48.3243841075268,1.534373978409563,0.03333725899602621,0.005730549568346899,213.0,59.260458970722716,48.3243841075268,1000.0,2.6298681673508435,0.4443414025786622,72.12306276824518
7264,54.29146536241589,41.48995531400683,1.7021441778023345,0.02666269039893929,0.013063048164197857,221.0,54.29146536241589,41.48995531400683,1000.0,2.103333112793095,1.012896420143298,72.61635885783328
7270,48.973177112302594,38.9161598355653,0.3460250129159845,0.0063310774081613876,0.03686669055518879,178.0,48.973177112302594,38.9161598355653,346.02501291598446,0.4994381494514105,2.0,69.72266574252166
7276,48.0942125949753,37.5924214939111,0.9171735859216821,0.015079692464868288,0.02840942266949721,179.0,48.0942125949753,37.5924214939111,917.173585921682,1.1895879979672195,2.0,69.79754509916837
7281,47.94075210191879,37.607508934943,0.726538631928648,0.015559431020575531,0.018504520560820175,171.0,47.94075210191879,37.607508934943,726.538631928648,1.2274330156531585,1.4348230517814782,69.18649397818827
7286,48.142727309194,37.9937904469546,0.4902462438604694,0.008725173792479031,0.03397547424539279,160.0,48.142727309194,37.9937904469546,490.2462438604694,0.6883006432586315,2.0,68.2981893584027
7291,48.20473911598731,38.8638121440872,0.7368263246735729,0.012406816594512553,0.030309243084738525,143.0,48.20473911598731,38.8638121440872,736.8263246735729,0.9787334952750029,2.0,66.79831507788056
7295,52.9751849861632,42.9075307617818,0.5559990920606291,0.010300477856720482,0.030142623848707875,133.0,52.9751849861632,42.9075307617818,555.9990920606291,0.8125712682953457,2.0,65.83093296201221
7301,52.9868272618687,42.903467320045,0.6033299918615643,0.008344865115632257,0.03451116306931169,148.0,52.9868272618687,42.903467320045,603.3299918615643,0.6582993260199866,2.0,67.25709032286147
7307,57.4473440141795,47.3957921029756,1.017415880642605,0.01957456730216939,0.020487064064620728,134.0,57.4473440141795,47.3957921029756,1000.0,1.5441740859312456,1.5885476030911487,65.9308650933961
7314,60.4261649252433,50.36077123288139,1.7185833547450033,0.027168027982839942,0.03312692143625834,133.0,60.4261649252433,50.36077123288139,1000.0,2.143197554732509,2.0,65.83093296201221
7317,67.1054189033136,56.8700006988577,0.7942963707787966,0.01755147985258859,0.023125362704210332,135.0,67.1054189033136,56.8700006988577,794.2963707787966,1.384579282889587,1.7931187884469013,66.03005971155554
7322,48.2157060368283,38.1605791765844,1.096774497504637,0.01325949808713209,0.022794460130974872,139.0,48.2157060368283,38.1605791765844,1000.0,1.0459987708813934,1.767460915366022,66.41967567993736
7328,47.6348635108858,37.2635724534242,1.0356671433572922,0.022129100845123952,0.026325050070210933,210.0,47.6348635108858,37.2635724534242,1000.0,1.7456929464904465,2.0,71.93330700824349
7331,53.33661244371249,43.44526133231315,1.309409994100643,0.03569420375737007,0.010711153879797097,221.0,53.33661244371249,43.44526133231315,1000.0,2.8157998901958865,0.830532758057597,72.61635885783328
7333,51.43042711742275,42.390148166514415,0.9808753265712837,0.01789105272603282,0.010278890064926506,173.0,51.43042711742275,42.390148166514415,980.8753265712837,1.4113670848043545,0.797015430008551,69.34188079269343
7335,49.92658095458947,40.340729847864615,1.2019726212913129,0.030915744661967875,0.013570549177576238,206.0,49.92658095458947,40.340729847864615,1000.0,2.438842760472525,1.0522475695234947,71.67605877763371
7337,52.106609940129445,43.302290848271205,1.8933908644401098,0.03646103034481562,0.004913776596487687,112.0,52.106609940129445,43.302290848271205,1000.0,2.876292350972032,0.38100959756140657,63.539920309807684
7339,55.549792528308174,45.824621685584496,1.526895212759158,0.03656840046929714,0.010688805017226924,227.0,55.549792528308174,45.824621685584496,1000.0,2.8847624316265965,0.8287998483563493,72.97480169336615
7343,57.07893148288711,50.12060071941656,1.446766485748661,0.029165374805156734,0.007056785494665488,119.0,57.07893148288711,50.12060071941656,1000.0,2.300761763229567,0.5471764840350137,64.34776571876252
7346,47.18005140679117,38.141049644615194,1.2365058462650438,0.03305287684201781,0.013959382591515985,153.0,47.18005140679117,38.141049644615194,1000.0,2.607434182172923,1.0823973452926061,67.70072167441002
7349,59.89554161225542,52.056098424906345,1.0954387059213009,0.023169984346612382,0.010134514289963141,138.0,59.89554161225542,52.056098424906345,1000.0,1.827804867773819,0.785820668741682,66.32332537662401
7352,54.38510084397223,45.49199900080172,1.576687361127083,0.028500572456230593,0.01247402025515139,154.0,54.38510084397223,45.49199900080172,1000.0,2.2483176635143107,0.9672237522530548,67.78771751051703
7354,58.312182053783076,50.88309418725984,1.1457068048117727,0.0220941735046802,0.007848796208123034,112.0,58.312182053783076,50.88309418725984,1000.0,1.7429376419582352,0.6085882469170462,63.539920309807684
7358,52.17800676966036,43.36467720444609,1.9660073822928164,0.03971251527771465,0.00575965711541303,87.0,52.17800676966036,43.36467720444609,1000.0,3.132791444753897,0.4465983742939807,60.17903233282932
7360,50.37762100650798,41.425122462474576,1.3068815905500077,0.028461179270174393,0.007346799312481588,87.0,50.37762100650798,41.425122462474576,1000.0,2.2452100629154708,0.5696638816290236,60.17903233282932
7365,49.048211338403725,39.37280930630874,1.032570923309957,0.023810064596374445,0.01787985516250049,206.0,49.048211338403725,39.37280930630874,1000.0,1.8782987213206832,1.3863870866229397,71.67605877763371
7367,50.490936829120734,41.430762752492384,1.4041888372368359,0.03456528548199244,0.009319777970748741,180.0,50.490936829120734,41.430762752492384,1000.0,2.7267431913140094,0.7226467838474386,69.87200960960587
7371,48.865278548640774,39.80866711512593,1.1834169849655072,0.02823274338966942,0.014012928141759737,153.0,48.865278548640774,39.80866711512593,1000.0,2.2271894976826663,1.0865492166992465,67.70072167441002
7373,54.86551015209123,45.05406307507647,1.3575280413995714,0.03318144260121279,0.01093707630486373,230.0,54.86551015209123,45.05406307507647,1000.0,2.6175763176603812,0.8480505695747634,73.15050105481585
7376,53.8636988312053,36.7158680609975,1.8488372844214498,0.030633480763399557,0.005015576757670426,89.0,53.8636988312053,36.7158680609975,1000.0,2.4165758775915527,0.38890308593685413,60.48108571299023
7378,52.07610551171071,38.6765488550326,1.1946627443353273,0.018785989291049503,0.02670844377135978,104.0,52.07610551171071,38.6765488550326,1000.0,1.4819657259348753,2.0,62.55299567416506
7381,47.6475635042248,36.2255527859392,1.32355011537661,0.02484708922003028,0.01784112186279863,102.0,47.6475635042248,36.2255527859392,1000.0,1.960106228255688,1.3833837431371614,62.29451059716119
7384,63.6094026816116,46.6344654527187,1.6667400018558576,0.03135643461744739,0.005420661827748982,87.0,63.6094026816116,46.6344654527187,1000.0,2.473607360817292,0.420312999777684,60.17903233282932
7387,63.6298517390349,46.18779364047769,1.325520806158144,0.02684284732944612,0.006756944839913546,82.0,63.6298517390349,46.18779364047769,1000.0,2.1175451083480987,0.5239271227837828,59.39279594742783
7390,63.5779119061681,46.0560644479044,1.3551111988248397,0.027520375728036842,0.011190418598186768,84.0,63.5779119061681,46.0560644479044,1000.0,2.170993124819469,0.8676944917858973,59.71283034666521
7393,57.768523500571106,41.6269245782826,1.431375222275473,0.024676194139709756,0.018475004329039733,107.0,57.768523500571106,41.6269245782826,1000.0,1.9466248700028879,1.432534391039304,62.93163507210827
7396,56.664438808467,39.6294039316534,1.671009479341155,0.03220735620552264,0.008249665452711167,101.0,56.664438808467,39.6294039316534,1000.0,2.5407338032658893,0.6396712696300533,62.16337970578323
7401,50.7750059849684,34.316709087931,1.5754666114747653,0.027623322286570707,0.009519869911919264,86.0,50.7750059849684,34.316709087931,1000.0,2.179114244712943,0.7381617240331921,60.02542140651529
7406,53.9010929158289,40.721101983753,1.6429150199822413,0.026339841930009853,0.018066776786689075,103.0,53.9010929158289,40.721101983753,1000.0,2.077864644872061,1.4008808128657086,62.4243745035964
7410,43.62481065736701,27.2843198456507,1.7410586786690656,0.032023358551585134,0.005308791458902519,101.0,43.62481065736701,27.2843198456507,1000.0,2.5262188255043654,0.4116386770085732,62.16337970578323
7415,46.3444088552403,34.5618580886114,1.9668395968913837,0.0361088828536403,0.007172522567590369,100.0,46.3444088552403,34.5618580886114,1000.0,2.8485125782749177,0.556150627387311,62.03095686364205
7445,68.91748706165306,59.61795590813239,1.5451691125120361,0.0361014490132711,0.014276408218368756,129.0,68.91748706165306,59.61795590813239,1000.0,2.8479261467344466,1.1069792130539868,65.42360452488421
7446,51.219946645492804,41.965689655921324,1.8194603537727823,0.02472453442363284,0.0076371892021552664,213.0,51.219946645492804,41.965689655921324,1000.0,1.9504382781149698,0.5921804394797722,72.12306276824518
7448,50.3197348060618,40.931399606906325,1.8160124709206342,0.026266197043894816,0.0061443480673914795,192.0,50.3197348060618,40.931399606906325,1000.0,2.07205503881821,0.4764269474740456,70.73481762901051
7450,59.88438841614495,50.856141881825316,2.007731643373026,0.03106627124051504,0.01888530423799829,153.0,59.88438841614495,50.856141881825316,1000.0,2.4507173137256473,1.4643486585628873,67.70072167441002
7452,44.75886730629058,35.1956634329941,1.7796795567466566,0.024609483994833172,0.006543814504711593,194.0,44.75886730629058,35.1956634329941,1000.0,1.9413623231788912,0.5074011978360617,70.87338390529007
7454,60.603848846561604,51.63059009411864,1.9920597940177178,0.03484932664335115,0.014252793703505198,148.0,60.603848846561604,51.63059009411864,1000.0,2.7491502766884754,1.1051481658689757,67.25709032286147
7456,59.38534356020676,49.835408205542564,1.0425176200981885,0.02211409526681352,0.01813945717554805,234.0,59.38534356020676,49.835408205542564,1000.0,1.744509205117588,1.4065163815909043,73.38125023721669
7457,60.58540058926293,51.09280123991714,0.999850112922056,0.0195997242749179,0.019298805776702996,232.0,60.58540058926293,51.09280123991714,999.8501129220559,1.5461586378653474,1.4964111774339153,73.26637082201646
7459,62.436399359577464,52.980883708617846,0.8888450592302931,0.01757020934091549,0.023186269340926033,232.0,62.436399359577464,52.980883708617846,888.8450592302931,1.3860567914378321,1.7978414315480253,73.26637082201646
7461,63.14184907168175,54.131790301720244,1.5959414577817332,0.036075776501454306,0.008490800654952608,121.0,63.14184907168175,54.131790301720244,1000.0,2.845900925596411,0.6583686655250093,64.56993292167306
7463,49.9864755307903,40.587468504529994,1.7006150026783877,0.023936036235816013,0.010967896123989948,218.0,49.9864755307903,40.587468504529994,1000.0,1.8882362151199144,0.8504403092488441,72.43348787695771
7465,53.56768294312975,44.340633657949525,1.8907474035440857,0.027422000995457076,0.005034111423391218,205.0,53.56768294312975,44.340633657949525,1000.0,2.163232661437821,0.39034024641587584,71.61096998333933
7466,49.63492248273282,40.460577989982376,1.4446017662503237,0.023078400545605268,0.010812320398869002,198.0,49.63492248273282,40.460577989982376,1000.0,1.8205801189442192,0.8383771144220737,71.14630312478297
7468,58.46727190894613,49.36980625323727,2.1057400566645694,0.03391544869515078,0.008240039619687509,181.0,58.46727190894613,49.36980625323727,1000.0,2.6754796762214177,0.6389248916263893,69.9460638451771
7470,48.535709913037735,43.71213484505927,2.3276720987731365,0.047306698928367,0.014189130302833886,94.0,48.535709913037735,43.71213484505927,1000.0,3.731871946310653,1.1002117658937498,61.207792948069965
7471,53.276348867851496,44.19570212672799,1.4868810167161008,0.03383353712741698,0.007839118577790339,122.0,53.276348867851496,44.19570212672799,1000.0,2.6690179384838726,0.607837852598948,64.67965442694566
7472,45.0918429019831,31.868480069217,1.8704324645346397,0.034290839230275864,0.006426005869879969,94.0,45.0918429019831,31.868480069217,1000.0,2.7050930172212864,0.49826642752954436,61.207792948069965
7473,45.69484063283709,40.372093321044964,1.6735412618318524,0.03646534867907179,0.011587861828063682,94.0,45.69484063283709,40.372093321044964,1000.0,2.876633010346507,0.8985118645531388,61.207792948069965
7474,41.56648994471911,31.383339154842936,1.4520809911587422,0.028897793604433324,0.005985713074105446,109.0,41.56648994471911,31.383339154842936,1000.0,2.2796531507294246,0.464126539882404,63.17826235411714
7475,51.06877807984188,43.4014693322979,1.5910833996857898,0.03683238888893829,0.012371286765052683,116.0,51.06877807984188,43.4014693322979,1000.0,2.9055876212873986,0.9592578944347393,64.00747387822997
7476,45.13960049359282,38.10331994338434,1.9246295073993749,0.03696124692399219,0.007884213754335487,121.0,45.13960049359282,38.10331994338434,1000.0,2.9157528134687962,0.6113344900080864,64.56993292167306
7477,29.4199812557455,22.4199812557455,1.9029821868090304,0.03471384163199846,0.005454936127604005,117.0,29.4199812557455,22.4199812557455,1000.0,2.7384623038544738,0.42297059662565545,64.12186443894088
7478,48.1858886475083,40.5817502510553,1.7358904239525241,0.03908944979287472,0.012791421561156244,89.0,48.1858886475083,40.5817502510553,1000.0,3.083639830790948,0.9918347498211606,60.48108571299023
7479,43.08533481026829,31.8649022628026,1.53815643685092,0.032312159393086244,0.004755757080609597,101.0,43.08533481026829,31.8649022628026,1000.0,2.5490013865978987,0.3687569135068253,62.16337970578323
7480,46.586116747608,40.2350521000572,1.4495507299231691,0.03463227324567323,0.011673342119604729,110.0,46.586116747608,40.2350521000572,1000.0,2.7320276385844684,0.9051399256462634,63.29989947165514
7481,42.0712380510771,27.2036773508797,2.0194732040679226,0.03741594467966333,0.007022148935678918,116.0,42.0712380510771,27.2036773508797,1000.0,2.951622443708881,0.5444907979560377,64.00747387822997
7482,42.00383456158279,31.88627008063712,1.652416249423407,0.035151301193009896,0.006703969457640079,110.0,42.00383456158279,31.88627008063712,1000.0,2.7729720688637802,0.5198194616631893,63.29989947165514
7483,60.41892788541226,51.34442202897765,1.7517138226339621,0.035224078914660686,0.009441238142281103,139.0,60.41892788541226,51.34442202897765,1000.0,2.778713267127397,0.7320646908618444,66.41967567993736
7484,53.19928053522609,45.68918354285972,2.061521153774271,0.04213544727904394,0.007331413783704657,84.0,53.19928053522609,45.68918354285972,1000.0,3.3239286868022346,0.5684709022551224,59.71283034666521
7485,56.0528288781699,48.6138348474968,2.493459993848987,0.0474044325074612,0.016311676595115118,84.0,56.0528288781699,48.6138348474968,1000.0,3.7395818311746645,1.2647920012275224,59.71283034666521
7486,68.25703186267297,55.53545784644922,1.1345294476131664,0.024296765061107613,0.024501279180676853,102.0,68.25703186267297,55.53545784644922,1000.0,1.9166929414150584,1.8998060528519083,62.29451059716119
7487,68.77113059568987,56.000123875052765,1.7647466968767074,0.037101987691274256,0.0258236354675758,102.0,68.77113059568987,56.000123875052765,1000.0,2.926855395830704,2.0,62.29451059716119
7488,52.13447064061617,39.01938696721419,1.646383382651973,0.03811714382413426,0.0115173473211878,97.0,52.13447064061617,39.01938696721419,1000.0,3.0069377685002068,0.8930442362718236,61.62567561405209
7489,53.27930774088598,45.77853282184017,2.0549753805894007,0.04769020248968609,0.008153392341472854,81.0,53.27930774088598,45.77853282184017,1000.0,3.7621252976164388,0.6322063434884958,59.22987504653981
7490,53.723450254998504,46.22450160629428,1.856422654283057,0.04078117689117766,0.009155005510197073,77.0,53.723450254998504,46.22450160629428,1000.0,3.2170946911381058,0.7098704828391941,58.557694497824116
7491,55.151236217287554,47.68096972176707,1.6638112776611997,0.0406990654516241,0.008698524755435472,55.0,55.151236217287554,47.68096972176707,1000.0,3.2106171861613766,0.6744753961373356,54.1039862724714
7492,66.11102099570499,53.30646796767918,1.658612882224506,0.03440055721601012,0.01588295912455522,104.0,66.11102099570499,53.30646796767918,1000.0,2.7137483130301816,1.2315496533677666,62.55299567416506
7493,55.74190661834137,42.66792755689512,2.163759344111439,0.04743344014524876,0.008478242840377511,98.0,55.74190661834137,42.66792755689512,1000.0,3.7418701495765054,0.6573949444403087,61.76213170746288
7494,65.49778488856234,53.099759852805064,1.8453484731347751,0.036962356131947684,0.009005633559390498,111.0,65.49778488856234,53.099759852805064,1000.0,2.9158403152845116,0.6982883228149767,63.420445658649534
7495,63.498594997553695,51.627411561144015,1.3900499847688992,0.03256122795496207,0.026152107873397078,113.0,63.498594997553695,51.627411561144015,1000.0,2.5686495971014427,2.0,63.65834230718801
7496,62.13678749662076,50.374038603690806,1.5232291347208091,0.03634996803087061,0.020311759144739108,111.0,62.13678749662076,50.374038603690806,1000.0,2.8675310054735577,1.574954625131513,63.420445658649534
7497,65.86309745256102,54.35767671007325,1.9187301928395817,0.04159298028844756,0.012265576265284567,111.0,65.86309745256102,54.35767671007325,1000.0,3.2811352264707154,0.9510612020976366,63.420445658649534
7498,66.49954997939344,54.91159503448087,1.8177054645133954,0.04045832683554654,0.011836621231881674,106.0,66.49954997939344,54.91159503448087,1000.0,3.1916260980473257,0.9178004338393486,62.80660338206703
7499,55.51341932441156,48.01863632827924,2.340129798641294,0.04637264348598544,0.013396089254105561,96.0,55.51341932441156,48.01863632827924,1000.0,3.6581873439036916,1.0387201117876936,61.48781994655193
7500,55.62249271555069,48.1672940663304,2.552197494582438,0.05310271860024889,0.002458399639121041,93.0,55.62249271555069,48.1672940663304,1000.0,4.0,0.1906219867252693,61.06556082975073
7501,56.0531508184015,48.6020635838955,2.601866148078917,0.053040934046426416,0.006928974232687354,85.0,56.0531508184015,48.6020635838955,1000.0,4.0,0.5372661194643263,59.87003459201013
7556,66.26566606621752,52.029571030865526,0.7509144536811289,0.009809682778709876,0.011001344232126543,190.0,66.26566606621752,52.029571030865526,750.9144536811289,0.77385403744843,0.8530338439710827,70.59480792805049
14575,37.6497188663048,29.189135262569003,2.515846407980722,0.049279231786283316,0.01003173822412399,351.0,37.6497188663048,29.189135262569003,1000.0,3.8874786616889643,0.7778515096406537,78.8119511051856
14632,46.527686231661804,32.7309212070693,0.6999932733292336,0.004146558715852943,0.00034915034725065,916.0,46.527686231661804,32.7309212070693,699.9932733292336,0.3271085595901183,0.027072788247940214,91.68120785357179
14683,61.30899159740387,48.318643069972175,0.4429440319408425,0.009756104385748613,0.008715056227801086,222.0,61.30899159740387,48.318643069972175,442.9440319408425,0.7696274119144161,0.6757572308950701,72.67676709324866
14731,45.1982174417848,32.5336615679777,0.523143180876067,0.009257051572923038,0.0011666969471532849,1091.0,45.1982174417848,32.5336615679777,523.143180876067,0.7302587551681213,0.09046457965320089,94.02876199793924
14756,52.66348169580199,42.0771294803804,0.9232179272167866,0.006775023351466265,0.01483561467528146,800.0,52.66348169580199,42.0771294803804,923.2179272167866,0.5344596041085318,1.150339553704057,89.86338503848248
14793,45.5973583025649,34.544846729335,1.683072070904142,0.03357953414051491,0.0160635768597179,181.0,45.5973583025649,34.544846729335,1000.0,2.6489804672045034,1.2455545820077816,69.9460638451771
14796,56.4679079424624,46.672368501428,1.8291871393679415,0.0374276437274596,0.00921499566975955,185.0,56.4679079424624,46.672368501428,1000.0,2.9525453436207005,0.7145220631672217,70.23826686963507
14810,43.7361368308442,33.6146509336152,0.2315863405868716,0.001934520157951177,0.0007249770892377614,1078.0,43.7361368308442,33.6146509336152,231.58634058687161,0.15260801684687872,0.05621403895512073,93.8677922924898
14870,58.3480536260942,49.035472797277194,1.771562330522891,0.03223912965123008,0.020568395300715067,149.0,58.3480536260942,49.035472797277194,1000.0,2.543240307278202,1.5948539503425938,67.34699574005033
14891,56.1120561781882,40.2520004561529,0.17480273798780463,0.004067612211092225,0.0007803364779557397,1021.0,56.1120561781882,40.2520004561529,174.80273798780462,0.3208807260475175,0.0605065536843738,93.13831661048883
14924,68.73143145892769,56.87590461812137,2.3252725993602383,0.039699641334463284,0.0034892845525464154,185.0,68.73143145892769,56.87590461812137,1000.0,3.1317758611527053,0.2705558295208657,70.23826686963507
14965,64.613262021501,56.5690020845493,1.5515034493091828,0.030283340267523287,0.012861706846193473,101.0,64.613262021501,56.5690020845493,1000.0,2.3889544302399512,0.9972846044575446,62.16337970578323
14976,41.3030430176167,30.2928239354212,3.490977837723226,0.05712124869924323,0.025164211470159514,113.0,41.3030430176167,30.2928239354212,1000.0,4.0,1.9512091966185163,63.65834230718801
15002,45.8565662914001,35.0105562520574,3.389244978828264,0.06761019129617017,0.017636249761626907,185.0,45.8565662914001,35.0105562520574,1000.0,4.0,1.3674981538584807,70.23826686963507
15008,46.3040301502732,35.4362425141301,3.5969402205383902,0.0716739749267617,0.015443309332877334,195.0,46.3040301502732,35.4362425141301,1000.0,4.0,1.1974596236511363,70.94213500023021
15018,48.5536587764443,32.8712436777574,0.41258133882391296,0.006424071934925975,0.006493921376596254,1105.0,48.5536587764443,32.8712436777574,412.581338823913,0.5067741858575588,0.5035325317925357,94.19998481987875
15026,53.6010630378719,42.7874153402885,0.09892908017522885,0.0020331129939201447,1.7760847995433333e-05,1149.0,53.6010630378719,42.7874153402885,98.92908017522885,0.16038568569705436,0.001377159383258568,94.72433821793204
15089,45.3567960959858,32.5487652771568,2.945089115910922,0.043767817686893,0.01618727793570164,223.0,45.3567960959858,32.5487652771568,1000.0,3.452701090479438,1.2551462466374204,72.73690504482768
15110,53.1583393609659,43.0758917296173,0.48304812227407884,0.006372524285949639,0.008694605782362166,791.0,53.1583393609659,43.0758917296173,483.0481222740788,0.502707759125811,0.6741715226656394,89.71150986599731
15161,58.4776546944844,50.0173678018919,0.13566664509382187,0.0006825547753273253,0.002928062624017407,1186.0,58.4776546944844,50.0173678018919,135.66664509382187,0.05384453101920007,0.22703921110473382,95.14997066909844
15205,70.9942614148137,61.3146040478464,2.679419493885966,0.05056756770810387,0.019804214081809764,166.0,70.9942614148137,61.3146040478464,1000.0,3.9891113013146255,1.5356000601907274,68.78998116038372
15215,71.103773075406,61.4810152618239,1.9377809197591982,0.03542464430934179,0.020506800504781347,160.0,71.103773075406,61.4810152618239,1000.0,2.7945352201861917,1.5900779480254845,68.2981893584027
15266,65.66186739435071,58.80253005019375,0.60746536486882,0.008764288726938347,0.008161183117975982,366.0,65.66186739435071,58.80253005019375,607.46536486882,0.6913862934920484,0.6328104329422715,79.37284513462473
15290,65.9586856585045,51.0169160136456,0.6330784282478087,0.00717276778311225,0.025880090615012837,721.0,65.9586856585045,51.0169160136456,633.0784282478087,0.5658363714561867,2.0,88.46774769502987
15332,58.2935844994449,49.678059748893006,1.8999935152880838,0.03830833402056665,0.0011426901547324552,1023.0,58.2935844994449,49.678059748893006,1000.0,3.0220201425960207,0.08860311563679879,93.16459386178143
15364,45.8105681921722,34.7486522593727,1.8857780513395825,0.04218638471616844,0.00504622696564152,71.0,45.8105681921722,34.7486522593727,1000.0,3.327946975901411,0.3912796741221182,57.481855691702414
15413,61.9474119252262,51.245257293985404,0.2679856401065234,0.003441795359124568,0.01780768806046612,220.0,61.9474119252262,51.245257293985404,267.9856401065234,0.271512065661322,1.3807913176734636,72.55567789808308
15449,54.3998140049849,42.15168689834995,1.7581535861506343,0.0227577915539303,0.04372887272174233,480.0,54.3998140049849,42.15168689834995,1000.0,1.7952883161156497,2.0,83.00865705013311
15465,56.10525309675281,44.35116019513461,1.5831668032960255,0.018838315228626522,0.0523266203839724,393.0,56.10525309675281,44.35116019513461,1000.0,1.486093549328424,2.0,80.32699560148868
15503,66.7122209012664,53.9873715415755,2.725153164504892,0.04597034575654587,0.0375260096260418,740.0,66.7122209012664,53.9873715415755,1000.0,3.626451381670661,2.0,88.81687926607184
15547,44.2153378457314,32.8103471863319,1.4597075641541595,0.02513998509898547,0.03467988745359958,405.0,44.2153378457314,32.8103471863319,1000.0,1.9832118335636804,2.0,80.73025014004641
15590,60.04776525048209,51.856850689966016,0.3631264791353884,0.008824300295420345,0.009956775082624854,263.0,60.04776525048209,51.856850689966016,363.1264791353884,0.6961204113642591,0.7720389384311812,74.94527109941332
15614,58.567778572202386,50.24897017351334,0.1850061522592157,0.007446326292662274,0.009908190708648144,228.0,58.567778572202386,50.24897017351334,185.00615225921572,0.5874165144505255,0.7682717519478008,73.03362371177901
15631,57.741098032686594,39.6860137181923,2.717589555263832,0.051186315976185254,0.008897109343767058,865.0,57.741098032686594,39.6860137181923,1000.0,4.0,0.6898734576072442,90.91209026126224
15705,42.235380679053506,32.2005470892235,0.9059965977434608,0.016084780358020537,0.007011445640479447,1083.0,42.235380679053506,32.2005470892235,905.9965977434607,1.2688761198822784,0.5436608745526322,93.92993206916825
15745,55.577668583827,48.86771366394474,1.514759698305569,0.03563995843404825,0.042858880834986866,176.0,55.577668583827,48.86771366394474,1000.0,2.8115206526902257,2.0,69.57164381934672
15792,71.1202958298891,61.9909720325817,1.2517537327707624,0.024990271198050484,0.015269821280485667,1004.0,71.1202958298891,61.9909720325817,1000.0,1.9714013898098681,1.1840075238811327,92.91286113606218
15837,56.91109185591464,47.51561697909176,1.7350705139274718,0.04035538228287781,0.016974832131703997,214.0,56.91109185591464,47.51561697909176,1000.0,3.1835051363900417,1.3162124553639503,72.18572399947608
15885,51.4682842600499,39.47030265417566,1.2220880741720361,0.015347908578329387,0.021698754329479195,170.0,51.4682842600499,39.47030265417566,1000.0,1.2107466966726523,1.682500922115215,69.10812168759387
15906,55.166283214002554,42.96166032648128,0.3149140751066391,0.008903954360703513,0.010585373563991207,166.0,55.166283214002554,42.96166032648128,314.9140751066391,0.7024040620601144,0.8207798711354272,68.78998116038372
15915,55.63447453821223,43.7489195218512,0.2692769392399833,0.008000979352712703,0.0075700832293117476,163.0,55.63447453821223,43.7489195218512,269.2769392399833,0.6311712942518352,0.5869771057088898,68.54633443271796
15939,42.0585820148638,30.9642239357754,2.275468685005328,0.039076697589736205,0.028597703456169785,228.0,42.0585820148638,30.9642239357754,1000.0,3.082633850872156,2.0,73.03362371177901
15949,39.7904530846523,28.6259589325152,2.0145946055849353,0.03247790914390525,0.028981884369707982,211.0,39.7904530846523,28.6259589325152,1000.0,2.5620768465053008,2.0,71.99685705455336
15966,44.79163488950191,32.869539468002,2.1598454998262455,0.040168250294233786,0.027545441579175576,225.0,44.79163488950191,32.869539468002,1000.0,3.1687429011358885,2.0,72.85637969598582
15978,42.6790420832637,31.4736822447041,2.456510468854405,0.0442935412438773,0.028075328129332323,227.0,42.6790420832637,31.4736822447041,1000.0,3.494173715673497,2.0,72.97480169336615
15996,67.67377800532897,54.72081576657202,1.3258783963322471,0.02885539136091016,0.002044468642635396,626.0,67.67377800532897,54.72081576657202,1000.0,2.276308175352801,0.15852616810341377,86.57153709530475
16038,66.0838271814987,58.50550076563192,0.23868766556256496,0.004884689918328019,0.008168271478722986,33.0,66.0838271814987,58.50550076563192,238.68766556256497,0.385337334575758,0.6333600577415585,47.39714093919925
16062,66.39328387026345,56.433243937919286,0.0,2.990529635714859e-05,0.0,34.0,66.39328387026345,56.433243937919286,0.0,0.0023591317730780725,0.0,47.78675690758107
16088,66.1840726522674,51.34776504388327,2.0192795944802007,0.04722763152958559,0.003288509338862547,100.0,66.1840726522674,51.34776504388327,1000.0,3.7256345758311165,0.2549879090295932,62.03095686364205
16107,58.084265548353606,43.32218691888416,2.0870261291639594,0.044513541533490165,0.00505384848659265,86.0,58.084265548353606,43.32218691888416,1000.0,3.5115288245182223,0.3918706396602079,60.02542140651529
16130,50.33573629131857,38.54222747148168,2.1950734770403817,0.02809383320307451,0.02316243732846727,208.0,50.33573629131857,38.54222747148168,1000.0,2.216231323890086,1.7959935198048496,71.80529832872075
16136,47.77971902129338,36.55301803006937,2.0055699048984295,0.028179929312413917,0.01945832932423095,233.0,47.77971902129338,36.55301803006937,1000.0,2.2230231665341216,1.5087804826824769,73.32393326440811
16140,50.16269465742738,36.961036899389946,2.1271822768317885,0.029213975537444786,0.025318374497566708,192.0,50.16269465742738,36.961036899389946,1000.0,2.304595717267886,1.9631628521984725,70.73481762901051
16149,47.81046442225123,34.9131012588598,2.481328646513696,0.03586017515522638,0.016862351380820984,205.0,47.81046442225123,34.9131012588598,1000.0,2.828892835118715,1.3074908041480657,71.61096998333933
16172,62.54428856793766,49.36897188271398,0.5047468979719486,0.009457302711880501,0.009786585400730132,219.0,62.54428856793766,49.36897188271398,504.7468979719486,0.746055917612783,0.7588425911950936,72.49472174029529
16219,68.5206553306705,59.9010108859616,1.7313048302258154,0.025353759058110877,0.026909964809352267,183.0,68.5206553306705,59.9010108859616,1000.0,2.0000757674035765,2.0,70.09295940300014
16229,68.0618464651262,59.459821181037796,2.0231031978605984,0.03213987397743302,0.020100930910968123,176.0,68.0618464651262,59.459821181037796,1000.0,2.535410349302984,1.5586072029550384,69.57164381934672
16244,67.9434202301634,59.5361890745308,2.144235599139376,0.03320610934242821,0.01926687609823463,169.0,67.9434202301634,59.5361890745308,1000.0,2.6195221968198656,1.493935380314406,69.02928973284334
16257,68.0615441952302,59.75593369240541,2.0484602072383127,0.03471043931352354,0.01506318576386214,173.0,68.0615441952302,59.75593369240541,1000.0,2.7381939059920866,1.1679852010333869,69.34188079269343
16272,38.5082232558091,30.5551270108726,1.7908264596834973,0.033796924365642717,0.005780906946855679,172.0,38.5082232558091,30.5551270108726,1000.0,2.6661296765328704,0.44824606615933704,69.26441193411112
16275,54.233204917461,47.224159497906,1.714461812747775,0.03336647042427751,0.00208590288685954,155.0,54.233204917461,47.224159497906,1000.0,2.632172562120975,0.16173894027713984,67.87415388400225
16281,61.9638538843877,55.0015828881988,1.7212144194552919,0.03562376523159357,0.0055821507865506555,156.0,61.9638538843877,55.0015828881988,1000.0,2.8102432235030186,0.43283470116061146,67.96003794462122
16286,67.3968657745761,60.569343003696005,1.7720568729829977,0.03756128783854889,0.01049331813003068,143.0,67.3968657745761,60.569343003696005,1000.0,2.963088093807496,0.8136419797075362,66.79831507788056
16292,53.916217537032495,46.90849597443331,1.7279991185276722,0.033426314743928494,0.0031089507512422846,161.0,53.916217537032495,46.90849597443331,1000.0,2.6368934862757065,0.2410651056899395,68.38141445251412
16300,63.652016066898696,56.70657086824245,1.4374078511364254,0.03424673978372298,0.006318890536136583,145.0,63.652016066898696,56.70657086824245,1000.0,2.701614155005858,0.4899608056924842,66.98370849655186
16309,56.4102920161677,40.4619755716996,1.0648580807057242,0.016807586512437276,0.0005147900979919789,1021.0,56.4102920161677,40.4619755716996,1000.0,1.3258959515634747,0.03991633811857047,93.13831661048883
16312,47.7958603505339,33.0051199634174,0.27972699456851574,0.004103652682582822,0.00016099382528250088,1016.0,47.7958603505339,33.0051199634174,279.72699456851575,0.32372384187538844,0.012483309197370175,93.07239784297568
16314,43.089001464575304,32.1807604183092,1.8266664713690532,0.02413438662733597,5.561546731974e-05,996.0,43.089001464575304,32.1807604183092,1000.0,1.9038834337680368,0.004312370822236829,92.80544150531746
16322,48.8567947715777,33.9287265050247,0.8991319626060785,0.017924981456078598,9.705082055121428e-06,1028.0,48.8567947715777,33.9287265050247,899.1319626060786,1.4140436122032227,0.0007525228987344154,93.2300631083949
16330,52.1448198483281,36.6644226954201,1.0473508828246991,0.0222714421230347,0.0010994806659447704,1032.0,52.1448198483281,36.6644226954201,1000.0,1.7569217879414527,0.08525269267585311,93.28220986538697
16336,42.4666207044078,30.663217359242402,1.5387140078568746,0.021119424165515148,3.7646328640683445e-05,999.0,42.4666207044078,30.663217359242402,1000.0,1.666042830104567,0.0029190607760442157,92.84582453946672
16345,43.942424374464,34.9789129527991,1.240213907581111,0.020581890670342582,0.008083579052822747,332.0,43.942424374464,34.9789129527991,1000.0,1.623638557215555,0.6267930870062965,78.06613823823913
16346,43.3745539452569,41.6834528967048,1.6277727614738768,0.03300500967761685,0.0060931810958412,306.0,43.3745539452569,41.6834528967048,1000.0,2.60365809692445,0.4724595088133741,76.97347107164305
16348,44.1285336856317,42.12758386392571,1.4659699841461806,0.02957749273853447,0.004248497858297036,288.0,44.1285336856317,42.12758386392571,1000.0,2.33327240948017,0.32942451237756587,76.1613631060422
16350,50.506223273114,42.29605950605959,2.202373156472031,0.03876757392232236,0.00797404949430958,295.0,50.506223273114,42.29605950605959,1000.0,3.058248087999349,0.6183002684601686,76.48303886360557
16351,47.7994219633668,36.5843123037235,2.3025426265644646,0.04350496200482301,0.009254284829184363,322.0,47.7994219633668,36.5843123037235,1000.0,3.4319652588093668,0.7175685074910588,77.65632570744697
16353,43.3652472339507,34.7151468338531,0.9332918051825942,0.017946325426298978,0.005183141233760984,341.0,43.3652472339507,34.7151468338531,933.2918051825942,1.4157273687428396,0.40189587719368214,78.424581073772
16355,48.3351690825765,37.7005222973664,1.1445459521927581,0.0191532198565895,0.0020508564267333333,338.0,48.3351690825765,37.7005222973664,1000.0,1.5109353534170569,0.15902147085083698,78.30615907639167
16357,48.1336667467805,37.1493986893091,1.2554471632546171,0.028116546429519024,0.010120235516948054,318.0,48.1336667467805,37.1493986893091,1000.0,2.2180230966093544,0.7847135061645234,77.48883681422618
16359,43.3725498449384,34.5756091962266,1.045308435993159,0.019939281848509478,0.01378231420501294,331.0,43.3725498449384,34.5756091962266,1000.0,1.5729452328243938,1.0686676297962614,78.0257147197841
16361,44.26258097623871,42.5843247337538,1.342594143493558,0.028084500531358296,0.00808783842588667,288.0,44.26258097623871,42.5843247337538,1000.0,2.215495099707236,0.6271233547718497,76.1613631060422
16362,43.955807947354,42.445039060439,1.5074685093286244,0.029139748053581882,0.007845748641832176,296.0,43.955807947354,42.445039060439,1000.0,2.298740151968505,0.6083519415044534,76.52837047404688
16371,74.67863012756237,69.11558682563509,1.3411231674209005,0.034093604950140216,0.01924818516578489,280.0,74.67863012756237,69.11558682563509,1000.0,2.6895338449779733,1.492486103060773,75.78405244219677
16397,65.10070159118511,59.484472953381236,1.9332264237890373,0.0369390167902523,0.02015772776266175,281.0,65.10070159118511,59.484472953381236,1000.0,2.913999150365136,1.563011177206129,75.83179959633473
16420,49.3452961232019,37.4794242350175,0.3544638798937499,0.004030677083049655,0.004277925799289951,1116.0,49.3452961232019,37.4794242350175,354.4638798937499,0.3179670336678362,0.33170632713544185,94.33300336601887
16448,57.375118088420706,45.240162255043,2.6975842655682554,0.052941665925362424,0.005365555334973956,1099.0,57.375118088420706,45.240162255043,1000.0,4.0,0.4160400943610558,94.12687053393937
16485,41.5316284921039,33.1226512385515,1.2826247030374758,0.023156511131710328,0.020485908131248887,169.0,41.5316284921039,33.1226512385515,1000.0,1.8267420095770184,1.5884579731089619,69.02928973284334
16497,45.554299988923,34.7645094888521,0.9847550260679795,0.02189382122244588,0.013560303536718147,143.0,45.554299988923,34.7645094888521,984.7550260679795,1.727132500648719,1.0514531322055893,66.79831507788056
16501,51.017381844886,40.66619863869731,0.9593688692665785,0.019410548065389565,0.019183190409229455,178.0,51.017381844886,40.66619863869731,959.3688692665785,1.5312351406600744,1.4874464710073971,69.72266574252166
16508,51.6492401696772,41.2984360982358,1.5704504331325109,0.032455050660252914,0.02450043025255733,173.0,51.6492401696772,41.2984360982358,1000.0,2.5602736149163348,1.899740227767103,69.34188079269343
16514,44.85734946595001,34.3341107344009,0.9628300360451626,0.01995009961683142,0.008723960119740037,169.0,44.85734946595001,34.3341107344009,962.8300360451626,1.5737986114586435,0.6764476302687036,69.02928973284334
16522,42.9256060389166,32.4912167356206,1.279557800658418,0.022815071184681922,0.011647007441228275,179.0,42.9256060389166,32.4912167356206,1000.0,1.7998069202867142,0.9030979595509196,69.79754509916837
16528,45.0099876187124,34.6385987249825,1.1515952806726242,0.019231909218455294,0.015669823246267818,179.0,45.0099876187124,34.6385987249825,1000.0,1.517142901791225,1.2150232986144338,69.79754509916837
16536,48.554015278252,38.1342196845576,1.9907713076382265,0.03763324100469423,0.017340398756982327,173.0,48.554015278252,38.1342196845576,1000.0,2.9687642455633525,1.3445581463094314,69.34188079269343
16542,45.1067509598801,40.8084981755135,1.3859871194678395,0.021153335087240977,0.014772976404183307,163.0,45.1067509598801,40.8084981755135,1000.0,1.6687179526628708,1.1454826413079768,68.54633443271796
16551,50.1130571444408,43.9507482684597,0.780956665975423,0.016271082374325216,0.03340241040018719,164.0,50.1130571444408,43.9507482684597,780.956665975423,1.2835728813122256,2.0,68.62804173452298
16560,66.93319897834226,55.21993654932048,1.783701216626717,0.03378999922937668,0.010754101807270482,158.0,66.93319897834226,55.21993654932048,1000.0,2.6655833750081173,0.8338628998012056,68.13017704878109
16581,61.32010091035148,49.367204832855826,1.875218222763819,0.03587046035857029,0.011402221659586275,138.0,61.32010091035148,49.367204832855826,1000.0,2.829704201430267,0.8841175011762271,66.32332537662401
16595,63.641255075732495,52.19288154946221,1.8721697792730347,0.03558681125169199,0.008822288173733225,165.0,63.641255075732495,52.19288154946221,1000.0,2.8073280439613626,0.6840718947311376,68.70925533360597
16611,53.47370630599467,43.03277879249883,1.8008158220225494,0.035505391699880096,0.006096619964595094,168.0,53.47370630599467,43.03277879249883,1000.0,2.8009051197630774,0.47272615544947155,68.94999269012395
16626,51.4057877270875,40.74137771012181,0.14300470586324565,0.003752911343826731,0.0066995591773919335,130.0,51.4057877270875,40.74137771012181,143.00470586324565,0.29605499597901125,0.5194774926970624,65.52659973963482
16648,54.2539949501871,44.0459928312153,0.34931526465005447,0.0051165401940837015,0.008751330303211248,135.0,54.2539949501871,44.0459928312153,349.3152646500545,0.40362725036859703,0.6785698884513409,66.03005971155554
16654,46.0825896551229,34.6359309523474,0.44951735208835,0.010734799499037663,0.015257490244462303,120.0,46.0825896551229,34.6359309523474,449.51735208835,0.8468334930828618,1.1830513869912025,64.45930834858979
16669,53.0805682024924,42.8947167494381,0.8920753142974821,0.014120064821045308,0.011623915429569198,134.0,53.0805682024924,42.8947167494381,892.0753142974821,1.1138860875821823,0.9013074267710214,65.9308650933961
16689,54.29010032544261,37.6464418148979,1.6004772770166595,0.02396370407553361,0.025248033964257243,375.0,54.29010032544261,37.6464418148979,1000.0,1.8904188412002811,1.9577087136632265,79.69847960210701
16696,50.1602015931999,35.5810455495149,1.765419303815789,0.02513781385341479,0.017826535180749996,382.0,50.1602015931999,35.5810455495149,1000.0,1.9830405510473068,1.3822527055842784,79.94640670615209
16701,45.9851662665954,34.139351508519,1.4538839594301003,0.03046116409649947,0.013805618388367441,362.0,45.9851662665954,34.139351508519,1000.0,2.4029823749871975,1.0704746141690844,79.22554711517377
16709,45.9340575671414,32.2086027304965,1.3957916607258554,0.027497487260669865,0.014382415324030728,362.0,45.9340575671414,32.2086027304965,1000.0,2.1691875279125656,1.1151989039320351,79.22554711517377
16718,45.5473715045043,34.9502968749599,1.4584813540384645,0.03092681778919206,0.012772777772190056,357.0,45.5473715045043,34.9502968749599,1000.0,2.4397162835418147,0.9903891280287282,79.0391251286998
16723,45.6003760702482,32.5457981559411,1.3835304417239545,0.027391167393836496,0.01591968724718415,358.0,45.6003760702482,32.5457981559411,1000.0,2.160800298675291,1.2343975173166561,79.07661695148936
16731,45.5926538728597,35.2691129870964,1.5766713645461548,0.033552168668696175,0.01080018679231188,344.0,45.5926538728597,35.2691129870964,1000.0,2.646821693946354,0.8374362860265374,78.54196880469381
16738,44.7029621243596,32.5791461058409,1.3716837800640025,0.026429234269211656,0.016461875978169442,349.0,44.7029621243596,32.5791461058409,1000.0,2.0849165163921484,1.2764383195669449,78.73536508740331
16754,55.35866963844549,39.5516346919334,0.28949122672495636,0.0053402320920157426,0.014888675566712301,748.0,55.35866963844549,39.5516346919334,289.4912267249564,0.4212735782126436,1.1544538451239732,88.961211496004
16762,50.2573511183629,35.1401223571147,0.15305007590473302,0.002384536323564463,0.0025162191797363388,749.0,50.2573511183629,35.1401223571147,153.050075904733,0.1881083316412275,0.19510525930969383,88.97914453369442
16773,45.67698180568969,31.914656894222098,0.7877001868566044,0.01663404595909022,0.005507548980645899,751.0,45.67698180568969,31.914656894222098,787.7001868566043,1.3122059005293967,0.4270501475719435,89.01493898828517
16785,42.8579420969271,29.5378849155058,0.13815484444892004,0.0017740680996753931,0.00022752154723377672,751.0,42.8579420969271,29.5378849155058,138.15484444892004,0.13995047471074493,0.017641805940069265,89.01493898828517
16795,67.292663393153,54.2181397485394,0.2104512624927706,0.004631881027169684,0.005748507020081287,1219.0,67.292663393153,54.2181397485394,210.4512624927706,0.3653940616342177,0.44573380643020044,95.5185411014953
16806,63.3721346019896,53.5874175638949,0.14142531272282785,0.0016098127708726224,0.001331419601070008,1210.0,63.3721346019896,53.5874175638949,141.42531272282784,0.1269929049061115,0.1032370187020006,95.4190200480481
16820,67.581494668714,58.0461276345587,0.8598056604320642,0.012804679621953695,0.0029011460678783165,1204.0,67.581494668714,58.0461276345587,859.8056604320642,1.0101196182600394,0.224952126757101,95.35226092195266
16826,64.749072128874,52.2430258377905,0.2043182900665234,0.003195294348301985,0.0032981911986420262,1184.0,64.749072128874,52.2430258377905,204.31829006652342,0.252066400927476,0.2557386312950014,95.12730487999174
16837,65.2910107768958,52.2940250532035,0.20193434447978845,0.0016879385195164417,0.0006108245435100355,1190.0,65.2910107768958,52.2940250532035,201.93434447978845,0.13315599166238398,0.047362758345534335,95.19518790183733
16842,66.7538721374422,53.703594004016196,2.6054502684907357,0.04578151585195189,0.0059699256519004,1204.0,66.7538721374422,53.703594004016196,1000.0,3.6115552033377396,0.46290239807156625,95.35226092195266
16849,44.95775074228631,32.48610556641176,0.8166943674984526,0.016628657373333997,0.01709711913418055,537.0,44.95775074228631,32.48610556641176,816.6943674984526,1.3117808124875447,1.3256944740690508,84.5139106740024
16859,46.04910552738474,32.40836434558271,0.8229808762308138,0.019059954400804723,0.01513934581461571,524.0,46.04910552738474,32.40836434558271,822.9808762308138,1.5035779442997959,1.173890579456292,84.18514446780917
16865,60.3240374974271,46.680966844113954,0.6846139554117295,0.011251244656970857,0.01925870372217911,542.0,60.3240374974271,46.680966844113954,684.6139554117295,0.8875741754884813,1.4933017019916552,84.63824837618985
16871,46.531589953347904,32.8091297541906,1.207479955202943,0.026006469976055425,0.01675227186960855,522.0,46.531589953347904,32.8091297541906,1000.0,2.0515660133709885,1.298955342788918,84.1338436049383
16877,54.52783357418817,41.905591739104125,1.0337212487830598,0.020056088286524706,0.008147652412383855,481.0,54.52783357418817,41.905591739104125,1000.0,1.5821597136284247,0.6317612748067422,83.0365715144867
16888,66.75666216669187,53.25496498639428,1.2288691166563197,0.02663928403655866,0.011291186337188492,515.0,66.75666216669187,53.25496498639428,1000.0,2.1014866608293734,0.8755079271202719,83.95273274477226
16903,74.0423267098134,61.0423267098134,0.9106083199588039,0.012932567076789588,0.002232451850058061,1075.0,74.0423267098134,61.0423267098134,910.6083199588039,1.0202082445180207,0.17310220850777558,93.83037006018056
16912,63.1120156950442,50.2381440560897,0.24011675730834736,0.003952666761324501,0.002889834806372318,1049.0,63.1120156950442,50.2381440560897,240.11675730834736,0.31181305256656344,0.22407506222034673,93.50160385398732
16924,72.7108852926913,59.7108852926914,0.16889080547913313,0.0028717639725444077,0.0011351851694295474,1042.0,72.7108852926913,59.7108852926914,168.89080547913312,0.22654413958987388,0.08802118616283591,93.41169843679845
16936,71.1229470534018,58.1431398464282,0.0439129925190159,0.00010314359845455785,0.0004419266418347364,1074.0,71.1229470534018,58.1431398464282,43.912992519015894,0.00813666373333191,0.03426657452792455,93.81787279312019
16939,65.3113188935041,53.2359563735903,0.794883344437653,0.013701900933783553,0.0020759317278518574,1018.0,65.3113188935041,53.2359563735903,794.8833444376529,1.0808984956515901,0.1609657860227414,93.09880415747138
16956,43.0989846390853,31.0860581415903,2.1432188520297735,0.046220790572094085,0.006287828403910007,206.0,43.0989846390853,31.0860581415903,1000.0,3.6462081603598393,0.4875522772894008,71.67605877763371
16963,52.1267555280882,42.8006494374187,2.217488234925826,0.04779068613246581,0.007308280740058328,236.0,52.1267555280882,42.8006494374187,1000.0,3.7700521260793707,0.5666771878936763,73.49515608634763
16970,38.4618094356658,29.8416390103619,2.1989114600668476,0.046434209982478915,0.00535764783193038,193.0,38.4618094356658,29.8416390103619,1000.0,3.6630441250002663,0.41542695404155044,70.80427933273006
16978,52.096061621993,42.87314251039889,2.152985204827672,0.04773950619426032,0.005018657797291128,214.0,52.096061621993,42.87314251039889,1000.0,3.766014706856943,0.3891419868398365,72.18572399947608
16989,51.69376199757991,42.0879732971353,2.2425683982902536,0.049902408483943825,0.005745894676923235,262.0,51.69376199757991,42.0879732971353,1000.0,3.936639048870392,0.44553124780837516,74.89426227251798
16994,51.033874801758515,45.7545062065351,2.2380281053451148,0.049153611691768836,0.006043037008545265,152.0,51.033874801758515,45.7545062065351,1000.0,3.8775689001281046,0.4685713836319476,67.61315908618909
17007,61.43127717246564,48.67407386029149,0.30150690736394065,0.008389938154231858,0.00427300769566705,182.0,61.43127717246564,48.67407386029149,301.5069073639406,0.6618549917522232,0.331324982024338,70.01971230207891
17010,60.95759530842818,48.11356266123325,0.24974072369856148,0.007246397329069729,0.0039560604832200455,187.0,60.95759530842818,48.11356266123325,249.74072369856148,0.5716447673747939,0.3067491944419395,70.38202021592888
17014,60.631367140588246,47.100076050992705,0.4154143391835095,0.010896551850029803,0.0017728147116864042,184.0,60.631367140588246,47.100076050992705,415.4143391835095,0.8595936110913368,0.13746237880114223,70.16580949871523
17018,60.833474748513076,49.182127594943935,0.3572397614821681,0.009130565090933587,0.0051256914365491665,185.0,60.833474748513076,49.182127594943935,357.2397614821681,0.7202806471111901,0.39744127416364106,70.23826686963507
17021,61.44296593983205,49.71486202190804,0.32123682335289944,0.008036465844875032,0.008273313231307538,182.0,61.44296593983205,49.71486202190804,321.2368233528994,0.6339707084484186,0.6415048960534981,70.01971230207891
17025,62.35326058758158,49.68105995984714,0.36917779810354595,0.007707627692770921,0.002969996014176371,180.0,62.35326058758158,49.68105995984714,369.17779810354597,0.6080297338610309,0.23029068658293778,69.87200960960587
17030,60.54340550013976,47.050353574577585,0.4085841900680736,0.007543379852767917,0.0031230860320869956,177.0,60.54340550013976,47.050353574577585,408.5841900680736,0.5950727548235065,0.24216114201969663,69.64736689149262
17033,60.76225099135676,47.89085542172694,0.3866488339643606,0.010112481610501588,0.0034964669474209582,186.0,60.76225099135676,47.89085542172694,386.6488339643606,0.7977408545660271,0.2711127456376124,70.31033572731599
17037,61.59840754996661,50.29650582467927,0.3236691767367011,0.007029379061231755,0.006397683936211454,185.0,61.59840754996661,50.29650582467927,323.6691767367011,0.5545249005498477,0.49607037153527817,70.23826686963507
17042,61.28067849714065,50.047480412845466,0.277299468919962,0.006183674590788363,0.00402627757710655,187.0,61.28067849714065,50.047480412845466,277.299468919962,0.4878100195792649,0.3121937616008843,70.38202021592888
17047,62.72871946054198,50.50426496600452,0.34345604454142564,0.008419658598598353,0.002915891600015014,180.0,62.72871946054198,50.50426496600452,343.4560445414256,0.664199541151689,0.2260954813958218,69.87200960960587
17050,64.862008956246,55.2932535522319,0.9896236727757769,0.017580371860827487,0.014238718623069817,401.0,64.862008956246,55.2932535522319,989.6236727757769,1.3868584796516057,1.104056797422115,80.59717172859622
17055,60.693605944135,51.462913105813996,1.3299259053703725,0.026333764887842274,0.0052612103513752775,392.0,60.693605944135,51.462913105813996,1000.0,2.0773852467382774,0.4079492828583714,80.29283850621881
17059,63.06816902760148,53.920157197943716,1.6796189401391208,0.0314693099246503,0.008712481912053373,387.0,63.06816902760148,53.920157197943716,1000.0,2.4825117274698796,0.675557620882736,80.12073871890821
17063,64.94744351025525,55.28606997433371,0.5582922927545153,0.01033122225459052,0.012516892182080536,421.0,64.94744351025525,55.28606997433371,558.2922927545153,0.8149965940635026,0.9705480009862251,81.24976639442164
17068,64.90524994056409,55.569297726229074,0.9790160985117736,0.01620348835055713,0.01247119537724073,405.0,64.90524994056409,55.569297726229074,979.0160985117736,1.2782406081510747,0.9670047138871938,80.73025014004641
17071,64.95306767709256,55.197876826302526,1.0081228619256701,0.017598099474585897,0.01131820066049522,397.0,64.95306767709256,55.197876826302526,1000.0,1.3882569535666895,0.8776025922417687,80.46276251096111
17074,64.768875049821,54.9504236535893,1.013600765562333,0.01798778084401485,0.009794753451013494,393.0,64.768875049821,54.9504236535893,1000.0,1.418997652104414,0.7594759341015558,80.32699560148868
17079,61.81820952450395,52.60237612243485,1.6472755474703786,0.030743379959472558,0.007648164573585464,385.0,61.81820952450395,52.60237612243485,1000.0,2.4252454684959606,0.5930314594172059,80.05127701518865
17084,65.62079623384172,56.507344160866026,1.5724500987924834,0.02892671906246028,0.006112146259543704,393.0,65.62079623384172,56.507344160866026,1000.0,2.2819349862366627,0.47393004969940916,80.32699560148868
17087,70.83544404245983,62.02421526855914,0.48335213349113343,0.006896587472398772,0.0018081423990412993,381.0,70.83544404245983,62.02421526855914,483.35213349113343,0.5440494030770222,0.14020165432121473,79.91126731422864
17092,65.75001795498264,55.95094117698739,1.8029452996294322,0.04069761524721623,0.010666590264267767,157.0,65.75001795498264,55.95094117698739,1000.0,3.210502784242225,0.8270773373877098,68.04537670594179
17095,58.38015738631764,48.78401753851479,1.9779630321001063,0.034463870503524785,0.021773770703188675,144.0,58.38015738631764,48.78401753851479,1000.0,2.7187428928012722,1.6883176209000144,66.8913314335754
17097,59.32290574352224,50.9868829013233,1.8989278013671396,0.0379423576083366,0.005821741727250424,130.0,59.32290574352224,50.9868829013233,1000.0,2.9931494511981525,0.45141235647376265,65.52659973963482
17101,59.38269919443306,50.764067452506765,2.127635471184144,0.035228695949693106,0.018109460197149835,144.0,59.38269919443306,50.764067452506765,1000.0,2.7790774900366877,1.4041904442099231,66.8913314335754
17105,60.26512074214368,51.398410465507496,1.73015680252233,0.03413094127607059,0.017559946085719827,149.0,60.26512074214368,51.398410465507496,1000.0,2.6924791865569504,1.3615816388767874,67.34699574005033
17108,66.20419142107126,56.70490963462966,1.9798329163578674,0.04532078985044538,0.00830578574010255,158.0,66.20419142107126,56.70490963462966,1000.0,3.575210024348152,0.6440227837239796,68.13017704878109
17111,64.89649026581473,55.437429419540294,1.7766114929510375,0.039352450182568,0.005645551769353526,172.0,64.89649026581473,55.437429419540294,1000.0,3.104387077975777,0.43775075350210085,69.26441193411112
17115,59.45159602022314,50.95007383040433,2.01978475863424,0.03746535403572511,0.00928209589688502,159.0,59.45159602022314,50.95007383040433,1000.0,2.95552018745235,0.7197249514205517,68.2144457245348
17118,55.924609512656396,46.7109391328098,2.0225241439071437,0.03489834443367516,0.021710009119522988,130.0,55.924609512656396,46.7109391328098,1000.0,2.7530171310817044,1.6833736079081119,65.52659973963482
17148,38.2944277935383,23.937881448037103,1.9477255188559308,0.03894119790628348,0.005021443044945345,340.0,38.2944277935383,23.937881448037103,1000.0,3.0719447206038,0.3893579523130329,78.38522289116781
17149,47.89485875547341,35.1365036887731,1.977425631008111,0.03873610155104297,0.005350121291394085,332.0,47.89485875547341,35.1365036887731,1000.0,3.0557653347715394,0.4148433531951438,78.06613823823913
17151,53.9791337768164,39.9059561267293,2.208580695117105,0.039810933494353606,0.011431106808367536,316.0,53.9791337768164,39.9059561267293,1000.0,3.140555338451849,0.8863572283385316,77.40430314089248
17152,56.1144592412537,41.3306760167642,2.3884577678564627,0.03900991238046846,0.005346639047553602,326.0,56.1144592412537,41.3306760167642,1000.0,3.0773653824619593,0.41457334329578827,77.82175314653576
17154,45.3672395610015,29.831581088358902,2.2051689200627984,0.03360178968939873,0.006676252377247882,329.0,45.3672395610015,29.831581088358902,1000.0,2.650736135226384,0.5176703054208487,77.94450112070112
17155,49.3009770552693,34.9334033949364,2.088567113699724,0.04290282841458015,0.0066509885260047485,353.0,49.3009770552693,34.9334033949364,1000.0,3.3844648940774875,0.5157113702503165,78.88810320552487
17157,48.5202399557555,34.9201322811604,1.645782390661836,0.0341927243700917,0.00881624596401847,372.0,48.5202399557555,34.9201322811604,1000.0,2.697353054329521,0.683603387495085,79.59080898823547
17158,40.4313977608603,27.5572478441776,1.8716319947100057,0.04100370520048285,0.006315737344961996,337.0,40.4313977608603,27.5572478441776,1000.0,3.2346492272517637,0.4897163102261412,78.2664520763021
17160,36.2882650692875,21.2882650692875,2.070286103997393,0.04094355493219998,0.009338501186354096,332.0,36.2882650692875,21.2882650692875,1000.0,3.2299041678024074,0.7240985643064751,78.06613823823913
17162,46.1121146280142,32.1837233013964,1.7660437161379905,0.03371107677999565,0.005427331193611831,321.0,46.1121146280142,32.1837233013964,1000.0,2.6593574391163495,0.42083013610928083,77.61464874458082
17163,56.191765369799796,41.5034280882342,2.106146219758762,0.04317271628812628,0.004847705519590148,317.0,56.191765369799796,41.5034280882342,1000.0,3.4057554725103927,0.37588650864499673,77.44663643495922
17164,43.5291119831825,29.4822603759236,1.9611627868260046,0.027768709503754124,0.012391875860999428,341.0,43.5291119831825,29.4822603759236,1000.0,2.190583370427687,0.9608543534936289,78.424581073772
17166,43.6269438827846,30.6269438827846,1.8007560397276732,0.03517869612301832,0.005605716751292262,350.0,43.6269438827846,30.6269438827846,1000.0,2.7751331659829086,0.4346619838150088,78.77371264481397
17168,47.09198670483809,32.4257893581971,1.8156282690141998,0.036355475204818744,0.005242822002951048,317.0,47.09198670483809,32.4257893581971,1000.0,2.867965448552996,0.40652346768436803,77.44663643495922
17169,52.0074544300107,38.7829247180067,1.8891560809134662,0.03056144599487378,0.009516672385564057,351.0,52.0074544300107,38.7829247180067,1000.0,2.410893288488741,0.7379137908588064,78.8119511051856
17170,52.6928724554659,39.6820213633647,2.1407621986544303,0.03469520107807725,0.007417920841239135,346.0,52.6928724554659,39.6820213633647,1000.0,2.73699181105286,0.5751785778138755,78.61966156295637
17171,46.29033208085501,32.2073088276555,1.8438032955521755,0.03589150466322642,0.005069161748838927,316.0,46.29033208085501,32.2073088276555,1000.0,2.831364318326074,0.39305801555555825,77.40430314089248
17174,48.6539345071023,34.696414752134,1.996124317291864,0.04296533160569053,0.00785039727636034,314.0,48.6539345071023,34.696414752134,1000.0,3.3893955679723815,0.6087123922363917,77.31923444074906
17175,53.4931781230462,39.7025771209808,2.0752943988580403,0.04000685467223382,0.01146585370161066,307.0,53.4931781230462,39.7025771209808,1000.0,3.1560109243198555,0.88905146963158,77.01718106058814
17176,48.9016196207038,36.2162406910447,1.832064554334746,0.03284893160801645,0.013704697662722322,340.0,48.9016196207038,36.2162406910447,1000.0,2.5913456045592977,1.0626493163948352,78.38522289116781
17178,48.8311228716557,36.0100750241806,2.032626434172146,0.040135404621524595,0.009883424058201657,328.0,48.8311228716557,36.0100750241806,1000.0,3.166151812615281,0.7663513692575692,77.90370955750956
17180,42.48301039612001,27.1383023261599,1.9353353152962591,0.027305636368426228,0.008968745325804281,332.0,42.48301039612001,27.1383023261599,1000.0,2.1540530336684665,0.6954280440136404,78.06613823823913
17182,49.5935085485311,34.1462531271617,2.3052029145134028,0.04516153545105565,0.004021186617248735,321.0,49.5935085485311,34.1462531271617,1000.0,3.562646961634581,0.31179901338054117,77.61464874458082
17183,49.0927497551412,34.7265116050801,2.0885540590606655,0.03900043390204971,0.0024454499735450438,331.0,49.0927497551412,34.7265116050801,1000.0,3.076617656061556,0.18961788188395598,78.0257147197841
17185,55.44681234744759,40.9130573996988,2.3107724420296427,0.04100613408796734,0.00946137360145792,326.0,55.44681234744759,40.9130573996988,1000.0,3.2348408343025508,0.7336259753539308,77.82175314653576
17186,51.036947774686226,42.939884009655856,1.407378195318553,0.02570030725196601,0.007526700338605843,212.0,51.036947774686226,42.939884009655856,1000.0,2.0274138297074145,0.5836132373269365,72.06010804071538
17187,50.024822717281424,40.580224735554005,1.347399096155301,0.02090164177846478,0.030862460280937257,211.0,50.024822717281424,40.580224735554005,1000.0,1.648862684394876,2.0,71.99685705455336
17188,50.996502264199734,43.89748004071002,1.4922857974777972,0.026371944175327358,0.017044936588113853,211.0,50.996502264199734,43.89748004071002,1000.0,2.080397086818505,1.3216482887193113,71.99685705455336
17189,43.4936829192032,35.6136969963538,1.1309266934627449,0.016509569808582522,0.017240831382967843,212.0,43.4936829192032,35.6136969963538,1000.0,1.3023863809986043,1.336837786142748,72.06010804071538
17190,52.36826926495799,43.44066964739717,1.0199404799527592,0.018319682825689677,0.009710979267523763,214.0,52.36826926495799,43.44066964739717,1000.0,1.4451803222630895,0.7529801630157736,72.18572399947608
17191,48.94914854047603,40.024331732818446,1.2566445873702017,0.020165522267770627,0.0339095220624359,210.0,48.94914854047603,40.024331732818446,1000.0,1.5907926052449617,2.0,71.93330700824349
17192,55.09180685630737,43.761702230822024,1.2190504410121779,0.022907290835052448,0.024297765588749083,213.0,55.09180685630737,43.761702230822024,1000.0,1.8070818292089679,1.8840258010972597,72.12306276824518
17193,44.10913397934425,32.07024505704274,2.543798875910144,0.03970347471635342,0.0270628301028914,216.0,44.10913397934425,32.07024505704274,1000.0,3.132078264208918,2.0,72.3101768308099
17194,55.38148890963092,42.822815469431575,1.8765792226322437,0.03447815212108895,0.018373722342165024,215.0,55.38148890963092,42.822815469431575,1000.0,2.7198695232604453,1.424681081410426,72.24809445828642
17195,51.86276008425389,41.91345627028667,0.870535774921711,0.011777398914374688,0.020301259598623236,212.0,51.86276008425389,41.91345627028667,870.535774921711,0.9290807772408148,1.574140500239664,72.06010804071538
17196,43.8449966503085,34.3699733571642,1.8450724952185997,0.03244255878739561,0.01784493452142858,212.0,43.8449966503085,34.3699733571642,1000.0,2.559288171608535,1.3836793730873052,72.06010804071538
17197,55.319470424647584,42.780687757490384,1.924379459801541,0.035078221705569415,0.017587209309805913,216.0,55.319470424647584,42.780687757490384,1000.0,2.7672070652763843,1.3636956035296963,72.3101768308099
17198,57.915235455552605,45.63132646707562,1.703797521544076,0.025720635612416557,0.024363525707520536,218.0,57.915235455552605,45.63132646707562,1000.0,2.0290174680884134,1.8891247786141885,72.43348787695771
17199,55.153094360126815,42.78518778251991,1.9669358745863614,0.036131814829069644,0.02326014334446797,217.0,55.153094360126815,42.78518778251991,1000.0,2.8503216073916575,1.8035695520286923,72.3719737661299
17200,55.97009971801281,43.37714845251333,1.9507981464678184,0.03475522450058866,0.025809690468338118,216.0,55.97009971801281,43.37714845251333,1000.0,2.7417268640509795,2.0,72.3101768308099
17201,45.8435088301254,34.9635355958983,1.6884272931986468,0.030843264905618357,0.025169360455415707,215.0,45.8435088301254,34.9635355958983,1000.0,2.4331250677244904,1.9516084440734605,72.24809445828642
17202,46.1774534469857,34.7731551381614,2.54205450662071,0.03686180132671132,0.040980772273454584,215.0,46.1774534469857,34.7731551381614,1000.0,2.9079078730463297,2.0,72.24809445828642
17203,48.26067724746757,40.51292950445748,1.1743603171679233,0.016702200644364375,0.022606770360687145,209.0,48.26067724746757,40.51292950445748,1000.0,1.3175824024571552,1.7529076278000313,71.8694550603432
17519,47.8803899018383,42.6671139327927,1.1225168879880258,0.02848924279852312,0.008870538883851474,,47.8803899018383,42.6671139327927,1000.0,2.247423903587755,0.6878132092339879,
17522,47.29648621507788,44.13259365004882,0.9208171504890064,0.024885163849044697,0.005596517678601082,,47.29648621507788,44.13259365004882,920.8171504890064,1.96310981216883,0.43394869640456574,
17720,40.0404253776989,34.2670749852517,2.415577785980787,0.048141748851528186,0.010512874629993554,82.0,40.0404253776989,34.2670749852517,1000.0,3.797746324625083,0.8151583722488435,59.39279594742783
17721,41.8189580013195,33.5428648099736,2.4280974178190933,0.049311427150111636,0.012180457833050197,90.0,41.8189580013195,33.5428648099736,1000.0,3.8900184494525134,0.9444611992334737,60.62960445899895
17722,43.4231368131832,34.5178430593316,1.957381256372363,0.04361993801601062,0.018031517202650716,95.0,43.4231368131832,34.5178430593316,1000.0,3.4410353431815497,1.3981468180124954,61.34853569747471
17728,70.2018740387341,60.8092278820876,1.3040767087770506,0.03496158615051393,0.00419460984394003,30.0,70.2018740387341,60.8092278820876,1000.0,2.7580060648744533,0.32524608662694826,46.15556871687292
17729,65.3743828334609,55.9082144815534,1.4078060773649597,0.02619987118729818,0.0028098220140795158,26.0,65.3743828334609,55.9082144815534,1000.0,2.0668228072494252,0.21787094585635988,44.29871629975198
17730,57.15689197663251,47.9585994154221,1.133099328984417,0.02795710369493946,0.00325102045300506,26.0,57.15689197663251,47.9585994154221,1000.0,2.2054451767438925,0.25208105621829596,44.29871629975198
17731,52.2922541993108,42.6656267710264,1.182256113286943,0.027219704608353205,0.0023452978971804364,26.0,52.2922541993108,42.6656267710264,1000.0,2.147274156004667,0.18185218444913692,44.29871629975198
17732,57.6115521387025,48.4286565489219,0.9699360307612235,0.024772324410864834,0.0013815471350797654,27.0,57.6115521387025,48.4286565489219,969.9360307612235,1.954208275107059,0.10712386035724704,44.78752688629325
17733,71.6755912696311,62.3356898168214,2.3177075684752007,0.04539654986233866,0.007938936414450433,39.0,71.6755912696311,62.3356898168214,1000.0,3.5811864858100857,0.6155776334026778,49.58152695217852
17734,57.866851121420396,48.7165091627071,2.154081164174624,0.04528704495360831,0.003428216129105986,26.0,57.866851121420396,48.7165091627071,1000.0,3.572547998954495,0.2658206416298698,44.29871629975198
17735,54.4921381893933,45.25363752464,2.131026231657295,0.0455679428232506,0.003260971984793664,26.0,54.4921381893933,45.25363752464,1000.0,3.5947071202468894,0.2528526885966596,44.29871629975198
17736,66.3544148688445,56.8331294435589,1.571069819743239,0.036338758925903034,0.004542385039182029,26.0,66.3544148688445,56.8331294435589,1000.0,2.866646755561403,0.352212246886596,44.29871629975198
17737,60.1229448860535,50.75648120504971,1.236054106963432,0.02597539655093619,0.0032795298185101865,26.0,60.1229448860535,50.75648120504971,1000.0,2.0491147317109886,0.25429164550019445,44.29871629975198
17738,54.1308385019485,44.97773598805709,1.390840584279588,0.03384686794335273,0.004051406825005785,25.0,54.1308385019485,44.97773598805709,1000.0,2.6700695632883726,0.3141422597552269,43.79145573124012
17964,68.9182738789392,59.3007415425579,0.44347548523734015,0.005536564848574832,0.017620285015316265,1022.0,68.9182738789392,59.3007415425579,443.47548523734014,0.43676163218686315,1.3662602625039295,93.1514616577518
17989,59.97394025307359,44.7361964447763,1.783589252443054,0.03318274036630579,0.02347430961281396,945.0,59.97394025307359,44.7361964447763,1000.0,2.6176786941367185,1.8201758022542442,92.09968876630502
17991,71.4816056297566,62.0014096384622,1.710831078053374,0.02924559932955251,0.002764326132911477,554.0,71.4816056297566,62.0014096384622,1000.0,2.307090415593412,0.2143432381891195,84.93204826529923
18004,68.4070001074105,59.3814293207997,1.3969623407490743,0.02969692139879052,0.002506294010992664,500.0,68.4070001074105,59.3814293207997,1000.0,2.342693748886453,0.19433567109694122,83.55621992696771
18005,59.3913918886463,50.3918862578452,1.8022062452587766,0.03296621315395561,0.006466201521234898,496.0,59.3913918886463,50.3918862578452,1000.0,2.6005975650855024,0.5013831603817068,83.44847738806835
18012,65.58512016072578,62.042505648064676,1.2294571528318154,0.02580820580608319,0.00235432980269976,260.0,65.58512016072578,62.042505648064676,1000.0,2.0359255964609373,0.18255250987491836,74.79166017309929
18013,69.09323468702146,66.29144365919485,1.3725001932471714,0.03126561463380911,0.0009337207486411641,299.0,69.09323468702146,66.29144365919485,1000.0,2.466442867060979,0.07239982520344862,76.66345512622848
18014,64.35352074777927,60.720432722705446,1.0343971324370602,0.021000730107644902,0.0022091879511778414,207.0,64.35352074777927,60.720432722705446,1000.0,1.6566794410963745,0.1712983477550508,71.74083388977455
18015,64.18246243248095,60.60087240288091,0.923759118945755,0.022681229213492117,0.003945865480018434,216.0,64.18246243248095,60.60087240288091,923.7591189457551,1.7892485615587361,0.30595868352010397,72.3101768308099
18044,67.8850913848393,60.900424833266996,1.5807051505036218,0.022510600341212612,0.005375294376244747,707.0,67.8850913848393,60.900424833266996,1000.0,1.7757882035943238,0.416795250425308,88.20456259170301
18045,68.6686865516161,61.67104275858931,1.68890151602967,0.028002437535446845,0.002847030324456464,691.0,68.6686865516161,61.67104275858931,1000.0,2.209021416292211,0.22075604310982358,87.89733070646741
18049,68.7139858329796,61.7030985406226,1.6348040668517636,0.028675727737493523,0.002856845233294567,692.0,68.7139858329796,61.7030985406226,1000.0,2.262135095193132,0.22151708187360877,87.91673982139986
18196,51.3279631817312,44.41657706583919,0.48319756403194003,0.010834145295532725,0.026193591403818797,145.0,51.3279631817312,44.41657706583919,483.19756403194003,0.8546705605452354,2.0,66.98370849655186
18201,55.8635741084875,41.9920719539421,0.8929800698614506,0.01728487215600999,0.015513208593632245,179.0,55.8635741084875,41.9920719539421,892.9800698614506,1.3635474669719567,1.2028795463291646,69.79754509916837
18207,49.6811578824072,38.238139085776,0.30570851687224837,0.005461093111334407,0.006049386381348541,570.0,49.6811578824072,38.238139085776,305.70851687224837,0.4308079117767083,0.4690637080038518,85.31405080845082
18211,55.2959307077741,46.9677792269443,1.5432927148703584,0.01883278007021452,0.008586635111601588,430.0,55.2959307077741,46.9677792269443,1000.0,1.4856568986454537,0.6657995788039002,81.53340479285218
18212,46.6195564023008,39.7086012489873,1.3474536303834166,0.021016989950548882,0.006096747402196977,149.0,46.6195564023008,39.7086012489873,1000.0,1.6579621273323486,0.47273603684079124,67.34699574005033
18215,57.39435083551566,48.48710139905642,1.5144749984531676,0.031456573596527676,0.012556928487776621,386.0,57.39435083551566,48.48710139905642,1000.0,2.4815069998795694,0.9736523783264596,80.08605273899998
18219,63.15113924588307,51.47052310477835,1.4993116434892744,0.022222573278671585,0.005029738536201683,53.0,63.15113924588307,51.47052310477835,1000.0,1.7530666834116804,0.3900011768722061,53.615175685930126
18222,55.72183048810031,48.69705160278271,1.277422192875489,0.023239262953803318,0.018857944467161235,547.0,55.72183048810031,48.69705160278271,1000.0,1.833270032253945,1.4622272077660705,84.76144639504749
18225,47.5470260000435,40.6220022953514,1.3943868872154173,0.024010604312595846,0.020363282940032285,414.0,47.5470260000435,40.6220022953514,1000.0,1.89411864868913,1.5789497315682854,81.02494474107192
18228,57.589523095750096,46.54487828842781,1.9031308600769707,0.028268738704433746,0.01793829998391557,488.0,57.589523095750096,46.54487828842781,1000.0,2.230029051242956,1.390918842890171,83.23036615554169
18231,57.3301392343035,47.3748387151446,2.094836193901276,0.028997319757253694,0.007689727838785801,399.0,57.3301392343035,47.3748387151446,1000.0,2.287504445916962,0.5962542357556007,80.53013513200075
18238,68.9839530056657,55.5766501639577,0.884889424093224,0.019596144184589104,0.01993428410101514,618.0,68.9839530056657,55.5766501639577,884.889424093224,1.54587621615836,1.545685566664031,86.39894005579728
18240,61.8360428463038,49.372610430511,0.6030926706726498,0.02433623888192057,0.001594738383010057,578.0,61.8360428463038,49.372610430511,603.0926706726498,1.9198069030281617,0.12365450842040793,85.5010563955945
18244,48.47449475308251,41.0861596985706,2.3217257250293675,0.04023073968796903,0.013625729887054492,308.0,48.47449475308251,41.0861596985706,1000.0,3.1736724866006374,1.0565262296332139,77.06074936374519
18248,51.8722420177167,42.2839737425399,2.2135764060722125,0.027700652283412435,0.0020102863239226474,216.0,51.8722420177167,42.2839737425399,1000.0,2.1852145571921318,0.15587570338636306,72.3101768308099
18249,53.0457295461423,42.340635467301,2.217944616475914,0.028727938450400434,0.0008758160750175308,224.0,53.0457295461423,42.340635467301,1000.0,2.2662538288864136,0.06790995148594282,72.79677512045619
18250,56.6832036414237,43.8218846340174,0.41020788172541345,0.005395101300919477,0.01109800373084868,180.0,56.6832036414237,43.8218846340174,410.2078817254135,0.42560203202706354,0.8605287302332977,69.87200960960587
18251,57.1273121126364,45.2479641404398,0.4162298887998623,0.005385117075157034,0.005157513669404615,178.0,57.1273121126364,45.2479641404398,416.2298887998623,0.4248144088601012,0.3999087400517782,69.72266574252166
18252,59.0164621691071,48.9599856569604,0.43076534230710606,0.00608249881238074,0.0039662556989469334,172.0,59.0164621691071,48.9599856569604,430.76534230710604,0.47982859078294826,0.3075397218427843,69.26441193411112
18255,52.0924985620961,38.6268589547027,1.2117754624023689,0.01563940408619582,0.0254387576878182,353.0,52.0924985620961,38.6268589547027,1000.0,1.2337418312503057,1.9724972511012768,78.88810320552487
18256,59.488010491468614,55.43271394849074,1.695308220048032,0.0343659136263598,0.005792929784407375,23.0,59.488010491468614,55.43271394849074,1000.0,2.711015392677162,0.4491783056307839,42.715616925118425
18258,53.7561421036122,42.8607049610232,1.4133074282645666,0.027525497327279436,0.015726001969613473,150.0,53.7561421036122,42.8607049610232,1000.0,2.1713971511617554,1.2193793437770772,67.43630377464147
18259,44.42397605358779,34.0538354666837,1.4074114295890932,0.02683537608786325,0.01195488865435214,153.0,44.42397605358779,34.0538354666837,1000.0,2.1169557263472654,0.9269707781061812,67.70072167441002
18260,54.934553361404,45.288968340601,1.6357483127693788,0.0337044523980774,0.016271659292624634,150.0,54.934553361404,45.288968340601,1000.0,2.658834863126006,1.261689097377907,67.43630377464147
18262,48.2566046413003,38.2592451345105,1.6443935528809968,0.034380228697892624,0.007951789015606982,149.0,48.2566046413003,38.2592451345105,1000.0,2.712144662211349,0.6165742119605582,67.34699574005033
18263,48.125323017023106,44.5726000368126,0.957579037504736,0.02419211963286884,0.007156580755952245,124.0,48.125323017023106,44.5726000368126,957.5790375047361,1.9084378032041829,0.5549145143656115,64.8964463809323
18267,55.1120416530841,45.0240510031577,1.9064465143285063,0.04033447216197182,0.011914484906985854,173.0,55.1120416530841,45.0240510031577,1000.0,3.1818556048147957,0.9238379096857885,69.34188079269343
18268,68.9215475562474,60.7832008377994,2.0432373228326,0.028269454961352122,0.0009803120599908407,964.0,68.9215475562474,60.7832008377994,1000.0,2.230085554426662,0.07601247149263629,92.3669664226546
18269,52.24062891264991,41.415488227851,0.9437688155720634,0.01426271695225409,0.02181565099130523,417.0,52.24062891264991,41.415488227851,943.7688155720634,1.1251394512410076,1.6915649788959906,81.12175771489889
18271,51.21367274411631,41.6651655916996,1.128264411672617,0.019726292422472133,0.02034129725870431,449.0,51.21367274411631,41.6651655916996,1000.0,1.5561431882536416,1.5772449825976316,82.11323450663434
18272,65.22673603302775,53.26896713219162,1.4974489907710087,0.03343775064875652,0.009726833773099101,170.0,65.22673603302775,53.26896713219162,1000.0,2.6377956276927823,0.7542095064078017,69.10812168759387
18276,69.3235031524552,57.9030787085877,1.959129034771963,0.03203590694188558,0.004813424653187361,597.0,69.3235031524552,57.9030787085877,1000.0,2.527208727289829,0.3732284026331121,85.93503697570581
18277,50.269323321757,41.9393028143228,1.6528669786985033,0.03573635387859242,0.011881910544396902,105.0,50.269323321757,41.9393028143228,1000.0,2.819124976462452,0.9213121243682981,62.68039766837523
18279,64.7767059068695,54.796904098774505,1.5466988708703924,0.025149488778052002,0.009023439736147897,343.0,64.7767059068695,54.796904098774505,1000.0,1.983961547961399,0.6996689969476373,78.50295336436642
18282,70.34398120659178,60.372716560954906,1.3746243606739001,0.02217705992714037,0.009347941262527288,356.0,70.34398120659178,60.372716560954906,1000.0,1.7494762828212882,0.724830538899351,79.00152843354206
18287,57.708228868482124,52.708228868482124,1.1304073155587673,0.014572318506621561,0.0,,57.708228868482124,52.708228868482124,1000.0,1.149562913064621,0.0,
18289,60.58565053992842,55.58565053992842,0.7915261574060969,0.023797828240198438,0.000117836160559026,,60.58565053992842,55.58565053992842,791.5261574060969,1.877333434894601,0.009136904625429543,
18290,50.44216558177381,45.44216558177381,1.1944927395550984,0.026125712387354238,0.0,,50.44216558177381,45.44216558177381,1000.0,2.0609726602015,0.0,
18291,62.619663997662755,57.61966399766274,0.7213260386400838,0.01944720518257481,0.00011938176987294964,,62.619663997662755,57.61966399766274,721.3260386400838,1.5341269016654953,0.009256749712222082,
18292,56.13770158441948,51.13770158441948,2.0973884060897485,0.032433239954187794,0.0,,56.13770158441948,51.13770158441948,1000.0,2.5585530391007003,0.0,
18294,65.0528383099067,63.777863002601585,1.4122815499509995,0.030359743823999898,0.002337544759187041,,65.0528383099067,63.777863002601585,1000.0,2.3949816588454635,0.1812510134498666,
18295,53.53238616913956,42.71636175343034,0.9370727937366251,0.016901547167905484,0.002528605441417985,,53.53238616913956,42.71636175343034,937.0727937366252,1.3333082027275165,0.19606567834502148,
18296,58.72880579278083,47.174215909134205,1.0122055631431848,0.016200353937236008,0.0038245281674100656,,58.72880579278083,47.174215909134205,1000.0,1.2779933444567944,0.29655030287065764,
18297,65.88264868049711,66.10293309446158,1.4259652608147524,0.031482049183892795,0.0034423350482168376,,65.88264868049711,66.10293309446158,1000.0,2.4835166862867233,0.2669154092862327,
18298,61.79802168551464,63.24905147760914,1.5164865284439406,0.032633843472188326,0.002509757016281581,,61.79802168551464,63.24905147760914,1000.0,2.5743779995844362,0.1946041892571739,
18299,56.0131214129462,43.0162591650985,1.4240522778663918,0.02475293554349903,0.037148493737354356,79.0,56.0131214129462,43.0162591650985,1000.0,1.9526787502864256,2.0,58.89798633835666
18300,53.57301655472018,44.74097241341628,1.7407926958660938,0.035127696122113077,0.0010960548947897839,,53.57301655472018,44.74097241341628,1000.0,2.771109941430118,0.08498706161520785,
18301,50.0246006616248,45.367382755068554,1.931021497056164,0.04000387170095174,0.000853811381717568,,50.0246006616248,45.367382755068554,1000.0,3.1557756073965355,0.06620372834493275,
18302,52.10219226362759,45.78329657512745,1.9347894817185132,0.03884355509071291,0.0015048837357927098,,52.10219226362759,45.78329657512745,1000.0,3.064241995779598,0.11668726391853644,
18303,48.99400657480237,36.724982199560316,2.0923135245512454,0.04382696419150111,0.004299683700186952,,48.99400657480237,36.724982199560316,1000.0,3.45736696627017,0.33339341422655483,
18312,66.69870151145471,59.30189862223066,1.8627878687928912,0.035274309157915906,0.029131895809875612,,66.69870151145471,59.30189862223066,1000.0,2.782675767997398,2.0,
18313,56.64683082758245,44.577214551199695,1.9337383782649455,0.03755692497754554,0.004420841636311295,,56.64683082758245,44.577214551199695,1000.0,2.9627439218624465,0.3427878861928023,
18314,50.9816892869254,39.69044590142482,1.6623344665685107,0.03586735298873489,0.007723852020639385,,50.9816892869254,39.69044590142482,1000.0,2.829459071108807,0.5989001925954863,
18315,46.19416331434101,40.40438936264196,1.8452683761353612,0.035269675395430085,0.009913189758598269,,46.19416331434101,40.40438936264196,1000.0,2.7823102255135965,0.7686593735606856,
18316,55.85342182004099,47.9036407298052,2.622153017348187,0.04747570465644744,0.004612564061321834,,55.85342182004099,47.9036407298052,1000.0,3.7452042596970556,0.3576538619982503,
18318,52.7323719984172,45.4131792975868,2.684882403650736,0.048240651487623576,0.003966023700583438,,52.7323719984172,45.4131792975868,1000.0,3.805548432601787,0.3075217329087384,
18319,57.7923211706272,50.529504297330504,2.6321531492512733,0.04861707072740393,0.00573343733242313,,57.7923211706272,50.529504297330504,1000.0,3.8352429247732864,0.4445653170784227,
18320,50.4379830293051,40.8468662668627,0.9034095155360009,0.018755672505107117,0.012546155957549392,,50.4379830293051,40.8468662668627,903.4095155360009,1.479574133083892,0.9728170865043754,
18321,47.48046449567912,35.80454379707315,1.527779230252908,0.02932971740448394,0.007679011747887663,,47.48046449567912,35.80454379707315,1000.0,2.3137262175226403,0.5954233201858027,
18322,70.214858945905,58.8994502675454,0.8545473482058226,0.019871075633356425,0.0029133684875155192,,70.214858945905,58.8994502675454,854.5473482058226,1.5675646658717275,0.2258998416350069,
18325,50.67749557070282,37.61524913839754,1.754375081206976,0.03526170483268061,0.010946947939945512,,50.67749557070282,37.61524913839754,1000.0,2.7816814536864585,0.8488160068379209,
18326,73.4960338522889,62.231054864941,1.995686430870948,0.031753045322538725,0.010849691854295847,677.0,73.4960338522889,62.231054864941,1000.0,2.5048946921565185,0.8412748617886602,87.62261846256982
18327,61.8378505602074,52.2825451788339,1.2596991631585823,0.023769532746824067,0.027653245842405885,,61.8378505602074,52.2825451788339,1000.0,1.875101295254278,2.0,
18328,64.6438670673127,49.8488600087647,1.2970564492844538,0.023064996229175065,0.010321924515328394,,64.6438670673127,49.8488600087647,1000.0,1.8195226959242556,0.8003522806583384,
18329,52.3937948963742,44.1772304876814,1.0908877285195648,0.029862658936779862,0.015425628875138875,,52.3937948963742,44.1772304876814,1000.0,2.35576824536336,1.1960886976524967,
18330,49.8914924865709,44.7751086827877,2.076137432194333,0.02514622513102118,0.022882002491075228,,49.8914924865709,44.7751086827877,1000.0,1.9837040894391835,1.7742488673081702,
18331,59.1352401718885,53.847360268778,1.831712358401328,0.03307137484665055,0.006559832249245144,,59.1352401718885,53.847360268778,1000.0,2.6088934297238073,0.5086431986227747,
18332,74.802516587271,67.4373997506611,0.5892492751954348,0.010771215567045106,0.002673309305441096,,74.802516587271,67.4373997506611,589.2492751954348,0.8497062385009622,0.20728587932779202,
18333,69.5821582353501,61.6181100136818,0.5712898942980413,0.01109845652984818,0.004027200278803333,,69.5821582353501,61.6181100136818,571.2898942980413,0.87552121600801,0.3122653070192112,
18334,61.8128127321151,56.4109962975245,0.3732879848111639,0.00641760063642302,0.004979506647299855,,61.8128127321151,56.4109962975245,373.2879848111639,0.5062636861210216,0.38610624363716345,
18335,66.9595326331321,61.7657036520136,1.9814276686238639,0.032530510590823195,0.014824529438946321,,66.9595326331321,61.7657036520136,1000.0,2.5662264039366,1.149480014945632,
18337,63.46821008773726,54.30646788231169,1.5219026852014024,0.03671960520432859,0.005284835597790848,,63.46821008773726,54.30646788231169,1000.0,2.896690482443832,0.4097811621577925,
18338,49.7579154809586,42.2421377481676,1.337300101822195,0.016214585708174415,0.015947745413526507,,49.7579154809586,42.2421377481676,1000.0,1.279116042677437,1.2365731210415087,
18339,67.43973363203644,53.6609703571267,1.5186887951830865,0.02414946197489607,0.007768436155697066,,67.43973363203644,53.6609703571267,1000.0,1.9050726790105683,0.6023572043302267,
18340,45.7898844339051,38.1577418767649,1.775841347081068,0.02863455424618394,0.003749329807509704,,45.7898844339051,38.1577418767649,1000.0,2.2588870520907682,0.29071949304845407,
18341,60.2484331879799,47.2412939024545,2.007698409461732,0.03854763061580661,0.02246792017723115,,60.2484331879799,47.2412939024545,1000.0,3.040897474366219,1.74214131568122,
18342,63.8206425667163,46.5300975584103,0.0820501137961567,0.00040690591239303015,0.00014923498837663928,,63.8206425667163,46.5300975584103,82.05011379615671,0.032099486830541105,0.01157154008672421,
18354,53.4074492010484,45.88971637660221,1.1078353471026823,0.01431541717023133,0.018096084583492607,,53.4074492010484,45.88971637660221,1000.0,1.1292968004006165,1.4031533117565835,
18355,57.16447894301758,51.40097597964012,1.7639806534430347,0.03123239669399905,0.0026285203945266497,,57.16447894301758,51.40097597964012,1000.0,2.4638224115969627,0.2038129894664734,
18356,57.54657893244656,48.45421808141106,1.6021980298069687,0.02807208938591496,0.0024400482291850275,,57.54657893244656,48.45421808141106,1000.0,2.2145160247231264,0.18919903572676386,
18357,48.4580942290054,35.1434668082394,2.447067035473263,0.037163522652787745,0.016621101573630278,,48.4580942290054,35.1434668082394,1000.0,2.931709689235053,1.288784521893557,
18358,75.9615691640316,66.4079544228142,0.2845452025085799,0.004464428048983982,0.0018513146027763915,,75.9615691640316,66.4079544228142,284.5452025085799,0.35218423964761814,0.143549186234388,
18359,46.3397662237709,36.29086601147302,1.624992176847671,0.03589908187558952,0.003593594280297038,,46.3397662237709,36.29086601147302,1000.0,2.831962060017835,0.27864390731838146,
18362,68.37526597118593,58.881973266644934,1.729436165908316,0.041149907199955024,0.013708368163876558,,68.37526597118593,58.881973266644934,1000.0,3.2461826284969217,1.0629339235885413,
18363,77.13590539326918,66.2125209003429,0.6057593843981326,0.016741976279168645,0.014033426940593832,,77.13590539326918,66.2125209003429,605.7593843981326,1.3207201731965068,1.0881386742052825,
18364,70.4414031971084,62.9531715299145,1.4859054915962242,0.029644810224600433,0.011819156822822778,,70.4414031971084,62.9531715299145,1000.0,2.338582867479493,0.9164462600513229,
18365,60.84874960775491,53.278101092967766,2.3291590401080797,0.0352789513075456,0.0059665278383478635,,60.84874960775491,53.278101092967766,1000.0,2.783041972115759,0.46263893481701657,
18366,57.03283354749001,49.44038753491607,2.474236119631822,0.037733220898598756,0.007028581150562519,,57.03283354749001,49.44038753491607,1000.0,2.976651334912419,0.5449895458246284,
18367,54.08092601201378,43.57089113134795,1.4319832467539992,0.035117147782071596,0.007486363173502745,,54.08092601201378,43.57089113134795,1000.0,2.7702778171184943,0.5804855316323625,
18507,52.023954016978905,45.3104432953318,1.3820777310373422,0.026123783447310835,0.01880717966637353,,52.023954016978905,45.3104432953318,1000.0,2.06082049238178,1.4582909530465877,
18508,52.09572321143633,46.60197527198293,1.7663523433820238,0.03370715474573149,0.005577108559504905,,52.09572321143633,46.60197527198293,1000.0,2.659048042562067,0.43244373163650085,
18509,62.966781376480085,57.00458346306319,0.9691662435562807,0.02236799876250738,0.007912861863372844,,62.966781376480085,57.00458346306319,969.1662435562806,1.764538827858437,0.6135558373324683,
18510,65.20185445225404,59.328224850778916,1.2238000513070533,0.028036059349713004,0.00597830438895449,,65.20185445225404,59.328224850778916,1000.0,2.211673732101309,0.46355207743129406,
18511,60.6585117299429,50.84782763666129,1.5018692194929368,0.02793409660915083,0.009411194694408353,,60.6585117299429,50.84782763666129,1000.0,2.2036302224146764,0.7297351502816855,
18512,61.9396057515329,50.1868945942907,1.192622324617876,0.025487265671182247,0.005654984696451254,,61.9396057515329,50.1868945942907,1000.0,2.0106076708179836,0.43848217376241566,
18513,52.08558406878629,35.20478731571358,1.0174480575104925,0.02015754771011663,0.0044459487602883365,,52.08558406878629,35.20478731571358,1000.0,1.590163518272771,0.3447346688791081,
18514,64.262739934673,48.506395800438966,0.6875458131499951,0.012369156122651204,0.004138956743016593,,64.262739934673,48.506395800438966,687.5458131499951,0.9757625828755347,0.3209307977306155,
18515,67.0907980966245,58.4657084158317,0.5973424814463053,0.030976863303101128,0.011280323389889315,,67.0907980966245,58.4657084158317,597.3424814463053,2.4436642117132297,0.8746656244438034,
18516,60.3364271450029,51.5524708129293,0.625979303079782,0.031560561399929174,0.008027883809634526,,60.3364271450029,51.5524708129293,625.979303079782,2.489710260201329,0.6224745304385444,
18517,57.2909279147867,50.2440283838725,0.6400523444168336,0.033294410162950205,0.005339063164745924,,57.2909279147867,50.2440283838725,640.0523444168335,2.6264879619737864,0.413985916496249,
18518,68.11876762658173,58.34418317140901,0.24531129559028558,0.0036648645706464484,0.0032682195250808574,,68.11876762658173,58.34418317140901,245.3112955902856,0.2891092717953768,0.25341465602719104,
18519,75.53651767854312,66.71842362146376,0.3258446651067726,0.004007289793791468,0.00047721695775060645,,75.53651767854312,66.71842362146376,325.84466510677265,0.3161220863208433,0.037002952301902224,
18520,58.24144236532273,49.15276882719805,0.9358776401152921,0.018529712808407265,0.004049047026197683,,58.24144236532273,49.15276882719805,935.877640115292,1.4617489059551103,0.31395928318383715,
18521,49.087565843797904,39.35735043444667,1.5404956637101628,0.034715820501305186,0.012333000946455189,,49.087565843797904,39.35735043444667,1000.0,2.7386184104317337,0.9562892482112689,
18522,49.28341142952369,40.29280601698622,2.2863185249182885,0.0483802336872469,0.012481853351773441,,49.28341142952369,40.29280601698622,1000.0,3.8165596193211857,0.9678311231688917,
18523,43.775423537282734,34.5316836611349,1.3415376465809528,0.055625164489785335,0.009195599373317726,,43.775423537282734,34.5316836611349,1000.0,4.0,0.7130180926556677,
18524,47.39178405189893,35.43759640713097,1.549531259275209,0.0319129034616839,0.007004913582413725,,47.39178405189893,35.43759640713097,1000.0,2.517505381939981,0.5431543849379746,
18525,41.31091291358506,30.93972714048441,1.8219961786118066,0.0404984546015166,0.008092322493823741,,41.31091291358506,30.93972714048441,1000.0,3.1947916472715177,0.6274710451657034,
18526,49.43177296264567,38.22266697495681,1.8473946123835103,0.03381656700877612,0.009224439752022195,,49.43177296264567,38.22266697495681,1000.0,2.6676792209001903,0.715254348388491,
18527,40.9930579727032,28.54282375383,2.6571568165581,0.049506954040116645,0.011086565102362419,,40.9930579727032,28.54282375383,1000.0,3.905442931229692,0.8596417897811574,
18528,53.47513450259613,42.15396296096132,2.314471427944982,0.04582851204739837,0.004021143383414262,,53.47513450259613,42.15396296096132,1000.0,3.6152625806720917,0.31179566106983875,
18529,53.825007396153296,42.55260160416548,1.717104566694572,0.032792435353757206,0.0023586971569772444,,53.825007396153296,42.55260160416548,1000.0,2.5868887984172972,0.18289115040181206,
18530,35.96120715830618,24.447168098337976,1.356818608753469,0.025665028307297916,0.004825062193400552,,35.96120715830618,24.447168098337976,1000.0,2.0246307882590635,0.3741307665127402,
18531,34.661790260675374,24.14320636241571,2.7252081360226366,0.04863791526211795,0.007679933826730373,,34.661790260675374,24.14320636241571,1000.0,3.8368872824667064,0.5954948173086129,
18532,36.88287304120617,24.820924428542376,1.6085818110021524,0.025957638778186968,0.0052286663539347624,,36.88287304120617,24.820924428542376,1000.0,2.0477138786509994,0.40542585202581927,
18533,49.533712616701806,38.239671550778915,1.8839664608879745,0.042059620098176195,0.004263740904670539,,49.533712616701806,38.239671550778915,1000.0,3.3179469265979,0.3306064438004412,
18534,55.4067014084734,45.10626896283179,2.482143440943792,0.0475403458662827,0.010213772827563831,,55.4067014084734,45.10626896283179,1000.0,3.750303594950295,0.7919663009090316,
18535,51.31619051213171,44.420828667816735,2.397499470155853,0.046474495458706716,0.00908615150073481,,51.31619051213171,44.420828667816735,1000.0,3.6662221154748487,0.7045316079594411,
18538,66.94680203983857,62.151462998694875,1.337189597982531,0.022258838356758567,0.0032243952344912156,,66.94680203983857,62.151462998694875,1000.0,1.7559275177249878,0.2500165619150353,
18539,50.2062382358925,37.2007539924454,1.5241639997091463,0.029902482867547035,0.008663774941356173,,50.2062382358925,37.2007539924454,1000.0,2.3589098260144823,0.6717809283654081,
18540,39.7652017149203,28.4158698921162,1.2845849994265601,0.020537145791770593,0.004073349500745013,,39.7652017149203,28.4158698921162,1000.0,1.6201087789628654,0.3158436741131364,
18541,44.887367788703,30.6941698362788,0.3954611105706061,0.008919910046092104,0.0016690123359602719,,44.887367788703,30.6941698362788,395.46111057060614,0.7036627542968313,0.12941364060054897,
18543,53.25390274965884,41.040877039118016,1.0499149896452364,0.022412452059331386,0.008699643326704384,,53.25390274965884,41.040877039118016,1000.0,1.768045604173346,0.6745621290973397,
18544,73.9225809111055,66.0318663286545,0.41449898862096995,0.007975490448382782,0.001579417680531758,,73.9225809111055,66.0318663286545,414.49898862096995,0.6291605573125475,0.12246655561649183,
18545,61.1595089766876,48.83900800594431,2.4517970153227266,0.0423460053574274,0.02421098079600855,,61.1595089766876,48.83900800594431,1000.0,3.340538930247421,1.8772965902128749,
18546,56.65411939306439,44.47949643156241,2.161149757790843,0.04115811727024013,0.01478478028187959,,56.65411939306439,44.47949643156241,1000.0,3.2468302942962333,1.1463979028389832,
18547,56.8364889858367,44.8933118408394,2.431953898012951,0.044933755180235874,0.0095610326628252,,56.8364889858367,44.8933118408394,1000.0,3.5446781153220845,0.7413534448713761,
18548,59.0032446554366,50.623786917699256,1.552555993966539,0.024573865026500174,0.004218592684306788,,59.0032446554366,50.623786917699256,1000.0,1.9385524583671503,0.32710569342369383,
18550,58.293240295675446,55.362463861668765,1.1494833045287067,0.020337522959668206,0.0015896792462848958,,58.293240295675446,55.362463861668765,1000.0,1.604361181606854,0.12326222773572242,
18551,54.03586942130773,51.828758720738364,1.2058343988656695,0.021084677765505905,0.0014166301600024623,,54.03586942130773,51.828758720738364,1000.0,1.6633017993759989,0.10984416498334423,
18553,56.5227627094192,35.0914226213553,2.1159262423290213,0.03450444732027806,0.01175402181099502,,56.5227627094192,35.0914226213553,1000.0,2.7219438661843744,0.9113957527365641,
18554,58.252878917165,44.6369126258294,1.6564591456089655,0.026199253939957354,0.013372995168419706,,58.252878917165,44.6369126258294,1000.0,2.0667741146099607,1.0369294181897173,
18555,71.7315044124036,63.146633479129605,0.19747908214764778,0.0028494785448139525,0.0018186545731207762,,71.7315044124036,63.146633479129605,197.47908214764777,0.2247861145227528,0.14101675837343797,
18557,57.9776247342013,49.7659719677518,1.2258035166755539,0.023645980881190652,0.0016791250768989233,,57.9776247342013,49.7659719677518,1000.0,1.865354689557485,0.13019777298418897,
18558,54.257700646661,45.9749735399524,1.5186817441922456,0.02887521282060521,0.0031241033043980593,,54.257700646661,45.9749735399524,1000.0,2.2778718259783264,0.2422400203541585,
18559,51.3044153633846,42.5553280540006,1.3744815064964282,0.027041427995657605,0.0034552121078692375,,51.3044153633846,42.5553280540006,1000.0,2.133210492619288,0.2679138843327869,
18560,63.6414191913337,55.4794757741287,1.1413839902452712,0.023469075533210645,0.003584063873265019,,63.6414191913337,55.4794757741287,1000.0,1.8513992007951308,0.2779049285560052,
18561,61.8479967635559,53.624782246313,1.3353344244145486,0.026672988604116994,0.004201769688330636,,61.8479967635559,53.624782246313,1000.0,2.1041455047771183,0.3258012542004633,
18562,60.0823835857232,51.9344991478473,1.1510733485481968,0.022865092644473298,0.0018919062882724943,,60.0823835857232,51.9344991478473,1000.0,1.8037529509068513,0.14669662719991014,
18564,54.9238437142717,42.9483469186174,2.321665746791137,0.04495548681095979,0.00616395514938835,,54.9238437142717,42.9483469186174,1000.0,3.5463924531406876,0.47794726209850796,
18565,56.74005177785489,51.55133965225535,1.9279245664269569,0.03966965835272588,0.002187332388322973,,56.74005177785489,51.55133965225535,1000.0,3.129410601032104,0.16960368804794004,
18566,42.81924998164838,38.88156092405418,0.8535636540926989,0.020986783833820265,0.004358805911839136,,42.81924998164838,38.88156092405418,853.5636540926988,1.6555792648164667,0.3379776946931597,
18568,48.7342202395761,37.112781310872,1.2898371057204743,0.027064517667577323,0.012495776781677624,,48.7342202395761,37.112781310872,1000.0,2.1350319619003555,0.9689107327767561,
18569,52.8652234601912,39.5200316378431,0.8583469124095616,0.019789883830408892,0.012870804645473775,,52.8652234601912,39.5200316378431,858.3469124095616,1.5611597080422013,0.9979900392233335,
18571,48.2161488473802,37.6262728027336,0.9962917974856512,0.023662444196656397,0.01097306284917659,,48.2161488473802,37.6262728027336,996.2917974856513,1.866653427083494,0.8508409322412447,
18573,52.4075693961888,40.4453359987737,1.1291771988941395,0.022572588548197256,0.01494717148665741,,52.4075693961888,40.4453359987737,1000.0,1.7806782520629005,1.1589895635229743,
18575,56.3810935889788,39.741305504523,1.0722243946275523,0.02326898071000253,0.014297460785731455,,56.3810935889788,39.741305504523,1000.0,1.8356143695926181,1.1086116092488463,
18576,51.1718193356463,33.5187417262309,1.1063568240459245,0.02095603523786169,0.011307497374882266,,51.1718193356463,33.5187417262309,1000.0,1.65315360787473,0.8767726695816926,
18577,50.6215919217809,37.5483382982785,0.9105585864667912,0.021267491166599168,0.018721828914845962,,50.6215919217809,37.5483382982785,910.5585864667912,1.6777233552740893,1.451672936363793,
18578,49.7619767527484,39.140167442043,1.1912987713668957,0.025050462396605144,0.015428604800066458,,49.7619767527484,39.140167442043,1000.0,1.9761496781155283,1.196319448061427,
18579,48.1917045107934,34.6706387960096,1.651139910086458,0.03301427305940765,0.010241760148951808,,48.1917045107934,34.6706387960096,1000.0,2.6043888550499616,0.7941364113830156,
18580,44.189890811204,31.1631875776086,1.3105236367555777,0.02318449960196678,0.007308078817763258,,44.189890811204,31.1631875776086,1000.0,1.8289499291600009,0.5666615310295774,
18581,48.3207436039119,31.855539790568905,1.1879897895233267,0.023694265130700755,0.010513367879177258,,48.3207436039119,31.855539790568905,1000.0,1.8691636772965845,0.8151966183248077,
18583,42.6356092922991,31.003861376156003,1.5388524032737803,0.0359990286449324,0.01152682998455222,,42.6356092922991,31.003861376156003,1000.0,2.8398465362777383,0.8937795130352952,
18584,57.98566072196255,49.596522775514075,0.7584437658355555,0.01745289125303107,0.009684581219991096,,57.98566072196255,49.596522775514075,758.4437658355555,1.3768019482361615,0.750933283335892,
18593,49.86575284791922,46.91468815553161,2.1141748374378913,0.057536418814861025,0.007139707157784363,,49.86575284791922,46.91468815553161,1000.0,4.0,0.5536061514962142,
18599,50.10784500436317,43.42677016275407,1.8525212505032311,0.027815957383617047,0.020444042175770855,,50.10784500436317,43.42677016275407,1000.0,2.1943106023288195,1.5852117264522436,
18609,68.79624444216391,63.7962444421639,1.664725038021757,0.02891586989787227,0.0009623253235603334,,68.79624444216391,63.7962444421639,1000.0,2.281079130852879,0.07461779693341249,
18610,56.8438483346856,46.8422654929443,0.5613076166860915,0.009092766071881598,0.00430420480695262,,56.8438483346856,46.8422654929443,561.3076166860915,0.7172988051735022,0.3337439765762047,
18611,67.5636828549135,59.4429940394691,1.6980294939049372,0.03371300200492532,0.0037820615791260485,,67.5636828549135,59.4429940394691,1000.0,2.6595093138628045,0.2932574837132982,
18612,64.2712826009801,56.1603917552976,1.8090201766197032,0.03272519188540309,0.00040948857288420953,,64.2712826009801,56.1603917552976,1000.0,2.58158417943504,0.03175135729046536,
18613,64.3943529346733,56.2297682840008,1.5823397031974125,0.03359290114463363,0.0057135134874782625,,64.3943529346733,56.2297682840008,1000.0,2.65003494677731,0.4430204409540694,
18623,51.5261712348853,40.2028821686844,1.784708244115052,0.032604499689454156,0.007366740670015902,,51.5261712348853,40.2028821686844,1000.0,2.572063163798703,0.5712101156630267,
18648,49.1886161058207,43.07815559174101,1.567981422767807,0.03138423298189687,0.0026155276203120893,,49.1886161058207,43.07815559174101,1000.0,2.475800283570144,0.20280554202203027,
18650,48.789791419236,42.5025806588259,1.549694341371361,0.031015100906047595,0.005333592022283146,,48.789791419236,42.5025806588259,1000.0,2.4466806521109454,0.4135616892756964,
