building_id,noise_lden,noise_lnight,daylight_avg_klx,view_sky,view_greenery,location_poi_count,dwelling_id,fli_score,linguistic_label,num_activated_rules
1,53.3394420609052,40.8122490806662,0.994024513981996,0.0198516114494338,0.0028998349261245,1380.0,0,50.0,good,0
2,54.58104285102576,43.167299529359944,2.4203571318869033,0.0290517998234997,0.0029009442368552,1138.0,1,50.0,good,0
3,63.154033097522635,55.952146267660005,1.768809485715215,0.0455624684397876,0.0108596310778774,299.0,2,15.58279104084273,poor,2
4,50.25226932536338,36.96448634906063,1.365917816907111,0.0234485962747572,0.0298545298496145,802.0,3,50.0,good,0
8,50.8553424231348,35.4993147038345,0.762306544239232,0.0128374416738539,0.0126002369029493,815.0,4,50.0,good,0
9,71.2435655290185,64.3108865369272,1.3486211764906106,0.032408164832354,0.0136381827798366,140.0,5,13.166666666666671,poor,2
11,40.784230406050824,29.88831487773091,2.1620980071187197,0.0384865818312244,0.0061114291195565,334.0,6,50.0,good,0
12,43.724552741020005,34.0794695987308,2.4914395458310787,0.0393865752521449,0.0043462518438179,336.0,7,50.0,good,0
15,64.7959856365648,52.2242864003788,1.6873651190406642,0.0348679087331374,0.0103029746678038,534.0,8,16.24639316507369,poor,1
16,50.5801396724806,38.6772100837976,1.7858497946602268,0.0350385387849584,0.0088794288568928,303.0,9,50.0,good,0
17,45.5195080803185,34.388117927163,1.258564698336084,0.028829186809541,0.0077089197957321,306.0,10,50.0,good,0
18,43.1983624524472,22.7070119213694,1.7776973184135525,0.0337390604696885,0.0145825123169612,126.0,11,50.0,good,0
19,40.8397186228758,23.5756549946592,1.6730056298179663,0.0318702464937642,0.0134310542556637,118.0,12,50.0,good,0
20,42.6459029410626,23.270111568848,1.6919506853862032,0.0305621579685964,0.0160345228571836,146.0,13,50.0,good,0
21,48.7000787022852,33.2072795561645,1.737494924991973,0.0335834763422215,0.0162848426633124,129.0,14,50.0,good,0
22,62.62436491094271,53.749865345770694,2.775007235470386,0.0455793996408483,0.0089635444433465,162.0,15,16.992381351212508,poor,1
27,66.2979986718802,53.3669276872177,1.4074871687192585,0.0246927919837332,0.0024910819368509,348.0,16,15.262043202103511,poor,2
28,59.8211098008483,47.017308339543,1.9492798727887235,0.0304947231395723,0.0078279677395548,332.0,17,50.0,good,0
29,49.0351046059581,36.7994846007562,1.446460796938234,0.0272271602393297,0.0182769003500149,112.0,18,50.0,good,0
30,45.3190502700633,33.6649935786475,1.5809597466345204,0.0294429053868587,0.0099449723059976,108.0,19,50.0,good,0
31,49.952134230997345,44.75527418309248,1.7712386294165348,0.0333053182311863,0.0015756754085706,117.0,20,50.0,good,0
33,51.72269792935593,39.16880126852388,2.3724790603930703,0.0417531715449695,0.0045460022546975,417.0,21,50.0,good,0
34,59.69277319922276,45.62101439278548,1.827510288814475,0.0358214656154684,0.0044967360925037,423.0,22,50.0,good,0
35,54.81287123788661,43.50762506824285,1.050889761597977,0.0241167400252526,0.0089392253304443,95.0,23,50.0,good,0
39,47.31677080339444,43.004719724542994,2.4157414492471516,0.0438514181299395,0.001809726984046,119.0,24,50.0,good,0
40,49.610068453802086,40.845140152629554,2.497915524415775,0.046537760132228,0.0045203943288888,110.0,25,50.0,good,0
41,46.976001252353264,37.97185902304586,1.4283804185377318,0.0327236713276921,0.0032215191375993,120.0,26,50.0,good,0
43,62.0437214296968,47.9836296275079,1.7533791558957263,0.0332256044347705,0.0072173861180048,1055.0,27,50.0,good,0
47,57.0757029791741,50.39685530510431,1.5217860185302812,0.0272772510190199,0.0338039050838563,216.0,28,50.0,good,0
48,72.21263168293493,61.223711560258906,0.9615983335126468,0.018116369286448,0.0099892113112049,218.0,29,13.166666666666671,poor,2
49,69.9280306422603,55.6844359109314,0.4378604288564113,0.0066844976832652,0.0009268814950866,1028.0,30,13.201399086597885,poor,2
50,68.56287285511493,54.015948372955435,0.2412163542908171,0.0031404591162244,0.0004607427236035,1022.0,31,13.914994419434205,poor,2
51,69.08280179594792,54.27903301496634,1.1966041841829786,0.0177061380906526,0.0025447456786033,1020.0,32,13.632472994350936,poor,2
52,46.77581391577736,33.845572852963834,1.0631611203555469,0.0179953978534513,0.0002271851804001,1187.0,33,50.0,good,0
53,57.8808419695255,49.059905056108505,2.469496420876182,0.0444894379724209,0.0006877808331103,929.0,34,50.0,good,0
55,51.26173929617951,47.96395595899183,1.7654133531629568,0.0274434671329801,0.001661723362657,693.0,35,50.0,good,0
59,45.860529688981,36.2924766602485,2.1345083119580432,0.0445614933554529,0.0213474652757266,95.0,36,50.0,good,0
60,58.62742741810994,47.74432453303332,3.9096913482632023,0.075802128249356,0.0160999523329019,116.0,37,50.0,good,0
64,59.692093556571294,42.1213983904548,0.9352287840022516,0.0164306977672784,0.0023890087548705,452.0,38,50.0,good,0
66,58.8724849071599,49.12442894697293,1.7589977746992034,0.0273989796559389,0.0137219656146245,342.0,39,50.0,good,0
68,51.80344086374809,41.514868615452585,1.6352973962472437,0.0308800892229376,0.0091194377807565,350.0,40,50.0,good,0
69,44.98301289070106,34.805370379280546,1.9040045742195648,0.0345011501844888,0.0064253460708494,336.0,41,50.0,good,0
70,50.43387395505211,39.878996594415355,1.8769523032205104,0.031886741622146,0.0136433232968048,346.0,42,50.0,good,0
71,61.75713723722687,47.71531951424122,0.2649191846865704,0.0045100139556416,0.0028077398692292,766.0,43,50.0,good,0
72,64.1763255189675,55.73335547305633,1.4437041312038816,0.0249330135586705,0.0121436325385481,114.0,44,15.71232398537217,poor,2
81,67.16169746796658,58.01352963878131,1.22973174830846,0.0234588464165899,0.0096439150831456,500.0,45,14.369412229475886,poor,2
82,40.5845961254542,32.735415093782,1.5869745712859975,0.0331723780642502,0.0162615166702535,158.0,46,50.0,good,0
83,41.6866254817893,32.0445608225651,1.464591655623553,0.0284477212677851,0.0170553344809258,157.0,47,50.0,good,0
84,49.3352809839154,43.4711468272344,2.22323490072877,0.0317581054080114,0.0158525729473045,160.0,48,50.0,good,0
85,51.7892734116184,45.1583928727393,1.6507764678902674,0.0353990823695987,0.015036590200787,165.0,49,50.0,good,0
86,51.4657355431096,44.6150947058367,1.508855768980607,0.0314545156099007,0.0143443854406046,163.0,50,50.0,good,0
87,57.479406950544615,50.52917897082752,1.6191051978087698,0.0289490337393269,0.0170274488683174,144.0,51,50.0,good,0
88,54.746622924447365,51.37236388931174,1.8772121904545316,0.0327052023189725,0.0209813802385403,124.0,52,50.0,good,0
89,64.472073264153,53.5023565684125,2.0164210072985367,0.0285521699906082,0.0043953944578155,211.0,53,16.462571841175208,poor,2
90,47.2410495782109,34.4111680017033,1.6754450664628668,0.0428922866275058,0.0148398444435732,302.0,54,50.0,good,0
91,52.34836726746521,37.6043254784217,1.8618995257045672,0.0442677118860449,0.0116060980248837,306.0,55,50.0,good,0
92,52.934006965230594,41.6466202025761,2.2135413694191177,0.043303500223436,0.0085902265255207,268.0,56,50.0,good,0
93,0.0,0.0,5.931106626297627,0.1263458732215167,0.0,1110.0,57,50.0,good,0
99,68.3239237881363,57.3558877929801,2.3668573996550824,0.039793993574649,0.0135130413227057,548.0,58,14.048016826285872,poor,2
100,53.310357725223,40.3403696291078,1.8345780393885824,0.0296448402671626,0.0078932902656345,157.0,59,50.0,good,0
101,56.5563471068272,42.9540376437588,1.401024187228241,0.0313166177752225,0.0128645240577371,67.0,60,50.0,good,0
105,62.070875466917606,49.54455493313947,1.8751173863871,0.0332518273147495,0.0047273178056789,273.0,61,50.0,good,0
106,66.7349383910576,58.7567282288883,2.131228372200418,0.03053997309392,0.016887679543819,78.0,62,13.96631845611538,poor,2
107,58.61186374211716,41.72062049414976,1.809543456969985,0.0340671470562689,0.0050294046785197,25.0,63,50.0,good,0
108,70.53744322806486,59.525142674823584,1.0358285910231024,0.0179554251853734,0.0032429849467393,137.0,64,13.166666666666671,poor,2
109,52.09937357493474,43.61325670570547,1.6426573784491625,0.0224110947028009,0.0047759818843577,667.0,65,50.0,good,0
111,68.12377815191047,58.729788517486455,2.5573786879412275,0.0458590010856068,0.0170843434870471,209.0,66,13.98051489352318,poor,2
112,68.76061922534109,62.48147787320921,1.7466012275367615,0.0283287322601159,0.0006572337533932,251.0,67,13.339869281045754,poor,2
113,64.76770828562822,54.386087048274625,0.6342276999187038,0.0168249016250724,0.0067423092709105,155.0,68,16.268120384788418,poor,2
114,60.3312322039741,48.807708729753,1.4940839609720535,0.0209242802252766,0.0007135761400397,510.0,69,50.0,good,0
115,49.5569717084304,44.8235712439682,2.442698001736045,0.0364085894521456,0.0096949509038457,439.0,70,50.0,good,0
116,57.7297786350022,51.600712813043,2.7001515234803475,0.0485581773855041,0.005408556761348,253.0,71,50.0,good,0
117,67.3351844809072,56.63153558197409,1.0026412844070658,0.0200851178990322,0.0031432753142856,487.0,72,14.622717598010642,poor,2
118,40.369466634707,32.8296926770033,1.429419771550154,0.0273948570256537,0.0115938222530734,365.0,73,50.0,good,0
119,42.52921608235,35.7368551933033,1.864140399497927,0.0376335264751931,0.0106109224306818,366.0,74,50.0,good,0
120,53.0174955149247,48.3030636804983,1.668939442855608,0.0366987154317008,0.0068115430871306,356.0,75,50.0,good,0
121,63.47678901027987,49.6748745919391,0.5104927311917494,0.0077475840897677,1.6043046880817823e-05,834.0,76,17.12110684648678,poor,1
123,57.5094458135193,43.8448913460839,1.6557825350252773,0.0271808367773504,0.008461608857689,89.0,77,50.0,good,0
124,64.5869912106324,52.1531688331548,1.8685880809472637,0.0321267785544257,0.0122128605065928,90.0,78,16.380779769540933,poor,1
125,55.8259664989543,41.2261302236729,1.904403699289786,0.0328643435009452,0.0133015620260234,91.0,79,50.0,good,0
127,64.4911780676145,50.94198314243761,1.7798389489221678,0.0299920203557785,0.0203479026628417,434.0,80,16.44816285943825,poor,1
128,55.2170338742852,42.2247888028795,1.7958704396600214,0.0246069416950103,0.0239037466138046,411.0,81,50.0,good,0
130,68.7428764158288,54.7503685252849,2.666280053496146,0.0485682407319658,0.0130616330191632,72.0,82,13.815292609654099,poor,2
131,66.1049010010912,52.1197518231094,3.572632621085458,0.063222154724923,0.009854234010648,73.0,83,15.38722212015362,poor,1
132,61.2233474596717,47.2764366639759,3.801162924255805,0.0657426910299702,0.0133032837412576,89.0,84,50.0,good,0
133,42.6173764175394,34.9047994264601,1.9987109251403568,0.0495485458439218,0.0126798573174779,215.0,85,50.0,good,0
134,36.2849193263793,30.1961748846466,1.38799616417823,0.0300398683624067,0.0048861088840569,227.0,86,50.0,good,0
135,43.5349050179346,35.9956416768345,1.378999872921306,0.0291425073289183,0.0074128006697907,251.0,87,50.0,good,0
136,43.0098073412515,35.6955814817937,1.4478028554251658,0.0330170625835636,0.0124121084407839,242.0,88,50.0,good,0
137,34.3620835129582,28.1837171026096,1.2644285856188928,0.029889830851939,0.0111885583749387,226.0,89,50.0,good,0
138,44.62611649242619,34.7282789682004,0.9637325528978852,0.0185574073385981,0.008361732869153,213.0,90,50.0,good,0
139,43.796864278315,30.949092837255805,0.9275978138679326,0.0212667161568355,0.0073121932636643,251.0,91,50.0,good,0
140,42.24321022411477,34.61380076531629,1.3276830698790112,0.024537299645562,0.0089410905814363,284.0,92,50.0,good,0
141,39.50118723472355,32.7273991796643,1.1710544547131867,0.027714076146851,0.0108599777170748,274.0,93,50.0,good,0
142,41.1293486800823,29.652903895037895,1.378995136557074,0.0324883971155239,0.0100888959903151,253.0,94,50.0,good,0
148,65.694162675622,48.5705539193148,1.466911582260488,0.0198127093029637,0.0271153174685693,566.0,95,15.649669290771357,poor,1
150,66.8301372550921,55.1927413287687,1.4491669782648091,0.02756129878893,0.0012632543309835,778.0,96,14.932389961941052,poor,2
154,51.4803505917315,35.9072265197576,1.859415135946645,0.0294916885854232,0.0024133584127827,192.0,97,50.0,good,0
155,40.1181855274119,23.2600928017213,1.8763120806273583,0.0336976953073491,0.0065855451791123,187.0,98,50.0,good,0
156,37.9880040245965,25.9880040245965,1.745329494723999,0.030775055316729,0.0105575663424824,176.0,99,50.0,good,0
157,56.1222069429642,43.4991603496191,1.1871994778875667,0.01723499080404,0.0058574991833239,595.0,100,50.0,good,0
158,52.55384431597921,43.49736139169951,1.0331805312739823,0.0210290661533347,0.026744730702433,138.0,101,50.0,good,0
159,50.87426684774638,42.63524115808763,1.478569228169831,0.0275913813499513,0.0202221640002028,151.0,102,50.0,good,0
161,60.81643425966753,53.12111304420465,1.1963319237041137,0.0254939869530567,0.0168452242066832,160.0,103,17.251207729468607,poor,1
162,51.906229365200105,43.710683920557074,1.234093044956778,0.0204443734913977,0.0244713288059009,152.0,104,50.0,good,0
163,60.32687650362647,52.574289522448865,1.2522995771689027,0.0234456766580274,0.0228884231710804,168.0,105,50.0,good,0
164,65.0791456780876,47.3374185327262,0.8493809391095695,0.0137522111317059,0.0039077546693283,422.0,106,16.05884427583082,poor,1
171,67.71838889661,57.72278602385286,2.3441455542513787,0.0386521741548747,0.0074591787466047,772.0,107,14.395356409118966,poor,2
172,68.2190291169204,58.16290789713026,2.0746495240254315,0.0328319029944401,0.0101834100067378,725.0,108,14.107865491383432,poor,2
173,54.96560663277637,44.95284866626938,1.5147604381440354,0.0338124351706375,0.0083735929982133,804.0,109,50.0,good,0
178,47.8091747080252,42.89607721330141,1.869435617093966,0.0415010897514842,0.0129803151959375,34.0,110,50.0,good,0
179,48.463110244183,43.3973908127981,1.5823902052288357,0.0348643460167514,0.0076521160899691,33.0,111,50.0,good,0
180,63.11201418712801,51.46458475717699,2.3544913017983897,0.0314091480294389,0.007726201163846,714.0,112,17.25120772946861,poor,1
187,71.3789308005807,62.59351303894839,0.7254075467354026,0.0111482510080104,0.0107771729545004,323.0,113,13.166666666666671,poor,2
203,42.770931608062,30.2099838392786,1.47544897087664,0.0290351313252296,0.0156260267502785,111.0,114,50.0,good,0
204,44.765804701058,32.0340922749612,2.2072409078434547,0.0323054654399329,0.0160296949807346,103.0,115,50.0,good,0
205,44.501575408015,36.9882304150605,1.4594876940362604,0.0272548393184055,0.0211220149491067,114.0,116,50.0,good,0
208,55.3021398643365,42.816389139583194,1.9598740263982075,0.0339624146373079,0.0189927034264742,111.0,117,50.0,good,0
210,61.7719747326798,51.1934655022472,2.129962984010736,0.0363006126806357,0.0079519849139644,391.0,118,50.0,good,0
247,62.06527425379561,49.1425109601775,2.953912833618188,0.0418040734660505,0.0318039047207433,331.0,119,50.0,good,0
249,58.2580040777288,45.4696082509637,1.3210871354752007,0.0185604993690809,0.0147064060476916,792.0,120,50.0,good,0
250,49.0679038204793,38.3303917791423,1.3123151344761204,0.0210861494328079,4.751946967085421e-06,457.0,121,50.0,good,0
251,41.7247898950625,32.2321197791626,1.4310756679090118,0.0337030490247651,0.0097581076242394,127.0,122,50.0,good,0
252,36.7176225254856,26.4687004369422,1.4859113708358218,0.0353097041454648,0.0113840345305696,121.0,123,50.0,good,0
253,53.8233722592389,45.2552624194019,1.855723001501312,0.0333053187035117,0.0087906138509601,84.0,124,50.0,good,0
256,55.7462600157486,46.2309706899095,1.630004432532957,0.0322850856572133,0.0142486979861876,98.0,125,50.0,good,0
257,48.847054471581714,40.67585630735089,2.023771357504332,0.0243808717899066,0.0106325977651685,136.0,126,50.0,good,0
259,52.4981481701656,49.76145071135395,1.8229599107036456,0.0309700075237522,0.0046118492782971,61.0,127,50.0,good,0
262,62.1727227199489,55.1259569150418,1.2509304811139856,0.018846917725938,0.0121765138663609,524.0,128,16.09423460890794,poor,1
263,67.27636164152483,52.78761786766468,2.383500609338267,0.0417002273261296,0.0090627312836208,458.0,129,14.65883688975163,poor,1
279,64.2296952252938,50.8939784535226,1.1535652637857825,0.0239734791104064,0.0162560821295254,113.0,130,16.621210705720177,poor,1
281,66.591197248051,56.44878919745214,1.2630607138410863,0.0261210606859849,0.0113783744732426,137.0,131,15.078731488585062,poor,2
282,66.3054244884861,50.28327064251376,0.7678268196362404,0.0161601984952492,0.0174160568186844,132.0,132,15.257291354421698,poor,1
283,66.64148829557065,50.87671265425704,1.2546376863697906,0.0218919809054085,0.0091422499039363,135.0,133,15.046617678993114,poor,1
285,49.4962955723085,38.2135913917311,2.1051748015573235,0.0390895290631004,0.0086469946139639,60.0,134,50.0,good,0
287,52.5430452180123,44.3537535269306,1.9614602592326091,0.03539017274431,0.0116508861146103,313.0,135,50.0,good,0
293,54.9376097953311,47.876141284150705,1.4693359012743177,0.0216391908555722,0.0051443341649447,2094.0,136,50.0,good,0
298,65.014514238444,58.1441521749477,1.5183174911706228,0.0280310772508859,0.0065624860188558,1905.0,137,14.298923297766054,poor,2
302,52.01863254543869,43.889775426033914,0.4809128242531753,0.0089470427323455,0.006940203395916,243.0,138,50.0,good,0
303,62.1776464612746,48.13437925225729,2.58534389725422,0.0383270501589411,0.0077329178700356,646.0,139,50.0,good,0
304,66.7476017019951,60.8268613494849,2.1306694750330997,0.032016823470182,0.0178660560914724,698.0,140,13.339869281045754,poor,2
306,63.92742402000306,52.389113110649006,0.9150442845894672,0.0151232896144273,0.0003522810985422,1114.0,141,16.8263194807278,poor,1
308,65.08446533877051,53.81098069683673,1.980162819779475,0.0431018243900682,0.0222307635030187,246.0,142,16.05577010807272,poor,2
312,53.46507454657199,40.25578026045197,1.3518086426434943,0.0156109569967959,0.0197626523265186,581.0,143,50.0,good,0
313,58.9680867038474,46.0150461082769,0.4945999054597309,0.010869470320298,0.0166874503877172,926.0,144,50.0,good,0
314,67.3464667390821,56.8661079110172,0.3299848553270981,0.0047166994100538,0.0045088606390263,254.0,145,14.615877248155298,poor,2
315,51.45138418683301,38.0936948809544,0.5346528964514793,0.0200576434650862,0.0001482310878153,1199.0,146,50.0,good,0
316,69.44020041810904,61.07794066742887,0.2051726877761235,0.0036584605685559,0.0022343448842905,365.0,147,13.339869281045754,poor,2
317,58.34576313744704,46.94926370315091,1.609591130853551,0.0220140766627367,0.0080715572933489,728.0,148,50.0,good,0
318,56.14379565824443,49.098449043061535,1.5623488894455453,0.0198849274161349,0.0045712864469718,152.0,149,50.0,good,0
320,64.6948538209855,54.28752687495,0.9265422929184576,0.0174640659694528,0.0107435909512283,299.0,150,16.313460488340862,poor,2
321,68.86319880532812,60.80202495418555,1.5764108400538206,0.0266157834949478,0.0035656548690189,487.0,151,13.339869281045754,poor,2
322,56.324303626108254,41.04151990343582,2.663465798482194,0.0441346479039504,0.0116169261228069,67.0,152,50.0,good,0
323,52.8728268470735,48.9183635853703,1.485483900759902,0.0212773732898879,0.0205924861336671,422.0,153,50.0,good,0
324,63.07491846078094,55.87488783830715,2.3926242856976607,0.0366849931019966,0.0380312223770207,677.0,154,15.62693405446967,poor,2
325,53.065170496285845,38.837273245234215,2.677419739531846,0.0395704486117697,0.0171872345904539,75.0,155,50.0,good,0
326,66.7091100593672,57.689150422041,2.098024775445337,0.0458767592132561,0.0173471486842251,227.0,156,14.55164403151465,poor,2
327,53.75045427398093,40.824558872839056,2.3974360441238822,0.0370589514195757,0.0210230263572906,77.0,157,50.0,good,0
328,67.59360110123582,58.87069674910626,1.948867580610716,0.0295169826280685,0.0188342443845149,186.0,158,13.907300298815592,poor,2
329,60.5253626909984,50.4180665534437,1.0478445100005866,0.0099619851980399,0.0232821296270254,1700.0,159,50.0,good,0
330,56.622931717973195,44.51220032133438,1.263098520733857,0.0274007007702102,0.0193101376009906,111.0,160,50.0,good,0
331,64.6482275249136,50.0706783378708,1.6873551042460808,0.024182398700134,0.0110574202047028,1132.0,161,16.341550132504267,poor,1
332,67.9997458462662,63.1072481276056,3.3318669059837185,0.0549382688350668,0.025777215771689,844.0,162,13.339869281045754,poor,2
333,48.7597200570393,27.9378971788786,2.0114776557288345,0.0296932347449397,0.0162270057991923,516.0,163,50.0,good,0
334,69.34452188381928,64.07715015865111,2.716390633071469,0.0459632811345161,0.0064970980814907,583.0,164,13.339869281045754,poor,2
335,52.4728791755914,46.7517203196044,1.631403259776909,0.0238043059756955,0.0085931825540039,176.0,165,50.0,good,0
350,56.8977287524808,35.4074014107912,1.64604327879977,0.0291742210775386,0.0020168113818477,1146.0,166,50.0,good,0
351,65.6746671057311,56.3700863073749,0.9246638934933838,0.020297303048727,0.0075456299792112,356.0,167,15.325418642128458,poor,2
352,66.0886657028036,56.650651321521,0.6057354456356853,0.0096995008972768,0.0038389555455671,349.0,168,15.157516647014143,poor,2
353,65.6973783668441,56.40335311576679,1.6231190941631748,0.0337835471097006,0.0072825616444362,330.0,169,15.304295801672254,poor,2
354,65.6662834024385,56.5021404031164,1.8831766728892148,0.0325008363350269,0.006964103967518,312.0,170,15.243565404641378,poor,2
355,66.2152062574367,56.8290320107181,1.629236266721517,0.0327739020592618,0.0059262985089521,297.0,171,15.049086927834107,poor,2
356,66.2029033705561,56.934604236267,2.1876444925262275,0.0413025787377999,0.0034392283686903,295.0,172,14.987065373695202,poor,2
357,67.0102157992436,58.22143340257719,3.119059366810335,0.0595240507824804,0.0123269231512083,2342.0,173,14.255558610547764,poor,2
358,44.11846773383439,32.7513329263518,1.8963791569161217,0.0343834598395242,0.0009793725038792,1193.0,174,50.0,good,0
362,0.0,0.0,0.0637729067128429,0.0008775445338042,0.0,1197.0,175,13.882197017114535,poor,1
363,55.2585037729701,42.2354048929542,5.16806914378754,0.0943482788030446,0.0008064795504702,2581.0,176,50.0,good,0
364,60.00513292675542,53.48400394114334,0.6178705747817995,0.0143448339498542,0.0036378870926744,94.0,177,53.85547347749591,good,2
366,65.5807169265938,51.8589498036397,1.818148727736966,0.0301326668555067,0.0579681266451363,514.0,178,15.722986148611339,poor,1
367,45.6823689435705,37.4177743613727,0.7062416990070502,0.0189319526237155,0.0038036008538042,827.0,179,50.0,good,0
368,53.9819683616284,40.7094363749118,2.244706451229709,0.0340623147128094,0.0106777976068965,295.0,180,50.0,good,0
370,64.0109403111416,45.8545138640867,1.2133687390912085,0.0225560462849402,0.0006224796350144,2596.0,181,16.78028537070374,poor,1
371,62.7760697078335,46.4969555474987,2.192669611649302,0.0466172347549115,0.0358472701200496,419.0,182,50.0,good,0
372,76.2451449147501,67.410209271737,0.9555207410613026,0.0127338986820401,0.0026905379095002,877.0,183,13.166666666666671,poor,2
373,69.0748386332823,57.9583413484309,1.811049321583816,0.0254912436049982,0.0079392063126978,589.0,184,13.636727143582625,poor,2
374,60.602090955504,47.7102193531745,0.568985649689953,0.0115960307844726,0.0082216197272056,366.0,185,50.0,good,0
375,40.1687029283285,28.668502942450004,0.5579287945798191,0.00858514054418,3.507043346331811e-07,1134.0,186,50.0,good,0
376,59.751763838943,41.5123084441563,0.8047683927455933,0.0113733562351785,0.0014152656384523,2469.0,187,50.0,good,0
378,45.7324941255645,33.6922941160044,1.0722963297664458,0.0175670755438692,0.0008982216578561,1124.0,188,50.0,good,0
382,44.8857578861507,33.4425222220192,1.2880197137020142,0.023259354476638,0.0004934290221399,1194.0,189,50.0,good,0
383,73.0952728277283,65.5379508321288,0.1751846895040693,0.0041227310742612,0.0005016681241937,838.0,190,13.166666666666671,poor,2
384,50.2214068124013,43.4339302358364,0.9058096097595482,0.0176679100935367,0.0122819817960235,2025.0,191,50.0,good,0
385,49.264839381533,38.0779570385868,0.3741238810232347,0.0053005696579671,0.0036241519066976,1109.0,192,50.0,good,0
386,55.0918143334906,46.31803887603701,0.6707160008308807,0.0128520279874142,0.0008381619832089,1641.0,193,50.0,good,0
388,45.5497000741919,36.879091556995,1.9703498643936723,0.0270151089931063,0.010097752190319,157.0,194,50.0,good,0
389,67.000923434658,56.172153928765894,2.0887097505683783,0.0278674162172299,0.0084880754443063,682.0,195,14.824935754400606,poor,2
390,50.4817249213383,36.3108095597056,0.2446234196099682,0.0020878658408668,5.224162755256829e-05,452.0,196,50.0,good,0
391,56.7459287360725,46.9538345057919,2.2775380332241837,0.0323192722682774,0.0018241014129087,449.0,197,50.0,good,0
392,62.76964561216609,50.5629733706152,1.369364766965969,0.0200515943230253,0.0001158633668087,943.0,198,50.0,good,0
393,53.9085184197933,45.2643491424915,1.735745751839072,0.0269023675193864,0.0134878573032299,323.0,199,50.0,good,0
394,67.344764346738,52.66457608183559,1.6909740859097977,0.022688374436471,0.0301001043683637,538.0,200,14.616907617071009,poor,1
395,63.6587543773857,49.7221657677079,2.467068552354753,0.0405972107541559,0.0541772704727861,466.0,201,17.020535935856056,poor,1
396,66.0995393439159,49.8366257424399,2.0158221981117284,0.0341095804210639,0.0322430835246762,444.0,202,15.390425081459908,poor,1
397,56.61295105705028,47.822548586625174,1.7787986685663009,0.0281366023621255,0.0169414775881945,343.0,203,50.0,good,0
398,53.9201681717399,46.59172319893051,1.0357369880008465,0.015028990025112,0.008192971750897,537.0,204,50.0,good,0
399,54.23391796526231,42.4059227908149,1.91055831387468,0.0253376716539309,0.0149906086918433,556.0,205,50.0,good,0
400,50.67832274430866,44.114833779654546,1.3822271398925607,0.0275694681629771,0.0172915339909482,100.0,206,50.0,good,0
401,63.4414825021603,53.7828719995792,1.3812009705261872,0.0219391596112953,0.0130445064600167,309.0,207,16.962436677412768,poor,2
402,42.1755175322717,24.505376591192302,3.5865529669061953,0.0551666158268244,0.0253810271854968,128.0,208,50.0,good,0
403,70.887927393243,62.1523459957735,2.344037503347512,0.0355370480898266,0.0363814338284919,179.0,209,13.166666666666671,poor,2
404,64.3949715877713,48.9712936333353,1.553282467555749,0.0293383721897041,0.0229549274167241,396.0,210,16.522847163010976,poor,1
405,65.4706144680026,59.20619085390549,0.2606920448259987,0.0035193065531544,0.0004750138143011,1233.0,211,13.732853180532107,poor,2
406,55.4861723175642,43.231007340597,0.1830318706607016,0.0032539596111393,0.0026357017627076,1186.0,212,50.0,good,0
407,50.475934539544994,37.0424531592404,1.860590370723885,0.0316622011780435,0.023625092151124,26.0,213,50.0,good,0
408,48.403698781553,37.8250585713586,0.7322294137503993,0.0101216218248075,5.421491273657446e-06,450.0,214,50.0,good,0
409,52.17227502733999,39.3053623001117,1.2966007960372528,0.0243053689379137,0.0096586838734114,87.0,215,50.0,good,0
410,55.0458988525127,46.07680853146499,2.299237696550296,0.0410575542134287,0.0253112536462391,383.0,216,50.0,good,0
411,69.9782257178286,63.6533134308324,2.58097044332755,0.0419235981176609,0.0118677024347628,44.0,217,13.17712812916294,poor,2
412,57.2900645881336,44.8578143084475,1.7597945891464393,0.0408882336897288,0.0048155618404893,360.0,218,50.0,good,0
414,66.3096655481661,49.1698224170871,1.409374352651204,0.0236195253142158,0.0277380226325434,602.0,219,15.254585523871249,poor,1
415,53.3493631482804,39.5008709216149,0.189518603907719,0.0024049221979144,0.0059096798179222,417.0,220,50.0,good,0
416,60.88464216943271,42.9216493319809,1.952128489807191,0.0411622323946255,0.0248984879412679,396.0,221,50.0,good,0
419,65.770750395192,55.7620859773523,2.515090368745418,0.0493193055601441,0.0100193126542304,348.0,222,15.603180644866223,poor,2
420,58.7936183207878,48.7142843931658,2.3754062780506766,0.0409349892680588,0.0115430077042598,327.0,223,50.0,good,0
421,56.56686876194185,48.13924465959281,1.3119408696295145,0.0236471168868209,0.0174730285230273,298.0,224,50.0,good,0
422,53.3968462412239,45.2522184744015,2.3220921702434323,0.0426143804939814,0.0073648610425859,375.0,225,50.0,good,0
423,56.94061784312315,47.92338133773104,4.510976982739347,0.0854312524351164,0.0361003110852447,151.0,226,50.0,good,0
424,58.15604628691747,50.68047830149908,4.222345621275566,0.0779860293052583,0.0056446867408094,141.0,227,50.0,good,0
425,62.70211835128296,55.160119970837904,4.89458541306871,0.0895782936016001,0.0297447198036748,133.0,228,16.07469218794305,poor,1
426,57.99105367328966,50.26619816861767,4.169132344478886,0.0776240919616641,0.0124372837862342,150.0,229,50.0,good,0
427,58.973822414191794,51.21520040735536,3.942717116183338,0.0763682061669395,0.0213656894673947,132.0,230,50.0,good,0
428,59.43051908364451,51.90558761396804,5.21097339339815,0.0980155991292373,0.0378521299605261,130.0,231,50.0,good,0
429,47.96844410099315,37.78729208913305,1.7810397898297956,0.0336450894902806,0.0082657049420677,21.0,232,50.0,good,0
430,56.0351703673341,48.41037517068139,1.1723570616009995,0.0241958561899719,0.0068432794442644,497.0,233,50.0,good,0
431,46.6097251669309,37.0670065562475,1.5364296665585595,0.0228936842127142,0.0,450.0,234,50.0,good,0
432,54.261862873808994,44.283570503137625,1.9011296866895568,0.0260759874725898,0.0083277005522546,364.0,235,50.0,good,0
433,62.7078450692979,49.3954496509827,1.222172691402285,0.0283440813836716,0.0058774271722301,577.0,236,50.0,good,0
434,63.5929420777333,53.7740620131952,1.1556755049730962,0.0229452730504161,0.0076919017610086,344.0,237,16.97019004248939,poor,2
435,71.7535304198304,62.4496616893023,1.0465043117312134,0.024670067491311,0.0098495728621312,342.0,238,13.166666666666671,poor,2
436,73.3633549782975,63.9716419738658,1.3585912211195863,0.0279464108395859,0.0146371626039841,323.0,239,13.166666666666671,poor,2
437,57.70499472556784,44.518440855412805,1.9182138737008476,0.0331728952718522,0.0070001505901919,385.0,240,50.0,good,0
438,67.1889886299873,58.96714404803839,1.889812296097873,0.0376135292548373,0.0135648327437135,68.0,241,13.856312210599858,poor,2
439,54.6270785121643,46.8978582353974,2.6887614971464675,0.044878639287084,0.0062801416702672,138.0,242,50.0,good,0
440,56.5601364563862,48.889403582202,2.5863097214538566,0.0427406893223459,0.0090134365619861,134.0,243,50.0,good,0
441,68.1588672737035,56.7641790915649,1.112213675725182,0.0245990964354205,0.0030605387745437,570.0,244,14.141235604809003,poor,2
442,66.5525800689024,57.8966366456949,2.053586726218777,0.0364506130531478,0.0086138400444975,361.0,245,14.434910584606367,poor,2
444,56.61799730733672,45.60132145718928,2.630281506859091,0.0421923564297636,0.0222521011103462,70.0,246,50.0,good,0
445,64.6077605390106,56.93925769294991,1.6588652536661328,0.0231265937790911,0.0174905106130624,117.0,247,14.984394783639807,poor,2
446,63.7180706268282,55.7830465708956,1.3174089697153928,0.0207580306553307,0.0159540610881406,116.0,248,15.68147230189402,poor,2
447,58.49507342522486,48.84935279098818,2.5265402419679335,0.0461652057411875,0.0054353494459062,380.0,249,50.0,good,0
448,67.02439822538601,57.22727034140895,2.881490982766804,0.0486483692810454,0.0064468655448823,383.0,250,14.810528640235853,poor,2
449,57.568268727847794,45.11592289511461,1.6638834908249942,0.0307470726020512,0.0119466724073135,86.0,251,50.0,good,0
450,54.1553727822017,41.3167059377287,1.5389766505102236,0.0275277107177818,0.0130600800419652,120.0,252,50.0,good,0
451,53.5707982149621,40.7905228442933,1.7151272629721834,0.0331353667799203,0.0058253345884749,116.0,253,50.0,good,0
452,71.4991578624359,64.28473235319,2.1247073013325135,0.0440193535204125,0.0034917716610401,989.0,254,13.166666666666671,poor,2
453,56.39015132479321,45.3276085546446,2.480092101140504,0.0395557549947516,0.0131949120023829,302.0,255,50.0,good,0
454,48.4213685206581,41.0925102880116,1.6811123232221494,0.0255936494502763,0.0148284155508632,290.0,256,50.0,good,0
455,53.8092241892513,36.2294991387333,1.3815154842746826,0.0186129557441846,0.0130797960209504,237.0,257,50.0,good,0
456,54.2815678836833,40.945834369325894,1.2163898124069723,0.0204121699967295,0.014653044232301,216.0,258,50.0,good,0
457,44.1162224921126,34.3780685551254,1.813216959481289,0.0240753864693622,0.0077285800015502,448.0,259,50.0,good,0
458,46.940073410388,36.3682571995115,1.768795875205292,0.0237820010501401,0.0052228647245469,445.0,260,50.0,good,0
459,65.4367676604158,52.0014258221001,2.325227820294428,0.0409417742510471,0.0115512784407323,443.0,261,15.822491774834496,poor,1
460,66.2406075505225,58.622122187425,1.5342837553812037,0.0189387588009649,0.0009145453196569,1103.0,262,14.038219924701027,poor,2
462,42.69863292355495,32.86945070079983,1.6096881987549514,0.0376688716162113,0.0066905633595225,55.0,263,50.0,good,0
463,53.3722975953397,46.3041716812214,1.330686216233265,0.0259694990399717,0.0089455988109058,476.0,264,50.0,good,0
464,64.98258817278435,53.67325417252645,2.3262141092987503,0.0357059426787072,0.0076927432716878,243.0,265,16.11727481790913,poor,2
465,57.43424871749991,42.9104296259953,0.8385884058435905,0.0177945011754689,0.0040446679284532,523.0,266,50.0,good,0
466,69.32719469600119,59.382291570927435,2.429036692991994,0.0433892410972165,0.0037636643301582,277.0,267,13.504842610692052,poor,2
467,70.61705573486206,60.83478484699405,1.7419666672386962,0.0294820694942226,0.0113454450020107,250.0,268,13.166666666666671,poor,2
468,59.3614860033766,53.769651151322655,1.9772380740816995,0.0397908407242721,0.0093990645042334,248.0,269,16.97413574939721,poor,1
469,60.529169458632026,54.790076464916766,2.088708686754454,0.0344988833332374,0.0148396221283383,229.0,270,16.310114574292257,poor,1
470,67.41688042534213,60.362172615711245,2.4304494615041805,0.042609108507346,0.0120792306916352,81.0,271,13.339869281045754,poor,2
471,38.8911647446576,37.7754531037664,2.1992165589949444,0.0462844447557448,0.0134353084292817,215.0,272,50.0,good,0
472,40.8687756949425,40.3733984952665,2.1907704725690444,0.0490204148958591,0.010654764091859,185.0,273,50.0,good,0
473,56.206994710578144,47.45474644365635,0.4601982261114379,0.0097223753156455,0.006105849671518,283.0,274,50.0,good,0
474,59.1203863437029,48.1426997653782,1.755222945226453,0.0364156307120193,0.0081953422204991,57.0,275,50.0,good,0
475,49.26776006113879,40.8241184960372,1.7965101582673684,0.0249440771303148,0.0048180931765404,671.0,276,50.0,good,0
476,61.01498229369855,58.54284537074004,1.7250648647039977,0.0346622633757423,0.0218998263807786,79.0,277,14.081726297841726,poor,1
477,57.2109982985182,42.5793314730996,1.738147798284736,0.033207822751236,0.0092187688573245,40.0,278,50.0,good,0
478,50.1244545635369,43.4473337316436,1.9424396931801993,0.0382459554462137,0.0168846650259059,211.0,279,50.0,good,0
479,58.8022319446567,48.9187086967752,1.6562205131497116,0.0314092019574152,0.0176371410624531,207.0,280,50.0,good,0
480,58.78843361539293,50.451715835332955,2.031424326415239,0.0418541966962786,0.013981023409487,187.0,281,50.0,good,0
481,68.1426056828425,58.6725626484801,1.7556678877238747,0.0374323648940086,0.0081339374910432,243.0,282,14.0109909199393,poor,2
482,49.1269880645391,42.4877559700255,1.5720397791183711,0.0454881335324069,0.0150882162666615,576.0,283,50.0,good,0
483,52.2918563604977,41.0684681254819,1.2012181984468782,0.0256747398656766,0.0148583639211999,450.0,284,50.0,good,0
484,43.2449979904105,38.2968203505237,1.4092844805163158,0.0310210956188899,0.0072142550188684,455.0,285,50.0,good,0
485,59.51199634054531,48.24984298999739,0.6237042201120442,0.0162249011258485,0.0086762417154479,125.0,286,50.0,good,0
486,50.7698749227979,39.0955284965397,2.074307629796163,0.0409204721442155,0.0082878809300041,111.0,287,50.0,good,0
487,47.96838788010603,45.19339338547232,1.357065620194961,0.0240091185041679,0.0291829249945721,160.0,288,50.0,good,0
488,51.33145333757528,48.43078046065017,1.3302926789157252,0.0241352671057041,0.0273448191255803,83.0,289,50.0,good,0
489,54.75923521448432,48.34788352260766,1.5449066368429658,0.0319819807230548,0.0201880254638732,134.0,290,50.0,good,0
490,66.511433057924,51.5887715301625,1.371515631996015,0.021077570401744,0.0119292111594058,857.0,291,15.131207190453416,poor,1
491,68.5220994892915,54.4933732265884,0.6885983933129143,0.0157013773221345,0.0066026767970131,908.0,292,13.937106837425512,poor,2
492,68.89468844313804,55.75523841324458,2.1201582894274846,0.0366622976047282,0.0204147879172711,945.0,293,13.733484377922842,poor,2
493,65.39036691929356,54.03341655892298,1.9013333873428713,0.0331637074755403,0.0172980958670097,913.0,294,15.850018113197342,poor,2
495,53.99636338066729,41.1145177890965,2.7292454833551827,0.0507132502308684,0.0111842341227265,568.0,295,50.0,good,0
496,60.40770317005809,52.12784343977516,1.8571392815078376,0.0372599191450293,0.0130128103558385,202.0,296,50.0,good,0
497,63.261937520151704,50.2897207126327,3.262018202982369,0.0646602679115561,0.0151361909472288,63.0,297,17.2512077294686,poor,1
498,62.74919441547731,49.8351547965503,3.1095737864385704,0.0622179508457994,0.0148269898973278,66.0,298,50.0,good,0
499,58.50147514971111,45.8895710332568,2.1421113148256983,0.0415071194744702,0.0101198325695574,65.0,299,50.0,good,0
500,57.968791853811,45.0442673186878,1.819830844271851,0.0381045993557904,0.0100537877914577,71.0,300,50.0,good,0
501,58.82580294766612,45.54441497404619,2.42781394953914,0.0471479729533204,0.0003911665569,48.0,301,50.0,good,0
502,48.26601618737737,34.01077071887619,2.0935842472256563,0.04067518294677,0.0003058104078243,48.0,302,50.0,good,0
503,49.34889607636358,39.206719935856235,2.594388658886554,0.0470660406385608,0.0015045841966123,45.0,303,50.0,good,0
504,55.75485392835533,40.770942226686664,1.6049167447622332,0.0259742780909998,0.0095384844526865,368.0,304,50.0,good,0
505,51.9223904345441,40.49500385224,2.1441761935286383,0.0439732153102425,0.0085460642530975,46.0,305,50.0,good,0
506,49.1076926845959,37.9701697499496,1.958707606528532,0.0401526164438475,0.0105930476433963,57.0,306,50.0,good,0
507,51.7491408432134,44.0820097908225,2.0432703720865746,0.0442832144375953,0.0097251256598434,75.0,307,50.0,good,0
508,47.7900832689955,38.0144081749499,1.520202390997009,0.0245921877238133,0.0118635299995706,85.0,308,50.0,good,0
509,46.6096359966738,36.61286697198,1.8019371608671704,0.0280697961431246,0.0141971825000261,93.0,309,50.0,good,0
510,52.3067445611964,42.5915861856691,1.6718017939112448,0.0234394555818719,0.0130837486076526,79.0,310,50.0,good,0
511,53.2559786999762,43.3383196350085,1.5254867094365407,0.0223223934304695,0.0138264502183721,84.0,311,50.0,good,0
512,42.16449078717909,32.8381496414867,1.7206040118132997,0.0251763548983609,0.014242094202693,98.0,312,50.0,good,0
513,45.1049146678603,36.1049146678603,1.861817132557592,0.0287096353007752,0.0067487669409424,89.0,313,50.0,good,0
514,57.32099042922114,48.030023734793886,1.9490659140361843,0.0372642409829288,0.0089133388733705,263.0,314,50.0,good,0
515,61.093298834769186,51.47753826421801,1.90397563151294,0.0380256140240572,0.0058753501866762,253.0,315,50.0,good,0
516,61.59477558250092,51.5294263868668,1.8046038033040497,0.0339869002199232,0.0122317983000178,251.0,316,50.0,good,0
517,54.7526893989271,44.672616743095105,1.6772994458173849,0.0319693991801629,0.0253910343849128,246.0,317,50.0,good,0
518,51.1395695669279,41.1574447836731,1.1971433489443135,0.0196788014647555,0.0065956443612607,302.0,318,50.0,good,0
519,51.5107457271385,41.0730083627276,1.0806482650201346,0.0216665828900179,0.0080620760693208,297.0,319,50.0,good,0
520,52.5202638569995,38.8236403403902,0.941109924267414,0.0238908585767503,0.0097263930725044,307.0,320,50.0,good,0
521,48.2250238352845,36.332433763411,1.6752996876140955,0.0322782851311582,0.0162539288762663,116.0,321,50.0,good,0
522,51.1891148412606,38.9897526827095,0.7129128299725013,0.0219366997344166,0.0096817814307074,120.0,322,50.0,good,0
523,67.66550424370708,61.47941890148435,1.122948066177553,0.0196151811322972,0.0081403677539599,1439.0,323,13.339869281045754,poor,2
525,57.8447194731627,45.332360782233195,2.5384957245788726,0.0398441231585398,0.0213415826440238,220.0,324,50.0,good,0
526,53.6858793665115,41.6079529534925,2.589968166797282,0.038351896427092,0.0346089934680396,646.0,325,50.0,good,0
527,55.05181142275279,47.869857356334705,2.2357902115372243,0.0316220528984325,0.0145214701275756,233.0,326,50.0,good,0
529,41.936538433556265,30.564052670143926,1.8340819061951097,0.0366436019437978,0.0180061391459842,69.0,327,50.0,good,0
530,58.5259786167336,47.7168957144452,2.353983490585163,0.0365518911631334,0.0050139021394954,437.0,328,50.0,good,0
531,63.3105154920065,54.2597963858307,1.796711932426185,0.0344142592930344,0.0228792617412451,168.0,329,16.64385419933369,poor,2
532,62.6759136310455,52.0490414276875,2.4229006005525187,0.0377226466489203,0.0035644089141739,440.0,330,50.0,good,0
533,70.6796152097496,60.0813479003616,1.817195063291909,0.0312214959136002,0.0100562855133654,444.0,331,13.166666666666671,poor,2
534,50.41395505770096,40.978406584180945,1.9535421004554936,0.0328076540946248,0.0156237818777182,137.0,332,50.0,good,0
535,46.136293779714784,37.72395980800936,2.218477455654547,0.0387140445153308,0.0097303084919355,131.0,333,50.0,good,0
536,61.51675049839308,53.94453019615261,2.2418730172698305,0.0395015826460203,0.0054998325946811,159.0,334,16.84495126562042,poor,1
537,50.67819025163675,42.76211146104664,2.029595729465606,0.0349375156019062,0.0076059659936353,143.0,335,50.0,good,0
538,53.0758778142892,41.9878567579365,1.7552506812707451,0.0276702610985061,0.0142740391261084,426.0,336,50.0,good,0
539,59.5739616747567,48.495197219464,1.6132549276534276,0.024764612163653,0.0225377040130637,395.0,337,50.0,good,0
540,67.2556664023505,56.089436223615,1.680568540657381,0.0286971561257351,0.0202678287829201,387.0,338,14.671729260135665,poor,2
541,58.108145989078096,49.46934027558518,1.5118225041182851,0.0296915176379834,0.0067125432320562,531.0,339,50.0,good,0
542,57.74463881340556,48.73850215689753,1.5086499640166644,0.0302071592592114,0.01005764529155,524.0,340,50.0,good,0
543,55.36171864576783,43.752985514311106,2.8987023398160505,0.0589678382774517,0.0072811588493369,513.0,341,50.0,good,0
544,55.7187323249169,37.6854208762897,1.6884190374264827,0.0339424525285812,0.0042986098043238,381.0,342,50.0,good,0
545,52.9798903634238,34.2947111595913,1.7508779733666942,0.0350836469508878,0.0032577257086411,343.0,343,50.0,good,0
546,59.1792052325186,41.9664177094398,2.586267698306514,0.0421428977827805,0.0056754370277082,384.0,344,50.0,good,0
547,59.7746688123851,42.6653417863165,1.706814198752164,0.0295237901412794,0.0020446952411194,362.0,345,50.0,good,0
548,58.2955294656817,46.357948847112894,1.1039637625288454,0.0167161714314507,0.0373943436375728,433.0,346,50.0,good,0
549,55.0650350029965,43.4805515079334,1.4898194747522404,0.0221210855746592,0.0345395581509209,420.0,347,50.0,good,0
550,53.0463401804753,41.6630826705198,1.5544613743574205,0.0243249667436139,0.032951469794359,410.0,348,50.0,good,0
551,51.0063111625745,39.7702248269196,1.3670547161076338,0.0192989230575769,0.0221923986158568,408.0,349,50.0,good,0
552,47.43786767853679,41.986309481127215,1.9515211128756649,0.0339254569087468,0.0041243853850455,49.0,350,50.0,good,0
553,45.78673735331282,38.454111289773145,1.8638281789741535,0.0328374225844016,0.0038545238493067,53.0,351,50.0,good,0
554,45.01397726434152,37.30574108803376,1.933597994246771,0.0333040634914604,0.0066149795421578,62.0,352,50.0,good,0
555,44.3181071001754,36.04160326800553,1.8801569229903028,0.0308942625412555,0.0071132017674034,64.0,353,50.0,good,0
556,53.45602112442192,43.05908082782096,2.019457257672843,0.0367266590177927,0.0129345525327745,283.0,354,50.0,good,0
557,56.71935335833506,46.20242112696295,2.2752611629236443,0.0378684271885247,0.0097569815059393,288.0,355,50.0,good,0
558,44.1531350475975,34.22290256925956,1.7116941217034851,0.0329947647887884,0.009313807411782,192.0,356,50.0,good,0
559,46.47855174476648,37.180854888478045,1.705976495610509,0.0338054547702592,0.0097517621017859,167.0,357,50.0,good,0
560,52.339836809938085,41.58811337486189,2.501149651660071,0.0483515808922328,0.011691196988061,218.0,358,50.0,good,0
561,55.32271888089745,42.78383255580037,2.5872510687725403,0.048175723688741,0.0124218958456424,207.0,359,50.0,good,0
562,53.46740559413145,43.32012390281125,1.5776346967975063,0.032530088227832,0.0125515155783463,120.0,360,50.0,good,0
563,53.6859642432124,44.0601120910706,1.847773340478779,0.029468669542269,0.0238834923343307,570.0,361,50.0,good,0
564,54.566437003831695,45.2461996569837,1.6706183341029042,0.0268979859856659,0.0160859667107548,570.0,362,50.0,good,0
565,56.2119647819253,47.5123552138959,1.7876384951656694,0.0279768518219085,0.0136637817673041,591.0,363,50.0,good,0
566,58.36481390893013,46.01736819969868,1.429813010800158,0.0274024547445113,0.0025062693109017,214.0,364,50.0,good,0
567,56.95679051385455,44.93617837982089,1.537478082679525,0.0299519858769245,0.0026247502562564,217.0,365,50.0,good,0
568,56.25063170138252,45.904350898623534,1.4329857457977009,0.026590191174331,0.0030227162829587,216.0,366,50.0,good,0
569,55.74126438500673,46.07647081070751,1.292955785153839,0.0237907260935468,0.0033537519942881,215.0,367,50.0,good,0
570,56.40506248995856,44.945788163276944,2.210188998667699,0.0408721655318742,0.0079332783774513,215.0,368,50.0,good,0
571,58.75296484963314,49.63782618230174,1.5476854551478625,0.0299224289944847,0.0058611143249753,217.0,369,50.0,good,0
572,58.8957235854475,50.15865366879616,1.4845104528127278,0.0272316837491429,0.005409922311639,218.0,370,50.0,good,0
573,61.1406591190221,52.9135540860816,1.279327953094059,0.027066463051145,0.0057385966238106,86.0,371,50.0,good,0
574,65.2925566319329,56.8756499391592,1.1595112919292858,0.0338032906694388,0.0081316693836555,86.0,372,15.021356504114864,poor,2
575,63.196627766299954,60.69076770201136,1.428179356887455,0.0203903669158653,0.0083248260071728,18.0,373,13.339869281045754,poor,2
576,62.88797579341803,60.367086971069014,1.5762279935184151,0.0231377522058216,0.0048815768260353,18.0,374,13.339869281045754,poor,1
577,55.38685425927436,52.58407663756184,1.515855600683268,0.0217512849135231,0.0062922549808976,21.0,375,50.0,good,0
578,58.85424979533412,55.87233453055394,1.43343871634709,0.0216079714933835,0.004987787376625,20.0,376,15.628408600808903,poor,1
579,62.496367015607355,59.88487635038502,1.3247584342081815,0.0206363345931755,0.0045333733531037,20.0,377,13.39458949298763,poor,1
580,54.81831165897567,46.88972673771695,1.8291298472139843,0.0314938892428894,0.0197568462358756,357.0,378,50.0,good,0
581,53.28163001253295,46.08927980416858,1.872045830271972,0.0326213768471388,0.0160694093884937,322.0,379,50.0,good,0
582,46.033691509327674,38.773739237085806,2.4412411610139393,0.0521331860277663,0.0131656866917003,300.0,380,50.0,good,0
583,42.2290650359598,36.9812267367773,2.50079821528874,0.0536366310050564,0.0064546310419338,300.0,381,50.0,good,0
584,44.8217080575807,37.2457998108725,2.5090475019658465,0.0527000157356541,0.0052662893225401,298.0,382,50.0,good,0
585,48.56967730457936,40.11084475590132,2.4042191069601206,0.0485127719663337,0.0149882933033657,313.0,383,50.0,good,0
586,49.983783692728,41.7502561127366,2.58718186836897,0.0535463376613001,0.0138425707308306,318.0,384,50.0,good,0
587,52.9836545373501,43.8712925568888,2.532746321729229,0.056089704291963,0.0137277702195077,319.0,385,50.0,good,0
588,49.2886690655162,37.6005889892938,2.460235346151737,0.0509094278322263,0.0169879067462911,297.0,386,50.0,good,0
589,47.333215298558,33.3249880274379,2.2229577764829567,0.0479353711184573,0.0179993325733855,297.0,387,50.0,good,0
590,51.1055267926488,36.9838667694978,1.778473628067787,0.0405155634025907,0.0224671691085118,291.0,388,50.0,good,0
591,48.677331013765944,34.96364331406477,2.4139645412127044,0.0523191377166248,0.0099373173747775,302.0,389,50.0,good,0
592,46.7024818086857,32.53260310009,2.249814537004844,0.0498767174718347,0.0100492240949842,305.0,390,50.0,good,0
593,51.55805682734838,40.83785022359461,2.4530749619573817,0.0524618071166812,0.0111363563742847,314.0,391,50.0,good,0
594,55.21268534470644,43.108625143514246,2.4648529521250215,0.0536379178468747,0.0136977417836304,325.0,392,50.0,good,0
595,62.8320270626122,48.87734683416938,2.49607091781442,0.0541512092504339,0.0198921966351943,323.0,393,50.0,good,0
596,60.9192010971658,46.0838463517985,2.6933172351429313,0.0479195264588968,0.018230041297724,309.0,394,50.0,good,0
597,59.20718390729411,44.2692333145273,2.7375740697986504,0.0468167411813097,0.0185070958545514,308.0,395,50.0,good,0
598,59.80695209332771,44.806610269002,2.82755844840898,0.0461055700347948,0.0147347280203488,313.0,396,50.0,good,0
599,66.69617635569122,51.99752645361834,1.0971612568660185,0.0170872990924369,0.0009959601012312,474.0,397,15.012514082746028,poor,1
600,52.15536209875491,47.672525243322006,2.434857301138724,0.0483495341590565,0.0090704320276507,70.0,398,50.0,good,0
601,46.48711265239926,39.49525856337895,2.4027596871090764,0.0473290496876628,0.0092664078299763,72.0,399,50.0,good,0
602,54.113573724153376,48.380188502694274,1.272037134523591,0.0313898460698247,0.008338648072836,84.0,400,50.0,good,0
603,54.14571226116191,48.649777510820584,1.3597389902719657,0.0324956960251423,0.0090178325089509,85.0,401,50.0,good,0
604,55.91262016671472,44.98937585735717,1.7057909995479643,0.0355063770866802,0.0068537078661077,94.0,402,50.0,good,0
605,50.83250197547096,45.675181738304175,1.6957229522182744,0.0353021521816945,0.0036946758334445,84.0,403,50.0,good,0
606,54.3545910552365,42.86289287144109,1.654465765034124,0.0337133877996911,0.00928922954375,98.0,404,50.0,good,0
607,43.82673641467851,34.2349469136997,1.6084004475221805,0.0330148304124821,0.0052009612297173,87.0,405,50.0,good,0
608,67.25645641686141,57.4099670665641,3.8334973699823385,0.0754555169285455,0.0063665558086862,241.0,406,14.671235319252848,poor,2
609,67.0446205767526,57.21018308076096,4.23163837416486,0.0804665960451593,0.0071216995750689,238.0,407,14.79822550575663,poor,2
610,67.6495643959282,56.35187886333843,1.6246495470719584,0.0327400655345939,0.0018896116624412,559.0,408,14.436256441787364,poor,2
611,54.888323594337855,44.764870067749115,1.9997990761687932,0.0450254298545319,0.0157000590358835,82.0,409,50.0,good,0
612,56.6133566701589,45.2733164421598,2.01589604441661,0.0338112988496218,0.0154426033378602,96.0,410,50.0,good,0
613,42.0851321912461,33.9224168177474,1.6630261295690958,0.0340845247631994,0.0063833138856984,43.0,411,50.0,good,0
614,43.4564523102662,35.7250450572632,1.54071669939329,0.0303506996605123,0.0111316677228128,43.0,412,50.0,good,0
615,44.0301600701609,36.7471975003549,1.773404196373942,0.0380225253748741,0.0062053285655097,45.0,413,50.0,good,0
616,69.475223140862,61.9528660362666,1.4669086190889251,0.0298355885329282,0.0053346344628864,79.0,414,13.339869281045754,poor,2
617,68.7643283183089,61.3778456915167,1.4567338505467926,0.0315494550278984,0.0108763241426195,75.0,415,13.339869281045754,poor,2
618,68.5366580037047,61.0859479724554,1.9546697465337477,0.0344469107904157,0.0062028325369641,70.0,416,13.339869281045754,poor,2
619,68.8647042708796,61.4492122126996,1.9656880237734828,0.0377563585972107,0.0095941085033192,68.0,417,13.339869281045754,poor,2
620,76.1827826220839,68.915949221349,1.7744216537756785,0.0448819296349168,0.0039434481940561,71.0,418,13.166666666666671,poor,2
621,76.4531573740476,69.1602376500674,1.7578573932415509,0.042789322648151,0.0059147576670475,61.0,419,13.166666666666671,poor,2
622,74.7237110008292,67.4085276389116,1.4089484727843185,0.0343619455218581,0.0089615598169535,79.0,420,13.166666666666671,poor,2
623,61.9570813183344,56.0837021153513,2.301191395982411,0.0351232178293645,0.0404787567833768,678.0,421,15.497225065047669,poor,1
624,61.4059393272324,55.6061904511096,2.245840053395821,0.0352718322143037,0.0187748628116276,700.0,422,15.795960471573048,poor,1
625,59.94316384062127,51.90494973602695,2.264121064328284,0.0519882379113216,0.0147582650670417,187.0,423,50.0,good,0
633,49.12547003143441,35.545798048366834,1.5778618623260616,0.0322171846518863,0.0137035155086759,276.0,424,50.0,good,0
634,45.61898853705906,34.67524545624628,1.029512789837643,0.0285131870458943,0.0126468965517389,297.0,425,50.0,good,0
635,46.86123163385367,35.60937733131799,1.2139270902608346,0.0236930324534432,0.0100504867111675,301.0,426,50.0,good,0
636,51.407009725226736,40.46259302656871,1.5794139887880394,0.0333792916068961,0.0137431526778421,318.0,427,50.0,good,0
637,53.01855742868994,41.743302781388024,1.2880172487525474,0.0238580068464375,0.0117816234410852,343.0,428,50.0,good,0
638,49.01554553054481,38.20969247275245,1.172377766498693,0.0297645470716509,0.0071827793628784,317.0,429,50.0,good,0
639,50.704270246317606,37.7953161426234,1.033770127534192,0.0261252038301531,0.0128432491200574,219.0,430,50.0,good,0
640,45.3511083434086,33.20770740233,1.1810914259378769,0.029414851414294,0.0119035025536809,198.0,431,50.0,good,0
641,45.5668326702492,31.119801161913195,1.205400159640769,0.0253600168607957,0.0093363152484777,164.0,432,50.0,good,0
646,69.1620626849789,61.489213335934295,1.3470543676511857,0.0255451288414153,0.022796999847765,100.0,433,13.339869281045754,poor,2
647,59.2387117044957,51.5272389687756,0.7745213938188172,0.0149192563223124,0.0192412716477177,117.0,434,50.0,good,0
648,50.90573927212296,35.4644509031298,1.4257221856829247,0.0261643386805351,0.0048547099868962,130.0,435,50.0,good,0
649,45.3960324947534,40.105953530867296,2.4333176296826298,0.047524831066897,0.0183907191512594,284.0,436,50.0,good,0
650,62.16465728136511,49.9480197018772,0.9242877770966684,0.0134489800183214,0.0125920763232737,379.0,437,50.0,good,0
656,60.38839307130709,50.5666492147659,3.5892329614383596,0.0664626154828073,0.0043533377951676,65.0,438,50.0,good,0
658,52.706650938458,44.4640409069293,2.7030843029814147,0.0450758492634223,0.0141116251188982,289.0,439,50.0,good,0
659,45.523718814869994,35.8226353165629,3.4581942665878693,0.0573582097872887,0.0144446578816871,312.0,440,50.0,good,0
660,51.93899059413,44.212020320333906,2.943635099940223,0.0475945506385532,0.0208184247190612,288.0,441,50.0,good,0
661,43.41810200812469,34.2594517942236,2.85827499115814,0.0445708004994264,0.0163525706962905,323.0,442,50.0,good,0
662,52.4292775287143,42.9209714314898,2.0996929408351206,0.0408657198252111,0.0013552944457261,68.0,443,50.0,good,0
664,58.5936998784722,48.6082513524429,1.8420310022878517,0.0391345066259535,0.0049262369701015,69.0,444,50.0,good,0
665,62.85102092245996,49.583765339290494,1.6761091963852193,0.027408075222421,0.0014722363418334,894.0,445,50.0,good,0
666,62.99317055774139,49.0735473712988,1.8100882881437972,0.0294487182871314,0.0012489347539739,883.0,446,50.0,good,0
667,62.87517177815592,49.206664747928755,1.621110620422893,0.0258842280436002,0.0051529618132017,804.0,447,50.0,good,0
668,66.0120203879585,57.3556533164511,1.4688838948897718,0.0246175048385984,0.0153410159068051,1097.0,448,14.742749959447368,poor,2
669,62.056862616561105,46.1230842520969,2.095990720851107,0.0359517871266436,0.0049806648268921,280.0,449,50.0,good,0
670,49.46801583287319,44.9999217756327,1.909924551028444,0.0362762234768076,0.004370482047479,54.0,450,50.0,good,0
671,47.0145778185281,40.302131193203,2.7757329958546193,0.0569649183839358,0.0022375751492052,67.0,451,50.0,good,0
674,48.88772319520831,44.474933110535,1.9248587939686623,0.0388496827365939,0.0041171469539849,52.0,452,50.0,good,0
677,42.64589747763,32.723323122108,2.180502686654673,0.0397127426574491,0.0036597861894514,64.0,453,50.0,good,0
681,40.94692777789483,33.15593883463833,2.24015844947957,0.0460182925027135,0.0036392253878552,62.0,454,50.0,good,0
682,42.1982380921438,32.4092913205427,2.471454731556612,0.0434794776333995,0.0104204996812919,64.0,455,50.0,good,0
683,47.73111168720634,40.529111461982566,1.7205895321013085,0.0363726413800603,0.0062531776102152,58.0,456,50.0,good,0
684,51.791814241687995,45.435660532435335,1.767121571347129,0.0323236061902698,0.0086367693161491,66.0,457,50.0,good,0
685,50.144202295732896,44.18025893919403,1.8510083310891736,0.0375598647053928,0.0027541548973175,60.0,458,50.0,good,0
686,47.8735368926356,42.187024487211,1.8820237684476904,0.0390349832734497,0.004427007734834,52.0,459,50.0,good,0
687,60.24831753050957,48.333710688694424,2.3332280607532856,0.0361195776681495,0.0261190265513475,278.0,460,50.0,good,0
689,64.31107566820721,50.47225356189842,2.0190700817223237,0.0369467021819055,0.0135164058090639,307.0,461,16.569828190120564,poor,1
690,65.39329927451601,51.50123745672411,2.045816922530034,0.0309327739073158,0.0280805474940564,352.0,462,15.848250028937517,poor,1
692,73.5058491417514,65.1891876750394,1.3275705361651258,0.0186016989102109,0.0134992381568941,397.0,463,13.166666666666671,poor,2
697,63.1838621308046,56.1175923772432,1.2437409357575169,0.0248738867379488,0.0158339695260093,148.0,464,15.476190269751143,poor,2
700,58.3466613390857,50.8979085737833,1.6743079187002432,0.0355613695737263,0.0133760326316605,124.0,465,50.0,good,0
701,41.5141927403841,29.262254310286,2.366040464732696,0.0423154905268572,0.0124396651705099,269.0,466,50.0,good,0
702,35.3810823591469,27.4493580358476,2.2463866039576383,0.0407288313081837,0.0159952783670388,274.0,467,50.0,good,0
703,34.8924002614158,27.0368415562173,2.3363712782392567,0.0404147043700423,0.0153324672883526,279.0,468,50.0,good,0
704,36.754951531527,29.0930168675659,2.181196925572602,0.0385261474215355,0.0169195296273608,283.0,469,50.0,good,0
705,41.8732584572314,34.3610129068674,2.2661506947920573,0.0393629826807577,0.0180198352090664,299.0,470,50.0,good,0
706,50.395541283939394,43.3040754892436,2.2962612660990644,0.0416060602172452,0.0174883379055232,322.0,471,50.0,good,0
707,72.92131547026781,66.59801839245957,2.591775017943866,0.0504784963494106,0.0048595215052524,1135.0,472,13.166666666666671,poor,2
708,61.45053680554455,50.34405565773501,1.72728117568645,0.0301319701276229,0.0106263414498651,491.0,473,50.0,good,0
709,56.8926592098323,43.5446783360283,0.7925594333414232,0.0106460890425086,0.017659861026264,569.0,474,50.0,good,0
710,47.79987115100979,39.20804584462398,1.5944267557846077,0.0272754380875227,0.0253179227734625,309.0,475,50.0,good,0
711,48.2747066710976,36.692643990218386,0.9104658997906232,0.0202124303656552,0.0148475745400919,300.0,476,50.0,good,0
712,49.302162493658386,39.32791484120596,0.917859045094412,0.0204369040854362,0.0162752005579179,285.0,477,50.0,good,0
713,49.7577810954467,38.737582931175226,0.9946313337440078,0.0228977228135239,0.0202054386152538,290.0,478,50.0,good,0
714,57.973185091843,47.22566694838059,1.234512328133663,0.0239139539771449,0.0140809132714451,254.0,479,50.0,good,0
715,53.7727582499332,43.3249766469052,1.5125099169410388,0.0280935638310966,0.0077920437409061,250.0,480,50.0,good,0
716,54.58691711270029,44.5531890072693,1.6051028308320097,0.0306957021539741,0.0080256469957372,275.0,481,50.0,good,0
717,49.58951820878751,40.26151907505741,1.7745935939744772,0.0304194408765937,0.0041603880802993,278.0,482,50.0,good,0
718,64.374389756796,53.9917418441296,2.0504170169705023,0.0227021992313802,0.0065476532303432,267.0,483,16.533866429693497,poor,2
719,56.30359169237459,46.3164431172963,1.7482926532613847,0.0217950266297276,0.0060053942192789,269.0,484,50.0,good,0
720,48.23709248625278,38.363331857231834,2.1152506236933513,0.0451457407167256,0.0148226519639546,173.0,485,50.0,good,0
721,55.6896150413164,44.5682759666291,2.857551981511108,0.0408962879839376,0.0074916144809491,139.0,486,50.0,good,0
722,52.9367943651686,42.622784014343594,2.645538441460383,0.0378429305712346,0.0105891960692559,140.0,487,50.0,good,0
723,61.1553775084468,45.1639882947055,3.39594549477274,0.0424194171375927,0.0206819875619802,344.0,488,50.0,good,0
724,63.790374619948125,57.63857940071715,1.9488158157943103,0.0318336167406156,0.0519814173585751,498.0,489,14.579852327891418,poor,2
725,59.716700511648966,53.61085015564279,1.6782382745696636,0.0376022839984355,0.0168772292789864,412.0,490,17.05629538639008,poor,1
726,54.8302218912947,46.491170597801464,1.4916724211903578,0.0304442189865382,0.0134440308203827,34.0,491,50.0,good,0
727,60.17846972954,51.7882836350159,1.5042447771445564,0.0305194537820125,0.0101454115537172,32.0,492,50.0,good,0
728,65.30319326172207,56.466442439393546,1.3996283773059537,0.0276178007250666,0.0122424095596483,33.0,493,15.26517472714804,poor,2
729,66.61823234731442,58.38737395511856,1.7157001332917925,0.0330742148437177,0.0171955423353355,37.0,494,14.164231965772686,poor,2
730,60.9053352939729,49.7774039459287,1.7061725745372938,0.039902624549635,0.0090253675979245,197.0,495,50.0,good,0
731,58.4181615215583,47.2469660448315,1.6499575203509351,0.0370300515982017,0.0093781894338028,185.0,496,50.0,good,0
732,51.04823866107489,40.66571444925741,1.652342872928569,0.0378343829922444,0.0113110651837223,164.0,497,50.0,good,0
736,78.23423563202466,71.58096558035393,0.6941126892600663,0.0097761255414936,0.0025476518175202,1115.0,498,13.166666666666671,poor,2
737,71.774186006124,65.811971847198,0.7597882177192645,0.0158780691907111,0.0078194390865982,1110.0,499,13.166666666666671,poor,2
738,72.08023446232264,66.35504724704859,1.1623628945633315,0.0204875451351169,0.0042068931826368,1103.0,500,13.166666666666671,poor,2
739,58.97418377142546,45.643558905658224,1.5856085385602878,0.0275671399619046,0.0174387484295863,33.0,501,50.0,good,0
740,59.29824785184088,45.80535889869133,1.396747117932686,0.0234175036702677,0.008892560063039,48.0,502,50.0,good,0
741,55.6208265740224,45.65113639544259,2.079422909474069,0.043703030994092,0.0006929085888194,944.0,503,50.0,good,0
742,63.307483213624,53.1171671713608,2.1055376624911246,0.0460381019182111,0.0014341141376419,914.0,504,17.25120772946859,poor,2
743,57.22518478898385,44.02182421190308,1.4944572725732728,0.0256866268101017,0.0096707769067792,28.0,505,50.0,good,0
744,55.85905683894576,42.5575724284174,1.6285786147629422,0.0265716952163019,0.0124681592661027,27.0,506,50.0,good,0
745,57.6627550550493,46.4787585697517,2.3271621726428156,0.0409133397488835,0.0107466587710484,268.0,507,50.0,good,0
746,59.383121942675714,50.07049712503303,1.7094865962960832,0.0313441006717365,0.0062933001104312,246.0,508,50.0,good,0
747,50.24905450616558,41.4804160368763,1.3941482763863078,0.0307170980991938,0.018050659570639,138.0,509,50.0,good,0
748,49.9761425532234,40.659995308223,1.3564159317839255,0.0294730167607353,0.0101788821502064,157.0,510,50.0,good,0
750,57.1216231887506,50.135782114629,1.7581199599126756,0.0377677583785721,0.0039385266186607,130.0,511,50.0,good,0
752,48.489738757185,36.5511404846713,1.6485426446302136,0.0409784399894234,0.0053153813000093,154.0,512,50.0,good,0
753,52.63986329413902,40.762499357971826,1.3486794631644397,0.0362435445649233,0.0118375909022462,164.0,513,50.0,good,0
754,43.89157119964031,36.4414080197393,1.7812593879150942,0.04208955565026,0.0020309397518913,188.0,514,50.0,good,0
755,49.563981957211105,37.37198847295169,1.4887436845810949,0.0372617079416227,0.0042203551273863,189.0,515,50.0,good,0
756,45.054796353797,37.82416780913506,1.4849983057589495,0.0330581867510421,0.0140432256607281,151.0,516,50.0,good,0
757,43.91563929509771,33.750196116849466,1.4317327320391948,0.0336406322993543,0.0033666810556587,159.0,517,50.0,good,0
758,47.586354310453494,37.95812323949201,1.744924740179416,0.0316251951774149,0.0126316649438231,145.0,518,50.0,good,0
759,55.41243070047193,44.53815338216417,2.18019734475373,0.0378320034231222,0.0150130879153695,142.0,519,50.0,good,0
760,52.1420835408272,38.7336429883027,2.045034159453478,0.0349372965513879,0.0034634768152881,88.0,520,50.0,good,0
761,56.20461826637809,42.9852888690815,2.056192980644077,0.0329607471367147,0.0040012553554705,90.0,521,50.0,good,0
762,58.7101893231317,49.9939468291112,1.30127610550251,0.0262273548571692,0.0201650640603775,153.0,522,50.0,good,0
763,65.9342805026135,57.6303853092099,1.4254459606263683,0.0310412369127358,0.0104998408081746,138.0,523,14.584468422522836,poor,2
765,49.314541906162,37.6121820710032,1.16564586389378,0.0276236370185084,0.0123245730570444,116.0,524,50.0,good,0
767,68.4105472981498,59.3821749644969,1.324470836950245,0.027326412793603,0.0195772190896647,131.0,525,13.643029910527655,poor,2
768,50.0615043002749,41.8004235172463,2.3296165937532645,0.0395381292186654,0.0163367850791368,194.0,526,50.0,good,0
769,57.09287767115073,45.84776174911153,2.4227219637898636,0.0428384013833757,0.0136694891094363,193.0,527,50.0,good,0
770,62.239248122736,51.0060288190362,1.5934985045262922,0.0303739378057137,0.0085823262976223,304.0,528,50.0,good,0
771,51.9554054707163,43.0352924875806,1.622935679822665,0.0301078291254402,0.0054120729443691,302.0,529,50.0,good,0
772,47.9870545557401,36.9550179645274,1.6896765885310348,0.0311352755347554,0.0077311228338602,302.0,530,50.0,good,0
773,66.1437156899108,54.43395856160967,1.216002361763599,0.0260436856632001,0.0139782989793373,309.0,531,15.364317922813216,poor,2
774,65.28854381184185,57.960511190537886,1.176521447520049,0.0311734890574538,0.0121669269045738,180.0,532,14.39882887924212,poor,2
776,67.1950437003149,65.0460531660478,1.9270096288916303,0.0316756113507417,0.006105611115491,191.0,533,13.339869281045754,poor,2
778,51.13483069206894,39.56339189995301,1.197432914807237,0.0354709871276013,0.0068308919750387,806.0,534,50.0,good,0
785,50.03056507404956,38.33968092809462,1.038776083919318,0.0309434851134122,0.0083509025214629,816.0,535,50.0,good,0
786,48.40820562687143,37.259269330974824,1.5111936332537894,0.0310926726059029,0.0045172510068306,807.0,536,50.0,good,0
787,46.72879912667202,35.4575377049954,1.8555316184477568,0.0398038192382958,0.0077627754278014,800.0,537,50.0,good,0
788,43.9601140807038,31.64113598087047,3.093343602989488,0.0690527048311195,0.0101236838557423,796.0,538,50.0,good,0
789,38.5725311509474,27.9219716694141,1.405677693983498,0.0322331450991995,0.0251501024984814,247.0,539,50.0,good,0
790,47.6936292988316,33.3130117601938,1.3859268228970314,0.0305174947525056,0.0256207616954364,241.0,540,50.0,good,0
791,49.69956468660919,35.5414878441119,1.7634206146010678,0.0369578602565253,0.0217110899673812,241.0,541,50.0,good,0
792,51.0363617027344,36.7563470307563,1.5419982649354191,0.036761485981615,0.0205885395037097,230.0,542,50.0,good,0
793,57.4645385729841,43.1784714812953,1.26146617922367,0.0345215732188778,0.0227609352253393,206.0,543,50.0,good,0
794,70.74962444533458,68.71362953208788,1.5680197326749308,0.0274714688768634,0.0048408610328801,462.0,544,13.166666666666671,poor,2
795,62.39143692337554,54.69020021644774,1.7872642503025635,0.028524678339701,0.0002999646306864,1891.0,545,16.368504510106657,poor,1
796,65.8304807954351,59.7822485389376,1.886541556709999,0.0393112579087245,0.0073576656393506,1678.0,546,13.444372264209393,poor,2
797,65.7160528913706,59.6860448123173,1.874509997240204,0.0380267839269975,0.0130213822155152,1719.0,547,13.491922174177658,poor,2
798,71.12983532031373,69.15326232952272,1.1896627130100763,0.0219578086197256,0.000741074486759,435.0,548,13.166666666666671,poor,2
799,72.41675690667775,69.32421131021691,1.738530792372303,0.0326933022139877,0.0012723978277594,424.0,549,13.166666666666671,poor,2
800,72.55791291751191,69.47185283979556,1.4066114864130257,0.0298217682096706,0.0029769679806978,413.0,550,13.166666666666671,poor,2
803,70.07126913900775,64.5365714914335,1.30919938176356,0.0232316460858162,0.0010721798733872,442.0,551,13.166666666666671,poor,2
806,51.1515783459768,41.37592856532321,1.3111240277071607,0.0286052551488045,0.0240995472317914,268.0,552,50.0,good,0
807,57.6257021347218,45.4155762501966,0.5536272485276147,0.007442946517434,0.0010296876483283,377.0,553,50.0,good,0
808,52.5344034207501,44.4358891181769,1.9855087399321143,0.0363475136185075,0.0129251819987952,160.0,554,50.0,good,0
809,51.13575721855079,44.140939414007,1.818840929575129,0.0353118531708949,0.0088626264088756,152.0,555,50.0,good,0
810,51.02738984877399,44.2702231773038,1.465148153421829,0.0282414898276495,0.0075639490682563,149.0,556,50.0,good,0
811,57.0545075081995,49.255451672813905,2.240116563378309,0.0341667436699979,0.0024738139297922,126.0,557,50.0,good,0
812,58.323780719849,50.4414217338714,1.7701064899910688,0.0366252734615176,0.0071534903513317,140.0,558,50.0,good,0
813,57.7456688864638,50.42431772128269,1.8776257988751748,0.0355332606527957,0.0033531371946694,129.0,559,50.0,good,0
814,57.4548712089058,50.1285558796437,1.704209175963835,0.0376723949072181,0.0046271800440594,136.0,560,50.0,good,0
815,55.46529143288049,48.3262951939189,1.2092761176699265,0.0291679207248318,0.0046380862780322,142.0,561,50.0,good,0
816,52.9630294853792,45.9046824250908,1.884275504037384,0.0285243274230765,0.0070409544100769,144.0,562,50.0,good,0
817,55.57397141654549,48.4772830839655,2.094712743368139,0.0382101982140963,0.0111657069103294,135.0,563,50.0,good,0
818,55.76549902450489,48.7357414847137,1.317936086022964,0.0283705898248669,0.0168010117665107,139.0,564,50.0,good,0
819,58.8954542311989,47.6022363932388,1.0207508513322834,0.0204230598461654,0.006463043311509,826.0,565,50.0,good,0
820,58.4763865966923,47.7395187821931,0.98668060998361,0.0264329917315581,0.0025467766030364,820.0,566,50.0,good,0
821,43.84969202900861,33.8809360124938,1.6724491437834192,0.0345233891278081,0.0102231468253042,819.0,567,50.0,good,0
822,69.7994259354921,59.8621053029327,1.5787040300091777,0.0264613044957611,0.0016554442476885,735.0,568,13.264586260627244,poor,2
823,67.2052884546425,57.7151976365904,1.8039558192926457,0.0305941383241383,0.0010372838453114,699.0,569,14.537300775152339,poor,2
824,63.5999496759257,54.0416605350722,1.7053001631428355,0.0299666326578003,0.0013797643048685,694.0,570,16.791344336621446,poor,2
825,75.6759003597368,66.5000518597584,1.4262987024033469,0.0276135710817912,0.0026560474229808,795.0,571,13.166666666666671,poor,2
826,47.40082006898581,37.8887902370083,2.14897320484274,0.0341561947882795,0.011187156159841,297.0,572,50.0,good,0
827,44.8167953264284,32.9166479879309,1.582785267927161,0.0236098480925504,0.013594246676576,297.0,573,50.0,good,0
828,56.20001473755814,51.621582776709786,2.0017196873405703,0.026701819599515,0.003956537907951,302.0,574,50.0,good,0
829,51.0520455272842,41.5627478425959,2.0368896549606257,0.0346447695813291,0.0067003006093617,322.0,575,50.0,good,0
830,65.5790118444342,54.91761204798908,2.20484520552087,0.0421288596262888,0.0128648722041446,409.0,576,15.724131324091369,poor,2
831,55.2926093827721,40.6687312357606,0.47807826378183,0.0117176414307623,0.0061061252645551,406.0,577,50.0,good,0
833,47.71053292785254,39.114460153405005,1.552511020416363,0.0361753464531481,0.0082029116064622,330.0,578,50.0,good,0
834,52.66338466094681,43.02152040630385,2.1971671057465945,0.0433463183722358,0.0062721282358562,353.0,579,50.0,good,0
835,54.5448987155713,43.1121344446009,1.6788055242878177,0.0202398989508084,0.0035988070021247,556.0,580,50.0,good,0
836,48.97786895266593,43.257824346981664,2.627335850491208,0.0372903087892088,0.0084810364792412,248.0,581,50.0,good,0
837,48.291094373729265,42.58317828805052,2.8918517435584437,0.0439344204557449,0.0090392106406882,260.0,582,50.0,good,0
838,65.28985562411572,49.83531676721132,1.7276924517577732,0.0247419848191293,0.0148671617999931,529.0,583,15.913082748174801,poor,1
839,47.868297239878856,45.503164455862034,1.5482953878445205,0.033181972734107,0.0231091169817186,262.0,584,50.0,good,0
840,50.17452338094451,48.16386550197946,2.4613441539770484,0.0474186583294036,0.0151510016890596,260.0,585,50.0,good,0
841,46.20454653414548,31.02256222427807,1.788029201537679,0.0314660651509339,0.0007962621326888,73.0,586,50.0,good,0
842,56.5615931250694,45.0357546712022,1.494452892106768,0.0268870690803727,0.0011880473662863,74.0,587,50.0,good,0
843,49.84247965540801,37.32998560558898,1.581779192685688,0.0308821915327726,0.0013570185661212,73.0,588,50.0,good,0
844,58.7362149029736,47.33449617723609,1.6535173782947503,0.0330334173205573,0.0019255458432633,74.0,589,50.0,good,0
845,53.64308718737003,44.35048205157807,1.5801441746013587,0.0292572709183254,0.0068795474239496,145.0,590,50.0,good,0
846,55.716870813485286,43.5704168418423,1.1047784308995976,0.025891789941388,0.0033693729653614,121.0,591,50.0,good,0
847,57.193351654473744,48.903800318691594,0.3591731031857351,0.0069218540225408,0.0156709456714827,60.0,592,60.0,good,1
850,66.8022502703159,56.82459617819758,0.7633414308182692,0.0158532679141149,0.0079339223780707,64.0,593,21.804290989919846,poor,3
854,68.9162223307685,58.92112411826442,0.5721680953846304,0.0124101393471596,0.0134277732429221,61.0,594,13.722117181670722,poor,2
859,55.925087071447585,45.86740407911897,0.4178175800543482,0.0082629812435326,0.0122436929290455,60.0,595,59.99999999999999,good,1
861,60.2554404564511,54.68585740862801,0.695133388074068,0.0140594368524926,0.0096672289528375,50.0,596,44.25307605075208,fair,2
870,60.951066425977906,51.757314948739584,0.3718389417494526,0.0061136406873751,0.0126107579095954,47.0,597,60.0,good,1
873,60.43247582468969,54.745579908319435,0.51833383635749,0.0110891199074157,0.01458362954961,41.0,598,39.15849656568811,fair,2
886,67.47540423839594,57.74543935485872,0.6602629348324408,0.0138156025522464,0.007411317331176,40.0,599,17.508582502473804,poor,3
891,58.20296997240512,49.59055299995285,0.4125633800035228,0.0099690540845565,0.0121216620465075,53.0,600,60.000000000000014,good,1
894,60.91042168236835,53.052071348756726,0.6442947335998828,0.0139085267125103,0.0127006978028448,43.0,601,59.03051789291245,good,1
899,70.0381118619635,60.423871365586336,2.0792819352433467,0.0489109747795414,0.0187410179977219,35.0,602,13.166666666666671,poor,2
900,64.10766563138029,55.47197810967361,2.0392401471659505,0.0484030304564562,0.0255745084653006,40.0,603,15.875771246086595,poor,2
903,67.92401984397988,52.02809427100139,2.190460508938614,0.0399812829061123,0.0059110230812392,250.0,604,14.277220384727165,poor,1
904,68.55335988300006,52.42109479459452,2.213613594080583,0.0487423475177244,0.0039511279377428,270.0,605,13.920132617208846,poor,1
905,67.4647759189297,52.0329478396139,2.7310543311960576,0.0540322496670192,0.0176342745006684,290.0,606,14.545784358437734,poor,1
906,65.8330674118956,50.6875217992706,2.667935185965461,0.0558631701964044,0.0157941745781203,306.0,607,15.56268969941529,poor,1
907,66.4174552002492,52.4978544003713,2.315261270504517,0.0489284076913311,0.0196572990979019,308.0,608,15.187724200904434,poor,1
908,66.30464426162219,51.674661975751015,2.077181116857223,0.0466277316150809,0.01843680247782,304.0,609,15.257789782771399,poor,1
909,66.54073251672948,52.9634366731539,1.9515451932220775,0.0430184593696646,0.0175350565187951,298.0,610,15.111706665836424,poor,1
910,66.86397484617689,55.07437277944752,2.464392111314604,0.0547165926103865,0.0176914874169666,314.0,611,14.911766644886201,poor,2
911,68.8738533789614,60.87833334344683,1.9818203067701927,0.0437850908240219,0.0145663456548813,321.0,612,13.339869281045754,poor,2
912,48.8663083334546,36.8469956290923,2.1318751772867213,0.039491276381973,0.0032446331882982,143.0,613,50.0,good,0
913,44.404627059284,34.2221509497639,1.907318010317655,0.0444300346666749,0.0066965917490369,128.0,614,50.0,good,0
914,41.8247514637914,32.2035692323509,1.940289786820453,0.043596245180573,0.0082343548774207,123.0,615,50.0,good,0
915,50.6866528984728,39.859642797127066,1.9354062497610909,0.0375149618333049,0.0042053880713735,136.0,616,50.0,good,0
916,43.9134322333545,30.9310409587638,1.890737316521638,0.0424929627385897,0.0015681775092658,122.0,617,50.0,good,0
917,43.38122646001031,30.702927950768803,1.6826482062012316,0.0404690105064439,0.004279831697456,114.0,618,50.0,good,0
918,52.49976174010069,42.08047607089631,2.171023902013515,0.0412777769486556,0.0049835549396772,128.0,619,50.0,good,0
919,47.646748922113645,36.18516040870981,1.8843471258639903,0.0449033909678689,0.0064827259339915,111.0,620,50.0,good,0
920,47.63794737840535,35.87135917341853,1.9374654075425752,0.046011004947377,0.006464262143023,102.0,621,50.0,good,0
921,53.217178487578224,42.233263261315614,1.0721629078805084,0.0293975618945587,0.0057572805703549,112.0,622,50.0,good,0
922,48.15521027241762,39.01704302347185,1.1667321694197126,0.0298845782889206,0.007298885252053,106.0,623,50.0,good,0
923,46.51933427997591,38.18831508766905,1.3042300776575113,0.02572658407841,0.0077054768773247,109.0,624,50.0,good,0
924,46.7567919488965,36.88065893104,1.457164534666149,0.0275294396791108,0.0150485954556764,106.0,625,50.0,good,0
925,47.87274612763569,37.1317996215223,1.4938231608865191,0.0280240105965618,0.0151355655459868,103.0,626,50.0,good,0
926,48.822102434564336,38.272772848375574,1.4882510681887442,0.0276533826817018,0.0136033543776778,99.0,627,50.0,good,0
927,55.32476784400349,42.79945531891727,1.2688412720474864,0.026976298962079,0.0052487271528558,91.0,628,50.0,good,0
928,51.2555894612006,37.8558909762171,1.3527685872997377,0.0324392986066825,0.0148795865773776,268.0,629,50.0,good,0
929,51.1448489939281,37.5348389903922,1.2861320076348113,0.0311347922071068,0.0154520262468625,267.0,630,50.0,good,0
930,45.8832323251258,32.1985020979476,1.8943057085690755,0.0341379586603597,0.0146940071936279,251.0,631,50.0,good,0
931,43.948472896502,30.2010953302851,1.8513041624408395,0.0351402434478513,0.0063369562557275,243.0,632,50.0,good,0
932,51.0627846708756,37.6621396553924,1.6775164546722852,0.0340355642714187,0.0161235325411502,247.0,633,50.0,good,0
933,50.0227869772597,36.3331753391428,1.9256805088646212,0.0329912483471814,0.0168382329415663,236.0,634,50.0,good,0
934,43.5089648057128,29.5156945418236,1.7128622423450768,0.0330088678084326,0.0130897694221108,226.0,635,50.0,good,0
935,47.3853251611621,34.0262241235007,1.5531813903237204,0.0274162899705928,0.0243735377191126,228.0,636,50.0,good,0
936,49.2691897248245,35.4603371012683,1.3005551884517983,0.0313269449094919,0.0179329701688161,237.0,637,50.0,good,0
937,45.773115806359,32.7674457089065,1.2964111939940843,0.0303598405902242,0.0135835396454606,236.0,638,50.0,good,0
938,55.6262053200515,44.6596090911861,1.5252378378093456,0.0230173316371191,0.0059074729826287,785.0,639,50.0,good,0
939,52.5457879496397,42.443219433757505,1.7394298588056514,0.0298047581932201,0.0112491840322542,383.0,640,50.0,good,0
940,71.6463169130475,64.1620061443763,2.0616393461061033,0.0308454419919813,0.0090029575174572,1013.0,641,13.166666666666671,poor,2
941,72.5531430983877,64.9571767936203,1.985106741015304,0.0283144673057873,0.0126569845446271,976.0,642,13.166666666666671,poor,2
942,67.8376438842745,58.969553738855,1.6742666128314574,0.0273687440970022,0.0027723135402708,1026.0,643,13.855033755932881,poor,2
943,68.4468240268598,59.718109233585,1.7301120822459315,0.0270078855972018,0.001420003453776,996.0,644,13.475977452333971,poor,2
944,69.1802474606503,60.763920531136,1.543681976910217,0.025093756358947,0.0008386647391118,981.0,645,13.339869281045754,poor,2
945,71.9762997138183,64.3567049479206,0.8892890191515584,0.0149497800479998,0.0024474484151863,1038.0,646,13.166666666666671,poor,2
946,62.5992284271299,54.9200854964582,0.6754153283545486,0.0101377893016099,0.0004204111015438,1049.0,647,16.225413461972266,poor,1
947,51.481492601699784,44.100288472069586,2.3129857206537388,0.0342427935341501,0.014115719344538,240.0,648,50.0,good,0
950,52.41234779687444,44.327881184375855,2.3032239723633423,0.0349659018871531,0.0112715511787565,250.0,649,50.0,good,0
951,57.97309952510077,50.45291632983932,1.569119024685781,0.0317426445875072,0.0035273111287577,21.0,650,50.0,good,0
952,60.184528241829895,53.18538775759467,1.513402421137042,0.0314665635541456,0.0035803546197874,22.0,651,17.251207729468614,poor,1
953,52.306481788372125,45.23699849643162,1.603691307636428,0.0301375740334748,0.0049411424839863,27.0,652,50.0,good,0
954,51.00326961800836,44.00409930488262,1.3638596469519126,0.0257270657788918,0.0040972237906195,26.0,653,50.0,good,0
955,57.17066471653069,50.171166055121795,1.8979879753024975,0.0338676250150598,0.0034512826679102,26.0,654,50.0,good,0
956,63.30211371910256,56.29901789338051,2.564861599106597,0.0507582007320229,0.0061606229062008,31.0,655,15.3699655225617,poor,2
957,70.9046260203999,63.90481484229242,2.0716969266986203,0.039618550801416,0.0054300707116847,36.0,656,13.166666666666671,poor,2
958,72.5761830623656,65.5762495159436,3.1669225395542013,0.0650973205902004,0.0035550798770256,26.0,657,13.166666666666671,poor,2
959,71.0998843374068,64.1000206648989,2.910062319356568,0.055931449326438,0.002495330327458,25.0,658,13.166666666666671,poor,2
960,71.1421421362701,64.1422451332619,2.55468837649029,0.0487042534889641,0.0020659111910064,24.0,659,13.166666666666671,poor,2
961,71.236882765718,64.2345921489389,3.1067825069852213,0.0584693838480001,0.0024718545259026,25.0,660,13.166666666666671,poor,2
962,70.0151149825334,63.0152588636064,2.676427030110554,0.047890877874182,0.0022063626820962,24.0,661,13.166666666666671,poor,2
963,70.8550604704714,63.8385604730891,2.6226723264970353,0.0541241780611661,0.0028130028751204,24.0,662,13.166666666666671,poor,2
964,69.2348554376269,62.235008555607706,2.564459616537507,0.0460692086029138,0.0020046932848356,19.0,663,13.339869281045754,poor,2
965,69.28872801129414,62.288916114478766,3.0862653928238224,0.0596609801952606,0.0024129281988027,20.0,664,13.339869281045754,poor,2
966,69.55979407970003,62.55995041318095,2.898838445023299,0.0519555786976206,0.0023048721553969,20.0,665,13.339869281045754,poor,2
967,69.80249796277488,62.798672392647475,3.2340360426878907,0.0598331183284767,0.0025881812175258,20.0,666,13.263059804732482,poor,2
968,69.0331004630319,62.0332340860671,2.8013854803243574,0.0491505639701907,0.0025310807335482,20.0,667,13.339869281045754,poor,2
969,70.02943023458663,63.00016117990103,3.221839541697713,0.0592015419444387,0.0023393559896028,19.0,668,13.166666666666671,poor,2
970,69.90301491750321,62.86921875317648,3.1855974326116105,0.0589818859256155,0.0027690186598833,18.0,669,13.213576281517804,poor,2
971,69.33837992217354,62.31693603274359,2.9238572016321966,0.0507838392488096,0.0024247285468094,19.0,670,13.339869281045754,poor,2
972,69.36515620103148,62.314389287734045,3.251757740988476,0.0590121443585561,0.0026428948721268,18.0,671,13.339869281045754,poor,2
973,68.53741625936182,61.482902899215446,1.4587003061296762,0.0256729704431908,0.0016420876267454,18.0,672,13.339869281045754,poor,2
974,68.60866813401432,61.56921090540514,3.073445942468524,0.056544170394008,0.0029135005536373,18.0,673,13.339869281045754,poor,2
975,69.25362625589264,62.185243212548755,2.440087089523423,0.0460867417977408,0.0024394128068292,18.0,674,13.339869281045754,poor,2
976,68.30673845753181,61.217441894361066,3.404473970571462,0.0598834124722584,0.0072351186553572,17.0,675,13.339869281045754,poor,2
994,47.904311660636,38.2428932712942,1.383270022832654,0.0265116413502453,0.0071344700944885,93.0,676,50.0,good,0
995,37.4868359806132,27.6840307089229,1.8658173405529788,0.0320524579889458,0.0042394487416624,92.0,677,50.0,good,0
996,37.5971161237331,26.0097856363912,2.5129568425267164,0.0413665118815428,0.0100565579756587,90.0,678,50.0,good,0
997,37.7544222293301,26.097139294366,2.482493778569274,0.041964369405001,0.0049358855062371,84.0,679,50.0,good,0
998,34.2861691249943,25.9630798644902,1.765305225928331,0.0319530239048438,0.0028613065103846,90.0,680,50.0,good,0
999,37.9400568948204,26.3219356512634,1.9403262886373227,0.0328314605872649,0.002598894973232,83.0,681,50.0,good,0
1000,54.5760505915628,43.822853926857505,0.980943170799346,0.0116511885196575,0.012769417851767,274.0,682,50.0,good,0
1001,58.241969932547505,47.53318608248969,0.9808364241389388,0.0167566096409144,0.0162856323542159,268.0,683,50.0,good,0
1002,64.0825363783219,53.36905730704,0.4573494045478927,0.0123880865280497,0.0196217667723028,256.0,684,16.732602429682363,poor,2
1004,57.0497894201732,46.2977171182612,0.2678635718956163,0.0056478415126591,0.0146515074678411,251.0,685,50.0,good,0
1005,62.9862374166804,52.2712428349129,0.4268804101046301,0.0055913033158128,0.0175784489328321,249.0,686,50.0,good,0
1006,68.30593581088434,60.56696487299319,1.4851172961159456,0.0285737289105573,0.0106068526393642,150.0,687,13.339869281045754,poor,2
1007,72.96268111140262,65.62442580272491,1.7131677958471376,0.0337600802874359,0.0138631668186294,136.0,688,13.166666666666671,poor,2
1008,73.54133180437188,66.30751328615287,1.732231082599143,0.0348696273590798,0.0144679479415199,109.0,689,13.166666666666671,poor,2
1009,39.07876315706449,35.9260998351531,2.5941137183718235,0.0399634949444149,0.0043586516042912,15.0,690,50.0,good,0
1010,37.350893499762144,32.917486655463165,2.253015009677014,0.0361257568045,0.0020106269041016,17.0,691,50.0,good,0
1011,42.99274198255784,34.19680413842437,2.3161175538677616,0.0369179264345731,0.0043449907206076,17.0,692,50.0,good,0
1012,47.854629060507776,44.805181227225255,1.815274218464248,0.0395105905146952,0.0022305334827458,17.0,693,50.0,good,0
1013,47.91331359005889,44.9051750315661,2.115185551959898,0.0419989757985994,0.0018215637780229,17.0,694,50.0,good,0
1014,43.06375949932104,35.15183163054766,1.727119843655576,0.0385673916710166,0.0019897355115502,16.0,695,50.0,good,0
1015,44.63667753298169,37.239456452341,1.6625457281885887,0.0366534785996034,0.0012125107483681,16.0,696,50.0,good,0
1016,48.111461536570054,44.390664589355715,2.04552680725458,0.0420984372581937,0.0021373960639608,15.0,697,50.0,good,0
1017,46.65920199154041,43.61716932772504,1.4617954163013551,0.0306197918149405,0.0028831761569793,14.0,698,50.0,good,0
1020,58.124897237866875,48.38601017558419,1.4370555749895508,0.0224334299072109,0.0585460940921268,210.0,699,50.0,good,0
1021,57.88432547020154,46.60829013823074,2.8458250890029,0.0394832078298289,0.0281286124759877,195.0,700,50.0,good,0
1022,57.051677892326154,45.6983323865039,3.009429835080103,0.0439495473579387,0.0259986373221167,195.0,701,50.0,good,0
1023,54.0478905878244,45.8789443375288,2.0848424445891163,0.038222949068457,0.0072742710335398,114.0,702,50.0,good,0
1024,43.48484347505,34.5180033217021,2.3973500760538062,0.0383344578650951,0.0103673236530638,97.0,703,50.0,good,0
1025,53.3106705471537,45.5611875513013,1.7541266787968062,0.0366936618393579,0.0111468048459152,94.0,704,50.0,good,0
1030,76.20738697613933,68.13880940862015,1.343379227755583,0.0278678564942546,0.0026211790246796,29.0,705,13.166666666666671,poor,2
1031,63.88878959536691,55.5859128155608,1.8236800999035432,0.0307163482229068,0.0059234324359659,29.0,706,15.809961168303195,poor,2
1032,62.638348836478485,54.543391647318174,1.7089690964632855,0.0289549864956802,0.0066718050844661,31.0,707,16.467054518467144,poor,1
1033,75.4428963578546,67.4177367249514,1.6396546448381033,0.0333067961844219,0.002818049085077,55.0,708,13.166666666666671,poor,2
1034,75.80717455508807,67.72393369251228,1.5732165230311206,0.0303426624516832,0.002549670426796,52.0,709,13.166666666666671,poor,2
1038,61.32841752858412,48.844110375457674,1.6410521046573348,0.0268406752813471,0.0082409448199026,179.0,710,50.0,good,0
1044,60.7382199791369,47.3311187539577,1.4822096519248005,0.022984599369106,0.0201051349376489,187.0,711,50.0,good,0
1048,61.9769896874829,52.5967544495255,2.1050421819659952,0.0463161214930424,0.0283315886482371,76.0,712,50.0,good,0
1049,61.4474074853036,52.1508361944349,2.0968004203268427,0.0476574022106538,0.027924506008372,75.0,713,50.0,good,0
1050,60.56289397525751,51.4282572031891,1.8416413515704533,0.0448751503279666,0.0270599289350298,75.0,714,50.0,good,0
1051,62.2066218539888,51.141740446693106,2.386501569442429,0.0593089607931339,0.0087633370600433,79.0,715,50.0,good,0
1052,60.558868012108306,51.3272914666469,1.7055514558012173,0.0345497079426855,0.0169747999605229,77.0,716,50.0,good,0
1054,63.635101513928504,54.58114808763091,0.2219379715334352,0.0039383959937189,0.0002550717939035,314.0,717,16.440085285785713,poor,2
1055,68.9240748967623,59.1017905008274,2.176894652596584,0.0483806443464817,0.0006569470814165,303.0,718,13.717986345893438,poor,2
1056,58.2732085738298,49.2997160248634,2.3594205902667857,0.0428824487784622,0.0001359377828118,296.0,719,50.0,good,0
1058,47.3113544508284,33.4552257415302,2.246903499753016,0.0392326747869058,0.0264221548883029,184.0,720,50.0,good,0
1059,52.1479854322166,38.7879562052334,2.1178155804801504,0.038639520587603,0.0320592294297698,188.0,721,50.0,good,0
1060,61.041086869696,46.5640868819849,2.3916083091235563,0.0427323117592041,0.0045388622624837,995.0,722,50.0,good,0
1061,55.78507375439359,46.17412684884129,1.827756407792476,0.035717898236406,0.0154582198543246,123.0,723,50.0,good,0
1062,52.721416614414515,41.60653100373281,1.435958247089736,0.0259151574865792,0.0049226728671392,563.0,724,50.0,good,0
1063,66.9859824433747,61.8395565213119,2.2376700114757924,0.0507484465879631,0.0063564793145055,24.0,725,13.339869281045754,poor,2
1064,66.7336581197244,61.5964359898289,2.3325077762207576,0.0534474583682401,0.0092716544326988,21.0,726,13.339869281045754,poor,2
1065,66.7502726821588,61.383733839396,2.165538070250699,0.052404061007209,0.0036035524968434,17.0,727,13.339869281045754,poor,2
1066,49.026941186743,41.9241579994907,1.8954028776576304,0.0385613041253887,0.0023708782624584,140.0,728,50.0,good,0
1067,47.58685504866661,37.9489692419077,2.443341925986347,0.0509495029901301,0.0034588750352474,140.0,729,50.0,good,0
1068,48.580391172843,30.6340871431709,2.378538824094028,0.0422773130842954,0.0214081745026836,402.0,730,50.0,good,0
1069,50.7305736822336,40.3569585928986,2.1772805905823,0.0414215382959177,0.0088808937637452,403.0,731,50.0,good,0
1070,53.119038781738,42.7590075120944,2.3611688089912106,0.0453621491535564,0.0109005915176262,406.0,732,50.0,good,0
1071,57.2625986418765,44.2800219212728,1.6371230783784811,0.0365670499174284,0.0067614170856875,408.0,733,50.0,good,0
1072,58.83447184886119,55.26134964122914,1.7670036048978588,0.0319595171712231,0.0043851447886155,110.0,734,16.01084838161371,poor,1
1073,67.3621576275122,55.608243421225495,2.323552326121838,0.0462192619240367,0.0178645319412284,380.0,735,14.606410001676013,poor,2
1074,61.85296709881028,51.331161594196985,2.220554475996688,0.0438818730779758,0.0140582735453585,387.0,736,50.0,good,0
1075,59.46504149789342,49.79538564708301,2.184036787833772,0.0420438252722878,0.0202489810021316,377.0,737,50.0,good,0
1076,53.968937295313005,41.758383114688755,2.9992054252173848,0.0403127860655085,0.0223013757259161,376.0,738,50.0,good,0
1077,65.24378956342937,53.365662393045945,1.7309424480013087,0.0318310371427944,0.0194907667746809,380.0,739,15.943679863387768,poor,2
1078,64.60722315244399,52.73173941377525,3.2964244592523433,0.0423444811422051,0.0158917572180972,379.0,740,16.367510005829697,poor,1
1079,48.67075489230318,39.841732728619455,2.0803591957096184,0.0414377302607664,0.0080970069985962,114.0,741,50.0,good,0
1080,43.69605216451425,34.459939758780685,1.7473156173626376,0.0373091934191676,0.0140784035786878,109.0,742,50.0,good,0
1081,49.0929221486089,45.2604037865583,1.746023788506162,0.0323430679774685,0.0245873785675657,770.0,743,50.0,good,0
1082,46.61967921774129,43.3876347109335,1.488034553815308,0.0321165011112673,0.026068392532343,771.0,744,50.0,good,0
1083,61.4093100778635,52.9033594665958,1.688834420676816,0.0282224929067674,0.0080059604750106,175.0,745,50.0,good,0
1084,71.5686997508687,62.8735145224509,1.7679569861731974,0.0301947492130271,0.0170887676426544,163.0,746,13.166666666666671,poor,2
1085,54.10402662870055,44.31696714933567,2.4590092045251972,0.0501001390618146,0.0039157751854586,86.0,747,50.0,good,0
1086,56.37050919510932,46.20255219669662,2.3040683888023348,0.0476597771504751,0.0025974457604559,81.0,748,50.0,good,0
1087,60.21859657863438,49.26162030252685,2.3878809511474084,0.0477593677558972,0.003421702606074,84.0,749,50.0,good,0
1088,60.21544463344556,51.89063206386567,0.8507109664861685,0.0199985228605316,0.0053103438279838,306.0,750,50.0,good,0
1090,67.59984319482919,57.3936782061973,1.4448925171072569,0.0265254387408842,0.0029884491173534,387.0,751,14.466380032173161,poor,2
1097,49.77875026124289,42.9802107861564,1.9553841639042144,0.0410870124299762,0.0031244948967038,140.0,752,50.0,good,0
1098,48.2496540759847,38.6968391022033,2.4700681621427645,0.0526996788064235,0.0022780169933129,140.0,753,50.0,good,0
1103,63.9448666731346,52.5230115493999,2.273982367036639,0.0364607475495406,0.0013381139597052,603.0,754,16.816055009233047,poor,1
1104,68.329853414618,53.9190653143781,2.349348491268085,0.0362939505447783,0.0147330968308834,92.0,755,14.044613033279909,poor,2
1105,61.44700313434599,50.73219278515181,0.5472377172733168,0.0141643636308958,0.0037119891601094,335.0,756,50.0,good,0
1106,49.838524456374,40.0707323692285,0.7824662228212776,0.019177377079352,0.0055859481159192,345.0,757,50.0,good,0
1107,55.1875435833354,47.676711033303,1.0663723548605244,0.0275522238811306,0.0112440967901121,87.0,758,50.0,good,0
1108,46.0868057858694,38.3480301157942,1.4391368466066228,0.0323150077282312,0.010336525554969,79.0,759,50.0,good,0
1109,42.2721294505278,35.3377681140927,2.188926505788974,0.0409142396366728,0.0061804234990263,60.0,760,50.0,good,0
1110,63.014048893520126,52.25857644013967,1.9408276573974383,0.039331106769821,0.0114325059999605,222.0,761,17.251207729468597,poor,0
1111,49.1840274911302,38.8421607876693,2.2597467169509255,0.0496091091934387,0.005172513719975,66.0,762,50.0,good,0
1112,51.5453184757306,42.1209423229042,2.183898221128824,0.0472759699209402,0.0020737359370318,57.0,763,50.0,good,0
1113,48.092011242855,37.9990566893513,1.8793912420947432,0.041693624040287,0.0047814292884085,65.0,764,50.0,good,0
1114,42.5666908975837,30.774541120224505,1.2998844643245993,0.0342406491141675,0.0030866098386483,63.0,765,50.0,good,0
1115,50.3773263430816,40.963200377686,1.5102066601614172,0.0356781679875674,0.0007984566340145,59.0,766,50.0,good,0
1116,50.3293850838005,35.4995794563574,2.028196915079457,0.0372721033610139,0.0256574804273394,328.0,767,50.0,good,0
1117,64.97945937581092,56.93291363607442,1.25252517466545,0.0261755540202914,0.0034835016489692,163.0,768,14.988036891812795,poor,2
1118,52.6393325947815,42.9945415405234,2.113679230623167,0.0362537417679213,0.0096314131596064,1024.0,769,50.0,good,0
1119,70.0365090401541,57.1291252990013,2.257896921776855,0.0360083670540966,0.004756495425011,355.0,770,13.166666666666671,poor,2
1120,73.70962561443142,66.51089500660423,1.111513446093343,0.0194729853494609,0.0020233330753341,130.0,771,13.166666666666671,poor,2
1121,62.61938982408537,52.97726176542136,1.806871450881779,0.0293621793342877,0.009338744378004,686.0,772,50.0,good,0
1122,49.16154736884337,41.51093286692116,1.519728954619993,0.0282600639808646,0.0216842069941937,726.0,773,50.0,good,0
1123,47.383098018145226,39.42966849591821,1.2228184106309816,0.0213952142194537,0.0247445904884056,573.0,774,50.0,good,0
1124,50.408022135958305,36.9369315220944,1.2573628453109225,0.021307937090456,0.0218632788859809,484.0,775,50.0,good,0
1125,58.8489209035603,49.1173257325023,1.743022145533567,0.0300489542502924,0.0046360697838977,3.0,776,50.0,good,0
1126,62.6700457610863,52.9391434983213,1.9257292271143291,0.0306643298126201,0.0048014078847195,24.0,777,50.0,good,0
1127,57.9798822897172,48.3618259342039,1.7470796795472598,0.0282787775752714,0.0055159064228723,19.0,778,50.0,good,0
1128,51.3656977573321,45.324785675454805,1.73796997096079,0.0341139863841092,0.0098807654088631,97.0,779,50.0,good,0
1129,58.04018037271449,50.80646242890454,0.6661137599549766,0.0123035705519483,0.0067403588949709,567.0,780,50.0,good,0
1130,58.0278936367938,41.8896422823283,2.3930156051902793,0.0372220919057633,0.0136224993575202,571.0,781,50.0,good,0
1140,67.2784643201652,57.2145672376743,1.5784888882281922,0.0340114783540075,0.0112145666543725,356.0,782,14.6575324362522,poor,2
1141,60.9905308352952,50.2620010983084,1.5906528696075064,0.0313159363879338,0.0192437213486073,359.0,783,50.0,good,0
1142,63.7281878623589,52.6414478711737,1.447195861533232,0.0326614211622336,0.0188000891402525,269.0,784,16.976968945068936,poor,1
1143,50.6477426256237,45.0962329908512,1.0601292830129638,0.024107368848118,0.0027349116200897,28.0,785,50.0,good,0
1144,49.7701407773455,44.80894685147619,0.8674213300377767,0.0176226247166472,0.0098775976504558,29.0,786,50.0,good,0
1145,49.932997601491294,40.0363625004719,1.2335480641294094,0.0293404626655012,0.0040217645406576,29.0,787,50.0,good,0
1146,49.1706015382676,39.2647166765036,1.176510814652072,0.0278245100002817,0.0022676248678088,27.0,788,50.0,good,0
1147,40.82769216024542,30.106917961726623,1.4902547458231408,0.0310137277176793,0.0019892206847315,203.0,789,50.0,good,0
1148,46.19918551554633,36.64500375545226,1.997536948001238,0.0421185628141728,0.0008473246948684,211.0,790,50.0,good,0
1149,48.32808474772364,38.09386733530155,2.020108690700045,0.0430306028564829,0.0004436718777629,209.0,791,50.0,good,0
1150,42.97074643623007,31.442049106574544,1.621308755732985,0.0337024392927768,0.0020611352169858,209.0,792,50.0,good,0
1151,39.42905702237904,31.524458167000283,2.0869525415163195,0.0448486090074004,0.0025401961546204,205.0,793,50.0,good,0
1152,39.5689558825172,32.1298594223734,2.1023879861372876,0.0426881093289532,0.0085713861143419,202.0,794,50.0,good,0
1153,43.79601135346685,36.724099588828885,2.0359001199137365,0.0424404492036077,0.0078413059739219,194.0,795,50.0,good,0
1154,47.98555462337912,40.987877666927474,2.117526587464727,0.0440910517802121,0.0040667237301038,188.0,796,50.0,good,0
1155,51.176715444767225,40.9785639033159,2.498711596350666,0.0464129553572226,0.0007544890422752,202.0,797,50.0,good,0
1156,50.99540884686683,40.98889804896032,2.3461343358775717,0.0428736777264083,0.0007779547757833,197.0,798,50.0,good,0
1157,53.27375740703788,44.64305543518136,1.5018095941084653,0.030958146187054,0.0043063664703323,183.0,799,50.0,good,0
1158,64.6837079531649,55.7057922978024,1.7840694176270917,0.0325399050125606,0.0023067471754889,51.0,800,15.729866232284017,poor,2
1159,51.6926034480369,42.8930202766053,1.84468184183369,0.0355586958990083,0.0033626785482064,50.0,801,50.0,good,0
1160,49.1744318827832,40.280435283337,1.8447632328372596,0.0354282063626581,0.0012811814378433,46.0,802,50.0,good,0
1161,45.2940325095577,36.2940325095577,1.9586082881028744,0.0360562514965207,0.0019131300986008,46.0,803,50.0,good,0
1162,50.02492892762194,44.22186972030663,1.3504506060659995,0.0299521022165929,0.0101048228114981,26.0,804,50.0,good,0
1163,50.5978226015493,44.8872493043081,1.4237947945726568,0.0315758546596042,0.0047394087184527,27.0,805,50.0,good,0
1164,50.486777505417,45.1159417306451,1.1422484591909898,0.0239352300004592,0.0048098658451555,28.0,806,50.0,good,0
1167,50.429479129400704,45.0344868530295,1.1959709458086183,0.027101663137894,0.0044880844463764,27.0,807,50.0,good,0
1168,49.799846868684995,40.1742196252643,1.351871947096323,0.030706829109041,0.0041609310545889,28.0,808,50.0,good,0
1169,49.2601227390281,40.1454046249154,1.5374658446981446,0.0366149152776578,0.003475940302663,26.0,809,50.0,good,0
1170,48.75189772687004,39.69565020612129,1.5153833681613331,0.0347865859359219,0.0074480436930368,25.0,810,50.0,good,0
1171,64.76702507897876,53.83585012767628,1.2501033761734417,0.0252657541286786,0.0083258247158587,203.0,811,16.268653150679963,poor,2
1172,52.924758121509505,41.0384954181426,1.057386342755554,0.0192429573167011,0.0053808082994142,201.0,812,50.0,good,0
1173,52.44769209526708,42.66547023024506,2.380239064015104,0.0424212015801423,0.0116201419419505,851.0,813,50.0,good,0
1174,64.0970157228383,52.2829847624847,1.4761464474151396,0.0370161392768417,0.0071380617106366,84.0,814,16.720392666384356,poor,1
1175,61.541072236170805,48.3697881106681,1.1268724182544705,0.029137960330194,0.0161503915715769,350.0,815,50.0,good,0
1176,47.7340667520669,42.008446686369695,0.934575875486869,0.0260705775502584,0.0059595365819568,135.0,816,50.0,good,0
1177,56.9396670109585,48.875340889489,0.7919934869268824,0.0204523177164398,0.0130181078386148,140.0,817,50.0,good,0
1178,68.33623038836444,62.651623546319655,0.7515372275775931,0.0160575342760607,0.0073848772708992,578.0,818,13.339869281045754,poor,2
1179,62.1941526763939,39.9262458104781,2.3354468389359817,0.0363702864346479,0.0111010671530311,386.0,819,50.0,good,0
1180,60.6601869287836,38.9023034308547,2.450494917904706,0.0400839114316867,0.0089220875512047,377.0,820,50.0,good,0
1181,64.8092528030229,58.4087121207634,2.7670012807618125,0.0410817928030722,0.0046058474387108,158.0,821,14.152789797847566,poor,2
1182,62.7083740572452,52.9896971087737,2.7804448881364894,0.0422590302193067,0.0052666526197212,151.0,822,50.0,good,0
1183,51.1990817991476,42.7146100838599,1.5681696465297763,0.041691385983494,0.0125667539813368,122.0,823,50.0,good,0
1184,58.501369348649,48.3208718202173,1.5598287962271384,0.0343388579950384,0.0188528222744277,126.0,824,50.0,good,0
1185,59.17289748675039,48.289373597061726,2.4397286253139225,0.0391765955469455,0.0019201359896943,385.0,825,50.0,good,0
1186,66.5752748489015,50.21309981342141,2.5857974070892022,0.0415627084879642,0.0128303838482865,881.0,826,15.089053255401808,poor,1
1187,66.555846625437,50.1826774589481,2.425199576038502,0.0377006534610131,0.0074086984885289,858.0,827,15.101750237202898,poor,1
1188,57.210579577441365,49.13538963990365,2.1029546437792495,0.0332425509957492,0.0132102568554864,60.0,828,50.0,good,0
1189,58.9703868984879,50.75804232728252,1.6770444575045202,0.0277188691794547,0.0153636252619181,50.0,829,50.0,good,0
1190,49.709081231844735,41.67554275482277,2.1204018572974577,0.0366090119284186,0.0206063380696687,34.0,830,50.0,good,0
1191,47.082814700337494,39.00224684388481,2.0378280941753233,0.030102097521155,0.0161678178047691,30.0,831,50.0,good,0
1192,42.57007506874682,34.16550165111334,2.2218590447202597,0.0360583507776266,0.0149717937008705,51.0,832,50.0,good,0
1193,50.2857545795454,44.0102194497848,2.4900319031482097,0.0429688924720041,0.0121065518664204,137.0,833,50.0,good,0
1194,49.8901093746249,43.1626185699874,2.1870242896220953,0.0484075163723478,0.0126452636959718,109.0,834,50.0,good,0
1195,63.00610005812423,54.1949161393604,2.1274035832084266,0.0412366053055892,0.0060866168754739,129.0,835,16.68962769220837,poor,1
1196,66.5881648843581,61.1471533409474,2.3529214912123755,0.0544656789049229,0.0085651267623444,20.0,836,13.339869281045754,poor,2
1197,66.1472457201828,60.7847748407335,2.405952969736868,0.0560313337263979,0.0036056020051633,20.0,837,13.339869281045754,poor,2
1198,66.5145734177917,60.9213433519603,2.400215675013529,0.0554025794837626,0.0026261815783523,18.0,838,13.339869281045754,poor,2
1212,58.65224311003302,46.33369531929554,1.6035444522261968,0.026783282279351,0.0156607109516421,238.0,839,50.0,good,0
1213,66.39544244873156,59.06308774411495,1.670306719067084,0.0350551548535932,0.0012408650591902,143.0,840,13.805952349792468,poor,2
1214,57.3361866929162,44.8585865269813,0.1833532572723161,0.0044504453428851,0.0023009216088289,471.0,841,50.0,good,0
1215,70.7841537555492,63.78689642243344,2.023651821608063,0.049488793698098,0.0006266433731159,142.0,842,13.166666666666671,poor,2
1217,65.3513702103015,54.4053320930842,1.2575399068900928,0.0249935865153469,0.0016874438088826,674.0,843,15.873909296834391,poor,2
1219,62.51005761592304,46.67720508119929,0.9821766677598912,0.0192791472105101,0.0028811316560561,475.0,844,50.0,good,0
1220,61.50936039954482,47.25512526005118,1.1198622837253682,0.0259195196541767,0.0229906172095771,313.0,845,50.0,good,0
1223,51.8062563352357,40.1187910975586,2.0921752973460515,0.0318116906914642,0.0127130170087565,70.0,846,50.0,good,0
1224,59.637861611272,46.83072354863009,3.0868742759812497,0.04704774983785,0.0279867271150738,390.0,847,50.0,good,0
1225,62.8858512209617,49.8747172021279,2.5715196849417623,0.0457603464243518,0.0290671624373206,378.0,848,50.0,good,0
1226,51.2886478915952,40.3824440218256,1.7328639595399973,0.0253419888360817,0.0149913358859328,73.0,849,50.0,good,0
1227,55.28525229258976,43.422563802579944,1.2811775549269315,0.0237822478414633,0.0076216442415565,433.0,850,50.0,good,0
1228,55.194883319691066,44.30627176229123,1.41816218335026,0.0275241627443394,0.0073279666809616,436.0,851,50.0,good,0
1229,56.04590296515117,46.23751242838031,1.2906589087007916,0.0248848754581917,0.003809526781196,441.0,852,50.0,good,0
1230,52.4871805754449,40.7357089510974,0.7836102447092488,0.0184150977007947,0.0072839963214152,75.0,853,59.99999999999996,good,1
1231,52.7538509626001,40.386797070285795,1.5993323372272827,0.0244358089499888,0.0101714503310059,70.0,854,50.0,good,0
1232,55.28004790681627,48.35190079760912,1.4070561167128277,0.0214069619653657,0.0111893967067433,437.0,855,50.0,good,0
1233,50.40956150831498,42.805991863069096,1.4105143005251477,0.0250933948355531,0.0069077479231016,355.0,856,50.0,good,0
1234,67.1681707211612,56.06312615667977,1.7535733162609288,0.0337151629711018,0.0023162437996049,52.0,857,14.725156447105343,poor,2
1235,63.0052033254462,51.0712012997347,1.750480148048794,0.0353078470143884,0.0067654133583534,599.0,858,17.2512077294686,poor,0
1237,58.012047812733925,46.12180347446805,2.4092563406289367,0.0412484146520496,0.0081811580799117,457.0,859,50.0,good,0
1238,73.2729756859342,64.4067002642161,1.5270454452447926,0.0273534911340872,0.0057392780462542,589.0,860,13.166666666666671,poor,2
1239,73.297309187081,64.9192642879372,0.7588957785942401,0.0136457570846566,0.008009640193958,562.0,861,13.166666666666671,poor,2
1240,58.24609370203138,45.45988171288809,2.1691102389055334,0.0375254490136176,0.012731160656555,300.0,862,50.0,good,0
1241,68.1404445139864,59.69659951937929,1.464262865910409,0.0184100398680546,0.0011254133053678,776.0,863,13.486662882717935,poor,2
1242,56.54539185483464,48.646734625734645,1.871220169265624,0.0310178108162097,0.0187693000089763,862.0,864,50.0,good,0
1243,68.4646297778209,60.0390409151715,1.5037308321126193,0.0281016498535685,0.0034001669406819,41.0,865,13.339869281045754,poor,2
1247,63.7686433945714,50.8216494808089,1.2542533969442051,0.0296082479700811,0.0074618979526278,180.0,866,16.940314959590022,poor,1
1249,63.4316404172186,50.8725066175958,1.267879269974699,0.0269346053472945,0.0054165201717028,166.0,867,17.158879394686878,poor,1
1252,63.71756050239091,51.2543431803428,1.1365608734773902,0.0267371378242339,0.0056000990025075,161.0,868,16.987253600290817,poor,1
1255,57.81615547269401,45.4731535928747,2.3825145153357963,0.0417933194963488,0.0129354285361557,73.0,869,50.0,good,0
1256,52.808839598592115,44.556002650810605,1.40638183542849,0.0249050594684138,0.0087386677277746,444.0,870,50.0,good,0
1260,58.5674707463516,49.57942991572621,1.8358080334187987,0.0303472806529013,0.000418942493264,666.0,871,50.0,good,0
1261,56.8937138201433,43.82708092179121,1.5165706785730255,0.0314048514928421,0.0040802657747522,407.0,872,50.0,good,0
1264,62.54256211607229,47.3186723372763,1.2301088555924584,0.0243642803261788,0.0161327076477883,409.0,873,50.0,good,0
1265,70.9284973507615,62.34609453947711,1.496691494366546,0.028451247907013,0.0012664236736816,904.0,874,13.166666666666671,poor,2
1267,73.0072793765535,61.7095322076744,0.2658693734210686,0.0046602466578397,7.868821139369463e-05,752.0,875,13.166666666666671,poor,2
1268,66.0265236220937,54.9144659926974,2.25789738761983,0.0423955840031454,0.0157261606222675,420.0,876,15.435019623558212,poor,2
1271,66.0685400434424,54.953142909186,0.9286702120495532,0.0199092677413014,0.0075638956331255,420.0,877,15.409133523767043,poor,2
1272,69.8471363073352,60.1940730071628,1.908127490141916,0.0362992523004154,0.0049855837830184,547.0,878,13.24097452746507,poor,2
1273,67.6348240835864,59.4920624235404,0.4695851082102869,0.0105811872827734,0.0037425835602093,846.0,879,13.587700494162794,poor,2
1274,61.674881285836406,46.8154624438067,0.1325611286661161,0.0017460052446005,0.0,1176.0,880,50.0,good,0
1276,66.8343793680172,55.88537452858431,1.103551481913622,0.018537945301466,0.0008441506304181,875.0,881,14.929928586154709,poor,2
1277,67.3408344636454,58.9390259123476,2.7527086070855575,0.0551838431214752,0.0182028828776356,1158.0,882,13.871282872931703,poor,2
1278,68.6812363088862,59.210489440283254,0.9556219706442648,0.0131643855629318,0.0044648015644655,741.0,883,13.73069368901503,poor,2
1279,67.6935553979612,59.5278918846386,1.5288077153542114,0.0244526101895073,0.0072173633547914,222.0,884,13.569929658239849,poor,2
1280,61.90389863851139,45.0142040160161,0.1297944452662543,0.0013880131830383,0.0007637890674817,1226.0,885,50.0,good,0
1281,63.2573030765663,55.0728562493658,1.77412005243009,0.0307726230763617,0.0007037793525317,222.0,886,16.12578274580992,poor,2
1282,64.94338583576553,56.355489454761965,0.9467960851021738,0.0191339509198978,0.0007308016240793,223.0,887,15.33479769650563,poor,2
1283,72.12688574734977,62.49797579808935,1.575745197369251,0.0315819437791649,0.0042236865729388,223.0,888,13.166666666666671,poor,2
1284,57.3417719757327,46.2983646937094,1.526911376535354,0.0233042830993274,0.0003022275837902,814.0,889,50.0,good,0
1285,48.68920184187843,41.7338199664533,0.1739176793895313,0.0034338243709322,0.0042236063784798,807.0,890,50.0,good,0
1286,70.69447966530636,61.70764018782579,3.191676803588311,0.0509358104115601,0.0162098495649261,1773.0,891,13.166666666666671,poor,2
1287,71.49927078198675,62.54678640771128,2.006382811940194,0.0361348491908398,0.0206703457549969,1798.0,892,13.166666666666671,poor,2
1288,51.206783232742275,44.14202644238641,1.55908209286037,0.0233958277220401,0.0047081502877076,809.0,893,50.0,good,0
1289,66.9400145403868,61.0883937222046,0.2184184938751585,0.0042774038558963,0.0004854519542454,630.0,894,13.339869281045754,poor,2
1290,47.9805135625582,36.9665467241534,1.301997505348452,0.0168023178793309,1.1550815215981818e-05,1200.0,895,50.0,good,0
1291,49.0028715655491,35.8005038811034,1.4774393825660292,0.0302459364768539,0.0083660097731531,910.0,896,50.0,good,0
1292,53.792506710523696,45.861081041476,1.0088241277427703,0.018616892761445,0.0069656610813333,326.0,897,50.0,good,0
1293,56.8906725400869,47.3899381922037,1.1052795363589751,0.0158966256937773,4.909579198698276e-05,1104.0,898,50.0,good,0
1294,62.67141705776213,50.57394042296921,0.3826001733102839,0.0078243091043907,0.0032642875244866,447.0,899,50.0,good,0
1295,58.2171829242084,41.01875673777711,1.400608663981257,0.0149656186014369,0.0003338670002257,1497.0,900,50.0,good,0
1296,66.58597975092673,59.21080230369561,1.6518689600692706,0.0364432274154778,0.012870403678074,501.0,901,13.730536596308282,poor,2
1298,52.452934491612226,40.46178436261255,4.547469548898561,0.0953602606059751,0.0063627014005324,275.0,902,50.0,good,0
1299,65.8333563275226,50.02591932393051,0.3174577057568733,0.0056055311156859,0.000354646205964,,903,28.24734419049036,fair,2
1300,49.0599550055859,37.446164769338225,1.9459174471048564,0.0406055489765019,0.0003343749540204,803.0,904,50.0,good,0
1301,66.95976359515502,54.34381409382609,0.9604035180168358,0.0155822164113128,0.0055604361046092,451.0,905,14.850526990103774,poor,2
1302,66.9234217945977,56.4127277594024,1.0722948250905555,0.0204139255398598,0.0025388137012105,482.0,906,14.873479518595317,poor,2
1303,45.7637298300778,28.1565376975402,1.6524446786348097,0.0261162841265916,0.0001501613800839,2054.0,907,50.0,good,0
1304,61.27724765841981,48.3492427711611,0.3685371903477462,0.0067313580922204,0.001724999187695,1783.0,908,50.0,good,0
1306,50.5154371055621,35.4777417972722,4.531487544432903,0.0767596937460285,0.0199234263473764,529.0,909,50.0,good,0
1307,56.9814266253855,48.0041685788234,1.2362143876586869,0.0344090922220933,0.0019402030968331,2057.0,910,50.0,good,0
1308,60.14398968314231,41.875360887343106,0.2366077691026837,0.0007393214805243,7.43877545068421e-06,1668.0,911,50.0,good,0
1310,64.5419994732833,57.5293781224022,2.5517465923798297,0.0634826617244943,0.0002583518460658,1932.0,912,14.642440368174299,poor,2
1312,50.93775160729406,46.33697616436525,0.3784806426582642,0.005792762967921,0.0038141280097335,708.0,913,50.0,good,0
1313,49.745416658114515,40.65214549148288,0.2664896271055144,0.0041279085549943,0.0004114838279409,656.0,914,50.0,good,0
1314,59.8395809577076,49.7509171815683,2.288691043582378,0.0394334106548593,0.0012482607747692,433.0,915,50.0,good,0
1315,65.23497582442096,50.78268997895512,1.031161495697671,0.0134246469393108,0.0019651560474345,509.0,916,15.949662832150013,poor,1
1316,52.8297751905538,45.7670541794045,1.087570386280444,0.017571384281303,0.0023542489432725,1604.0,917,50.0,good,0
1317,48.36344562702821,33.64730363345623,0.3123374098230994,0.0063972606653134,0.0002742006030859,808.0,918,50.0,good,0
1318,0.0,0.0,0.0916866773335629,0.0003534922103137,0.0,1186.0,919,15.563902388276787,poor,1
1319,54.903715904992595,43.9914632699078,0.187813187383803,2.9915105171843986e-05,0.0,1088.0,920,50.0,good,0
1320,53.4244519548737,41.4380455831235,0.6618853932981199,0.0180396554022314,0.0001063870617683,754.0,921,50.0,good,0
1321,63.117104686864,52.3396268287621,2.0878509593962233,0.0310976170767987,0.0021682477635819,919.0,922,17.251207729468604,poor,1
1322,65.2222544051436,57.374375752096,2.4788992798580427,0.0329320069351016,0.0013480798860808,316.0,923,14.732397317753186,poor,2
1323,61.3095943460353,48.4247919155909,0.212814835572152,0.0050455603333584,0.0017389565577316,680.0,924,50.0,good,0
1324,74.52568959857585,65.10352385986941,1.2542833407007374,0.0184547430552438,0.0048214516223246,773.0,925,13.166666666666671,poor,2
1326,58.5803042013641,46.82947176139001,0.2804631480836675,0.0078852731612842,0.0016491097918256,1877.0,926,50.0,good,0
1327,58.0713485924267,46.6197555947252,0.5197147392455158,0.0095420328037514,0.0007802140334863,849.0,927,50.0,good,0
1328,51.8135389751578,42.37140257701731,1.2131457871994515,0.0167557643583536,0.0,1104.0,928,50.0,good,0
1329,67.12889414914437,56.773157900054386,3.0482586487863816,0.0562029501951844,0.003075490261795,307.0,929,14.748002145747641,poor,2
1340,55.7266337586459,46.3325038569599,2.257925949760512,0.0503469303132432,0.0106114076176638,164.0,930,50.0,good,0
1341,50.6282917631605,43.0007453407804,2.5360377756784707,0.0465879420070829,0.0144733825367675,162.0,931,50.0,good,0
1342,45.8132032146092,37.8278054734353,2.4666074280259926,0.0443495607988032,0.010870272354027,158.0,932,50.0,good,0
1343,66.4716685721988,54.5540085681289,2.659960723522667,0.0397357544723663,0.0102531354612379,167.0,933,15.155428169785884,poor,2
1344,63.2612510256598,51.4212786406931,2.3516584687072823,0.0371513069977113,0.0209064209170865,167.0,934,17.251207729468597,poor,1
1345,62.288340462140695,50.4767573998566,2.0185023193140883,0.0307854119640915,0.0083106178999246,166.0,935,50.0,good,0
1348,55.2528432636086,45.0765110048722,2.069252597048786,0.0319926478239191,0.0075857185173259,163.0,936,50.0,good,0
1349,50.1239841895734,38.3438252372389,2.84428151024651,0.0477523066979447,0.0107550567776992,150.0,937,50.0,good,0
1350,47.830983817832106,35.6235245427786,2.488892542370237,0.0393029731084853,0.0148197582341287,147.0,938,50.0,good,0
1351,46.3242197188502,34.9209559739183,1.56544111087249,0.039655626909298,0.0160903468286224,149.0,939,50.0,good,0
1352,45.6121100667276,33.9432672307591,1.804776273115542,0.0460255814933194,0.0197263202313495,147.0,940,50.0,good,0
1353,42.2107208130288,39.5367276257627,2.9096501436564495,0.0506784457211939,0.006788348481156,43.0,941,50.0,good,0
1354,47.3474667070234,47.5899563308313,2.393862524852571,0.0428234112782729,0.0103044647483986,163.0,942,50.0,good,0
1355,45.20913912952929,46.0634385157626,2.964295458571248,0.0481702396250739,0.0113979760555913,160.0,943,50.0,good,0
1356,41.2148677512267,40.74916056512849,2.6267092879796907,0.0472193805787596,0.0137438638529639,151.0,944,50.0,good,0
1358,57.67930623010922,47.712113123975186,1.4694114570359078,0.0313483048659766,0.0052411112679772,86.0,945,50.0,good,0
1359,50.50028022221183,35.13726261699274,2.306247239365508,0.0420214335007276,0.0040923575399393,202.0,946,50.0,good,0
1360,63.25935515080004,52.52982385964911,1.4340918459769705,0.0375870996417216,0.0035743730679277,176.0,947,17.251207729468593,poor,1
1361,64.10533292763574,53.303970907757645,1.6728970733054485,0.0312946456182481,0.0095765794520961,178.0,948,16.713515571045935,poor,2
1362,59.79370901600014,49.00169828980539,1.2532086654120551,0.0325014823661294,0.0089847641712822,212.0,949,50.0,good,0
1363,50.60112420222906,38.70916080938579,1.940802818079004,0.0327475207011487,0.0046867403113111,218.0,950,50.0,good,0
1364,51.5466762164659,39.8553513786961,1.1266463622666625,0.0240754564047616,0.012918074595114,60.0,951,50.0,good,0
1365,44.664758342648994,31.7155288676974,1.2782328576742132,0.0271242842507433,0.009579353844683,60.0,952,50.0,good,0
1366,53.855124610987,43.8448043413906,1.035031599354968,0.0223361385921928,0.0187584816682964,51.0,953,50.0,good,0
1367,54.0214146959536,41.942896003042506,1.4623998669544531,0.0312774836948879,0.0063325641294754,55.0,954,50.0,good,0
1368,58.8059707952611,47.7288917573251,1.1848586227108278,0.0251023368079507,0.0057222668464843,55.0,955,50.0,good,0
1369,55.190232160289845,53.13459947617187,1.9538900071214065,0.0417914274538625,0.0001118210426657,83.0,956,17.2512077294686,poor,1
1370,58.57931380869201,48.36120406670571,1.4116277521258038,0.0225236468668277,0.0021460978262782,105.0,957,50.0,good,0
1371,59.17693534253417,48.94962985387666,1.3905293082696542,0.0251982940956148,0.0194966077457825,106.0,958,50.0,good,0
1372,50.49808962071231,48.687179608722666,2.182537497195537,0.0433219984701967,0.0002417886791176,82.0,959,50.0,good,0
1373,63.1854680070989,61.874221950920195,2.052414380323239,0.0424382198612976,0.0002837781579013,82.0,960,13.339869281045754,poor,2
1374,63.08633905797599,61.7903179667718,2.43206069376969,0.0472724388677363,0.0005067679662911,75.0,961,13.339869281045754,poor,2
1375,63.264967274185125,61.98142524332492,2.363693545198467,0.0448621033389285,0.0004891163664604,77.0,962,13.339869281045754,poor,2
1377,57.982257227683704,46.620456606759205,1.384519335511177,0.0245865175380063,0.0040585496705282,511.0,963,50.0,good,0
1378,62.17648100395233,55.30694523394053,2.2305984137360237,0.0389003201289007,0.0090639638436293,75.0,964,15.979736122386294,poor,1
1379,64.17891697912262,57.26038374812721,1.8368550609903616,0.0384879090513091,0.0066513372998274,61.0,965,14.79656370730124,poor,2
1380,56.45520688474094,49.4585047567223,1.8395312820114151,0.0356954347272549,0.0048976507149008,97.0,966,50.0,good,0
1381,63.94915696369543,57.00469609279932,1.6873214447037972,0.0403993543623646,0.0062507055456969,66.0,967,14.947384876241255,poor,2
1382,47.2465367014112,40.2551797157773,2.094803841689901,0.0336949773397794,0.0159656730777976,102.0,968,50.0,good,0
1383,42.635748547618,34.6494819572133,1.972311374187012,0.0328116739229224,0.0128224042213681,96.0,969,50.0,good,0
1384,46.8333998735175,39.0119166229849,1.7231596494782044,0.0299282571115037,0.0035872132375817,107.0,970,50.0,good,0
1385,63.697978182254424,56.09927349629697,1.461012281349478,0.0283647241045715,0.0073045280163036,181.0,971,15.487511134975813,poor,2
1386,66.15480537098625,59.24996215689846,1.625280662515217,0.0259793612996935,0.0085209396911274,185.0,972,13.710960573454583,poor,2
1387,41.0198106830955,30.0780954973758,0.5664902806270141,0.0156051659651946,0.000489491803092,31.0,973,50.0,good,0
1388,47.1610652051944,37.219249069818,0.4911854993690198,0.0153847572001724,0.0020371007003758,28.0,974,50.0,good,0
1389,41.5550481947035,30.4458118137851,1.559006482752865,0.0348682645118264,0.0215491898258142,87.0,975,50.0,good,0
1390,43.9004758454637,38.8685783817332,1.6582883513356967,0.0356775189035883,0.021748542817214,85.0,976,50.0,good,0
1391,50.9212033819016,42.6799538942967,1.5644556762502189,0.0357441742235811,0.0007678625680328,146.0,977,50.0,good,0
1392,48.4115800503542,39.091712933459,1.4563104667548652,0.0314187129471946,0.0003344658024202,146.0,978,50.0,good,0
1393,52.953047056302594,43.4445465317398,2.405237311667906,0.0538196380350119,0.0027572590661039,137.0,979,50.0,good,0
1394,69.1032145653557,62.2007189912734,1.6407040411235374,0.0362099525269258,0.0013554020697296,120.0,980,13.339869281045754,poor,2
1395,70.0220792811198,63.2396412497173,1.6996692924131285,0.0384607421980031,0.0025111091369579,121.0,981,13.166666666666671,poor,2
1396,56.8827715052555,49.9878702670279,1.436303455748645,0.0223943596733755,0.0029110541337737,119.0,982,50.0,good,0
1397,48.1163495285123,34.1738970932859,0.8443651629927605,0.0176259579591219,0.0174512675956876,388.0,983,50.0,good,0
1398,57.9214316385668,42.6370202455431,1.142871630243035,0.0273295861737524,0.0064530820938855,401.0,984,50.0,good,0
1404,50.0469748799657,43.93734143918426,1.89862615190968,0.0317174688835425,0.0111842820374149,160.0,985,50.0,good,0
1405,47.62619393002038,42.85549489782732,1.5929982098948785,0.0214625676480629,0.0232892138754969,155.0,986,50.0,good,0
1406,55.0390259516259,46.65259196916839,1.57747594400781,0.0242640631525842,0.0269344401535224,184.0,987,50.0,good,0
1407,49.5810241786412,39.4265762629046,1.7591292568197918,0.0359857622111959,0.0101037090464513,89.0,988,50.0,good,0
1408,48.6631893937235,38.4181870186315,2.1703357820550027,0.0422675236253866,0.0235302869921765,82.0,989,50.0,good,0
1411,54.103556802348095,43.0506462739729,2.7244954859425867,0.0525512332895449,0.0190511853554674,104.0,990,50.0,good,0
1412,65.1500344847372,56.4824225780265,2.4016685414845496,0.0427163178060673,0.0135047421795406,598.0,991,15.255455192381696,poor,2
1418,48.0088788613118,39.92202270775968,2.269469606363077,0.032073776452151,0.0275527266627364,144.0,992,50.0,good,0
1419,70.43894591120305,68.07170830981165,1.3078010832434506,0.0316743692860485,0.0043546680928614,135.0,993,13.166666666666671,poor,2
1421,69.76032483643225,67.35318718762004,1.3146044279679474,0.0328721272163649,0.0034410625260963,118.0,994,13.284089305565265,poor,2
1423,55.787863855454376,52.4506843069435,1.3087370331662374,0.031878643247171,0.0030697243998923,122.0,995,50.0,good,0
1425,68.63512494802674,66.33957383997245,1.325844555201673,0.034004450558396,0.003419409640633,99.0,996,13.339869281045754,poor,2
1427,60.529779880083,49.6761157181912,0.6607844319754659,0.0139071702348498,0.0007203912171063,456.0,997,50.0,good,0
1428,59.67793751962194,41.87776380545837,1.940563507182165,0.0408820449482689,0.0004149137083103,118.0,998,50.0,good,0
1429,60.7215211100014,47.411066746834095,1.4820837173442458,0.0235927837693995,0.0033907157553218,175.0,999,50.0,good,0
1430,48.5074056698788,37.2250656085554,0.297211755145221,0.003352269146702,3.210221478141111e-05,897.0,1000,50.0,good,0
1431,74.0714059515932,69.0349384254091,2.255932868832587,0.0387495922692175,1.8724999348185868e-05,995.0,1001,13.166666666666671,poor,2
1432,66.1555308006122,57.55933401984691,0.304293501182943,0.0050105717278591,0.0033874890942398,577.0,1002,14.625038217574797,poor,2
1433,47.99205677971409,38.7662399735621,2.0891427322523795,0.0368493981748353,0.009285823388687,42.0,1003,50.0,good,0
1434,46.1948016692685,39.8794323737901,2.515727312642814,0.0420589351965507,0.0040994829390892,43.0,1004,50.0,good,0
1435,66.3965083434475,52.038569955082195,1.1015153563450528,0.0189701823113479,0.0005567637341784,185.0,1005,15.200436322821627,poor,1
1436,55.222326708031,44.8354174946041,1.6298912413608424,0.0328954118315981,0.0120255973469972,79.0,1006,50.0,good,0
1437,52.80217701369891,44.3077586571556,1.0460310320584898,0.0189212338263448,0.0179357403749106,473.0,1007,50.0,good,0
1439,56.13547535943,44.4612210477164,2.822778677131931,0.0497086442014345,0.0168266567165089,423.0,1008,50.0,good,0
1440,48.26835229454551,36.8915478294492,0.0870076351380601,7.913351887659028e-05,0.0013031334418569,423.0,1009,25.690679506556947,fair,2
1441,58.3293955541254,45.9052893851272,1.5091524036205133,0.0319720222504625,0.0267110551215945,228.0,1010,50.0,good,0
1442,53.0009510850742,47.5644127972362,1.7124397531701023,0.0330617442196984,0.0148409615100232,40.0,1011,50.0,good,0
1443,54.08916113729884,41.09500769895121,0.2959985389812408,0.0028026036735287,9.704920359627372e-05,1128.0,1012,50.0,good,0
1444,56.2930467892501,44.1067889700569,2.1217130057107907,0.0438868051639481,0.0092128354307994,24.0,1013,50.0,good,0
1447,56.6384947749689,44.3371023660745,1.6857980519405285,0.0426894722988129,0.0095047013108245,12.0,1014,50.0,good,0
1448,52.92984585349289,43.83817117236249,1.5180181827524053,0.0261904712949067,0.0227318395185413,889.0,1015,50.0,good,0
1449,49.502204983694,35.7297677765556,1.2863947568123706,0.0198727677477283,0.0070320291414335,53.0,1016,50.0,good,0
1450,64.7237459364176,50.1444811437821,2.0813422977213953,0.0328961891863113,0.0023011988442325,84.0,1017,16.29676962486352,poor,1
1451,58.232038173648,44.27294553918421,2.8992161308358173,0.0497123617547849,0.0058224193786623,46.0,1018,50.0,good,0
1452,57.98850274454439,43.3619020259545,2.868468832541449,0.0474116552711312,0.0135932426280805,42.0,1019,50.0,good,0
1453,68.8203101708773,57.42359535266516,2.0875043422055075,0.0353003739603927,0.0126774307758099,310.0,1020,13.773195453719307,poor,2
1454,69.0584554861582,54.4217953023246,2.595352003381103,0.043103408242251,0.00495979086048,116.0,1021,13.645502858107628,poor,2
1456,49.6882994746732,36.9845779272832,2.391163664352987,0.0445686889515143,0.0180603523552375,46.0,1022,50.0,good,0
1457,49.9435803140377,38.4678872411759,2.2459918130254652,0.0410132597229042,0.0150355412149753,44.0,1023,50.0,good,0
1458,55.66672291311042,47.681946629347465,1.1414952642999665,0.0217011055924484,0.0143314119775078,80.0,1024,50.0,good,0
1461,68.4501139641468,51.3947722994841,0.6482841507111334,0.011848021029305,0.031417037446147,709.0,1025,13.976725307884282,poor,1
1462,46.9098270983692,33.6034525665057,0.90139508583464,0.0196818032585054,0.0127513164041196,340.0,1026,50.0,good,0
1463,54.849593258900896,44.1971683549088,1.4635658365518014,0.0305628740139742,0.0089262571594728,190.0,1027,50.0,good,0
1464,61.1138073278594,53.113807327859405,1.7536959060718824,0.0306370329336532,0.0058019952434089,37.0,1028,17.25120772946861,poor,1
1465,50.9882355606013,42.9510940667077,1.881195926326752,0.0332545490725465,0.0031700899721437,34.0,1029,50.0,good,0
1466,56.7383314209945,48.7366869240881,1.5609750273700005,0.0278945449923079,0.0024620696609828,34.0,1030,50.0,good,0
1467,64.6028583431581,56.6025539284652,1.741552087855282,0.0293559243100071,0.0065315235343806,38.0,1031,15.184726759761215,poor,2
1468,57.241875351007195,49.2393914947681,1.7535363069355767,0.0324769248921089,0.0075133615247831,37.0,1032,50.0,good,0
1469,49.9234290551817,39.7785936753485,0.7379371261564078,0.0126837135693441,0.0008665109439056,1104.0,1033,50.0,good,0
1470,59.2555673971923,47.284196258584,1.9915172130519856,0.0447312195627429,0.0089779523262573,14.0,1034,50.0,good,0
1471,69.2640073133273,60.2093903789519,1.5998746927271776,0.0306690126353545,0.0073039598394173,164.0,1035,13.339869281045754,poor,2
1475,65.2931385640701,56.1793424318566,2.252696895204726,0.0407637261405907,0.0172462832661774,120.0,1036,15.438859755809718,poor,2
1478,71.6277033493355,60.6218710357637,0.3476100298543591,0.0057496491584324,0.0081270401968914,443.0,1037,13.166666666666671,poor,2
1479,69.14984169912668,63.14326375615139,2.4888430943187987,0.0483667933781716,0.0203082747725355,1264.0,1038,13.339869281045754,poor,2
1482,50.9388394079606,43.0541647611834,1.6314517746640171,0.0372701948729761,0.0043111657860226,95.0,1039,50.0,good,0
1483,54.06379441646139,40.6712482671556,2.261837989142593,0.0490778915938091,0.0046529084492284,101.0,1040,50.0,good,0
1485,48.25625094519269,34.9158161192057,1.8851864597138608,0.0387467367675754,0.0051086442657919,97.0,1041,50.0,good,0
1500,60.66417871175099,46.6684877789738,1.497792177157319,0.0248232104635485,0.019881111465154,66.0,1042,50.0,good,0
1501,50.0438774385195,39.2353873730617,1.7493799804453471,0.0315845524008713,0.0290553163587111,56.0,1043,50.0,good,0
1502,57.73084650885056,43.74414696163284,1.9470655829212655,0.0292225575596069,0.0173544486191732,90.0,1044,50.0,good,0
1519,49.62941019685941,43.5701858799093,1.5489887536556497,0.0297297957962658,0.0200430058718068,151.0,1045,50.0,good,0
1520,46.0305152219894,34.4961206165651,1.4929727305188851,0.0369881036445138,0.0172942688506797,144.0,1046,50.0,good,0
1521,47.3339805298744,40.8110635747437,1.7317645772787205,0.0306786597678485,0.0221178750923509,146.0,1047,50.0,good,0
1522,45.3529189981045,38.7372366605535,1.620474178667806,0.0380279302540174,0.0138566247435499,149.0,1048,50.0,good,0
1524,59.29275532711729,45.0809560390211,1.5643954657458623,0.0241577173345077,0.0162474297145982,52.0,1049,50.0,good,0
1525,61.21467640797334,49.281282240434905,1.7162250846384568,0.0392543616374029,0.0162718133278695,90.0,1050,50.0,good,0
1526,53.0058922815049,42.82435412437577,1.8172805540847985,0.043926026850551,0.0078566458648573,81.0,1051,50.0,good,0
1527,58.48407742675797,51.110777797101896,2.185230224716229,0.0440888391132661,0.0072006858904365,155.0,1052,50.0,good,0
1528,59.10299069892736,49.34208625709897,1.8895027800134727,0.0441887773445448,0.0097994161945031,80.0,1053,50.0,good,0
1529,52.60399305691859,37.15938593461238,1.9040511040237784,0.0377316217020009,0.0107784773199666,291.0,1054,50.0,good,0
1530,53.4804250562196,38.2921564157383,2.2953313872768404,0.044519872000657,0.0141490401949507,289.0,1055,50.0,good,0
1531,60.27417290747771,44.66994956781903,1.667227524362329,0.0359278807102941,0.0179705698829073,271.0,1056,50.0,good,0
1532,49.0222656422562,40.0715821557326,2.0442831476354053,0.0337548031894037,0.0064882387306451,74.0,1057,50.0,good,0
1533,49.07532916062101,38.1660636552553,1.8942556902130512,0.0308361754105507,0.0131035462668327,75.0,1058,50.0,good,0
1534,61.95408272638859,54.7220910098466,1.6826070868237586,0.0353918871770767,0.0130327145562728,382.0,1059,16.34917262911424,poor,1
1535,71.47066288766631,64.43417646949966,1.8399296336319175,0.0299503337119805,0.0190393864693322,405.0,1060,13.166666666666671,poor,2
1536,47.0239814302954,36.8268474139759,1.0310740514453876,0.0226303881701747,0.011640966993484,315.0,1061,50.0,good,0
1537,44.84239537872129,36.2767602819264,1.7015118149977315,0.0342824483262007,0.0078459359048892,314.0,1062,50.0,good,0
1539,48.4025842761383,40.2571978034569,1.8344634588447992,0.0291606459724396,0.011159009848009,318.0,1063,50.0,good,0
1540,65.06822042750231,55.46365330987705,1.942431756274196,0.0347435389740377,0.0139537075013311,151.0,1064,15.880715103098632,poor,2
1541,56.64300259570648,49.29823434805029,0.7875880846200437,0.0149602435139907,0.0058014102870938,63.0,1065,59.99999999999999,good,1
1542,48.33280647323616,40.31621162187599,1.2853413185106553,0.0281984235179213,0.0079593085286408,59.0,1066,50.0,good,0
1543,44.8982051037181,34.5695338905724,1.818767689916848,0.0304257250600727,0.0004210135530605,223.0,1067,50.0,good,0
1544,67.15403547503726,53.43616867280218,0.8715730970155666,0.0189454836505532,0.0087071542062071,888.0,1068,14.733338146536253,poor,2
1545,59.13401700867679,47.27100917155798,1.370909768385864,0.0242380334935304,0.0090874382426591,619.0,1069,50.0,good,0
1546,62.0194427876169,54.45488137059119,1.2254558136229774,0.0279904826986777,0.0087705586643735,42.0,1070,16.52968174170162,poor,1
1547,48.9537308239138,34.2703456269377,1.2516016548498332,0.0262731167091782,0.0104346836571867,65.0,1071,50.0,good,0
1548,46.6684448332223,29.306855049007197,1.461677977258817,0.0228747382002133,0.0124319111691205,61.0,1072,50.0,good,0
1549,39.2950785444921,25.4466105934667,1.1510019243468774,0.0275661242125474,0.0082850231264899,55.0,1073,50.0,good,0
1550,45.9737855390641,34.5157957079357,1.284930617660312,0.0288433280927174,0.0074496153842285,52.0,1074,50.0,good,0
1551,46.46492666774441,36.1778573111456,1.5590549304992098,0.0267653717265906,0.0059310172527213,66.0,1075,50.0,good,0
1552,54.96947060746449,44.74093697486148,2.3453558803234884,0.0503695066141669,0.0106406968835886,134.0,1076,50.0,good,0
1553,48.613883717899526,35.087068875217554,2.3732836767317647,0.0510967852565034,0.0059207955615418,136.0,1077,50.0,good,0
1554,62.4564764998963,55.8142083061354,2.7971433633936273,0.0414569411750439,0.0079324552874211,1026.0,1078,15.662615409410876,poor,1
1555,72.5686866986672,66.0732531740776,3.1880307313368452,0.0444711111809741,0.0014783802456917,1030.0,1079,13.166666666666671,poor,2
1556,55.84089032949826,47.376923219202624,1.192117202564114,0.02052637691311,0.0110219888013082,39.0,1080,50.0,good,0
1557,63.66012607486767,53.32873354303996,2.049517814669148,0.0387891345758518,0.0088280196557068,37.0,1081,17.01998508321205,poor,2
1558,62.06540556549274,51.255710029201545,1.6939322618847512,0.0341381863283022,0.021260243773197,35.0,1082,50.0,good,0
1559,39.8134074566506,29.303379771509,1.5564891107758825,0.0295242078060574,0.0105324583174721,141.0,1083,50.0,good,0
1560,40.09238687707389,30.7337530616441,2.1776097846374514,0.0406277268351724,0.0130114788994038,141.0,1084,50.0,good,0
1561,39.0389476217699,31.2540822731182,2.2213124821541337,0.0432623021080156,0.0110009334069333,133.0,1085,50.0,good,0
1562,67.7020748869157,58.993228283262944,2.302461077058038,0.0420979725841593,0.0223429808445837,201.0,1086,13.842510944777157,poor,2
1563,68.76773350320404,60.45603466761961,2.457816077988058,0.0416324715234448,0.0162709714712507,206.0,1087,13.339869281045754,poor,2
1564,70.7881746321575,63.04220067666389,2.3592190361550687,0.0404596771454883,0.0218798217435913,204.0,1088,13.166666666666671,poor,2
1565,58.1398930986986,44.4307552033304,1.4602308375344517,0.0324427394914529,0.0152344434620787,70.0,1089,50.0,good,0
1566,54.3465200286917,46.2112102857779,1.7587811372050208,0.0391687160563065,0.0245183367039384,59.0,1090,50.0,good,0
1567,59.6160149376578,44.6550398432808,1.4886178262497312,0.0237928020919851,0.0076074436774364,62.0,1091,50.0,good,0
1569,61.6058402840187,46.76749436289731,1.1205243307346804,0.0262168384980339,0.018958422176234,66.0,1092,50.0,good,0
1570,62.702382023241,47.96756059908,2.1850861089943217,0.0426186244291567,0.015297913891959,77.0,1093,50.0,good,0
1571,53.1068818386227,45.15546618898901,1.8479720897204637,0.0395513325807933,0.0252972096148354,74.0,1094,50.0,good,0
1572,62.1830420961797,47.0905143846028,1.6327268004428432,0.0276866454193447,0.0074462865640915,74.0,1095,50.0,good,0
1573,62.6026673119091,47.23870199490379,1.085615523585965,0.0268015386809469,0.0144184325367815,75.0,1096,50.0,good,0
1575,48.6572891375142,39.1744341536992,1.391941814028463,0.0229660282950267,0.0110403601466883,252.0,1097,50.0,good,0
1576,47.7222339342015,37.9513011157296,2.4385669547664497,0.0355320118171664,0.0159140038752898,240.0,1098,50.0,good,0
1578,49.7523401920342,39.9996207085735,1.4319488882342095,0.0215184298646177,0.009993533460871,223.0,1099,50.0,good,0
1579,63.7614564562586,53.9590656999314,1.4683028891078436,0.0235637993907856,0.008010903448775,223.0,1100,16.83626179950662,poor,2
1580,54.05292035434308,45.6637629819445,1.0479347370694407,0.0182355333657518,0.0140507905011013,237.0,1101,50.0,good,0
1581,53.4308049017421,47.3643707973943,0.8504054046398392,0.0183190784941396,0.012915428622226,239.0,1102,50.0,good,0
1582,51.6155693079513,40.36104817563229,0.4444546837273482,0.008434181260197,0.0076031572612207,673.0,1103,50.0,good,0
1583,49.68114447518127,46.99440820389064,1.5930922331939612,0.0271974608725176,0.0082095547715369,142.0,1104,50.0,good,0
1584,48.0697946799814,42.98846939037055,1.644054552164574,0.0270961302287002,0.0094411235858491,145.0,1105,50.0,good,0
1585,51.72014805391565,49.92771859193694,1.1693443256017582,0.0187408940743814,0.0108570351380007,138.0,1106,50.0,good,0
1586,51.2355820976046,48.83191210721159,1.605608623655587,0.0260649190456763,0.013332495606966,139.0,1107,50.0,good,0
1587,61.88781329350139,58.54229916873429,1.901863593688156,0.0388559996872748,0.0148610362943305,54.0,1108,14.082029112206802,poor,1
1597,44.2067901292008,30.5565765875615,0.8864573530761798,0.0169629611171251,0.0003374441156801,937.0,1109,50.0,good,0
1604,40.740146353562295,33.3199194184339,2.60126966040195,0.0376433068608872,0.003199802970463,42.0,1110,50.0,good,0
1609,71.3111678953115,59.76438414989809,1.4990320401111663,0.0228389550630627,0.0020884995215345,443.0,1111,13.166666666666671,poor,2
1611,58.77791138951931,51.04300199106952,2.1953880292765633,0.0497350705402351,0.0046412890785421,,1112,50.0,good,0
1613,61.18246256540749,50.61136154670465,1.9058376644327493,0.0400458295969078,0.0113891794035656,,1113,50.0,good,0
1614,55.250850458101624,47.22368469797328,1.6478574507028831,0.0361900813775211,0.0058223748512367,,1114,50.0,good,0
1615,54.61359181315285,43.00039919346453,2.069595467990276,0.0408522517434949,0.0089308104349084,,1115,50.0,good,0
1616,52.34641328449254,43.948332595291795,2.1507227555840274,0.0462604713881468,0.0088533135404911,,1116,50.0,good,0
1617,56.033483227649754,43.40998566860065,1.7754641043159636,0.0390787062230031,0.013229530004096,,1117,50.0,good,0
1618,56.68123310156216,49.031518185427394,2.131920809428065,0.050746654258901,0.0080892822184781,,1118,50.0,good,0
1628,0.0,0.0,1.696639452731152,0.0337183900078427,0.0207486908422149,129.0,1119,50.0,good,0
1629,48.3223438870758,37.4434679313064,1.449677223502118,0.0288865468839576,0.0109602603554891,168.0,1120,50.0,good,0
1631,54.89164135149521,45.2040616796226,0.1756288704169421,0.0030861427577309,5.617487563574097e-06,933.0,1121,50.0,good,0
1634,47.0629179027856,36.1137270109145,1.5408911757667418,0.0303395914264999,0.0238537632352889,152.0,1122,50.0,good,0
1635,55.0483102499461,40.7191952242054,1.476890944681484,0.0306743117545445,0.0242870910996368,193.0,1123,50.0,good,0
1636,0.0,0.0,1.4622293182429476,0.03698862837948,0.0155204080497687,118.0,1124,50.0,good,0
1637,68.0070331690978,58.5446015440391,2.592154807698648,0.0462814748146075,0.0327229444043503,702.0,1125,14.080752962407102,poor,2
1638,55.52015168174659,43.64711423641036,2.2688394100007026,0.043559928917846,0.0115535824930766,72.0,1126,50.0,good,0
1639,60.86525423983783,46.93057406553544,1.8628052866419853,0.0298441439446454,0.0138063741805318,84.0,1127,50.0,good,0
1640,60.745101071627595,46.41648318159831,1.8146334448991908,0.0312234971723656,0.0166675590746563,80.0,1128,50.0,good,0
1647,74.28504107905,65.0248382126295,1.5089994909758866,0.0212585058812822,0.0122963164990985,1043.0,1129,13.166666666666671,poor,2
1648,65.04558283522249,54.89601845923773,1.0033377801460612,0.0139978886715754,0.0269403846147169,1041.0,1130,16.078579002101403,poor,2
1649,62.9153159340743,48.995533422434,1.475678269455835,0.0233505566932252,0.0469789624736783,483.0,1131,50.0,good,0
1650,50.9228961818404,34.794219912863,2.4462365619351596,0.0409372204921541,0.034135232432115,335.0,1132,50.0,good,0
1651,55.1024860404458,45.4308045042227,0.9054424114147064,0.0127300213717168,0.0276096912311104,848.0,1133,50.0,good,0
1652,63.0038245489121,48.887717768825794,2.0241524148866548,0.0230741987822195,0.039502706363802,486.0,1134,17.251207729468604,poor,0
1653,60.16841530394014,49.903863931959606,3.328536514921685,0.0622233533519145,0.0151056945937341,324.0,1135,50.0,good,0
1654,47.2263426119506,38.9068291370441,1.3957049069636691,0.0295460666518863,0.0182019025779854,163.0,1136,50.0,good,0
1655,51.386780627412,42.4020751521831,1.375608259828148,0.0336550404482492,0.0112698518304492,157.0,1137,50.0,good,0
1656,50.250303534941395,39.8142317539892,1.1655568284140343,0.0283728454515355,0.0186732338878874,161.0,1138,50.0,good,0
1657,42.23993968228,28.195651907982956,2.449936885459401,0.0442754393282326,0.0039691043473888,200.0,1139,50.0,good,0
1658,72.0649000140725,66.0235817172215,1.5845190079371754,0.032977411109606,0.0041165310569806,951.0,1140,13.166666666666671,poor,2
1659,44.254243426418995,30.497478189022615,1.970758716698143,0.0386032307888834,0.0036803219595428,209.0,1141,50.0,good,0
1663,49.84595840337559,35.72540747909755,2.0987209072853505,0.0397779366887633,0.0099307856654061,211.0,1142,50.0,good,0
1664,52.869586863429525,43.90905929969955,2.213143779402398,0.0367620128916768,0.0115222257875406,358.0,1143,50.0,good,0
1665,39.3284985393486,25.639909280235894,2.557702173852903,0.0378493645025769,0.0433614877227078,210.0,1144,50.0,good,0
1666,46.4940451399334,35.0718368945585,1.1462019873997276,0.0199817691118758,0.0053152293306518,269.0,1145,50.0,good,0
1667,41.5860182232915,32.7247886510924,1.4514178020468218,0.0216806060035256,0.0019874893465592,275.0,1146,50.0,good,0
1668,52.8899439961014,43.4521259465852,1.0218665985439863,0.0229679125472391,0.0017327382583312,276.0,1147,50.0,good,0
1669,51.4702222030091,46.9187448340448,1.8863108295396016,0.0415445553083532,0.0077099047820364,143.0,1148,50.0,good,0
1670,51.405100552896734,42.256891656081066,1.3259128855713282,0.0189388481182033,0.009452466772716,419.0,1149,50.0,good,0
1671,49.455794560096,40.3026045885905,1.017853182210045,0.0168956349219249,0.0131333196198246,638.0,1150,50.0,good,0
1672,52.826617906154056,45.954910740474986,1.616853300721936,0.0398874676493676,0.0035555238152193,149.0,1151,50.0,good,0
1673,52.86547460103209,40.42827034164765,0.958875853018243,0.0201165270412266,0.0029768852069104,511.0,1152,50.0,good,0
1674,51.33918515473916,44.51012928206524,1.6250878333960077,0.0426129713403271,0.0172293788435715,65.0,1153,50.0,good,0
1675,56.231401211514545,47.91141338353769,1.536712438518065,0.0382952918647348,0.0280918062109023,68.0,1154,50.0,good,0
1676,63.2780573934115,53.0254804742226,0.3939268415056435,0.0049785623972089,0.0108258348850744,652.0,1155,17.2512077294686,poor,1
1677,41.0709721878849,36.0013692158894,2.342615652460609,0.0378758745993019,0.0092776485818687,65.0,1156,50.0,good,0
1678,47.06577104249134,42.285045018859535,0.8854438691446629,0.0242939162922343,0.011992474316323,38.0,1157,50.0,good,0
1681,47.55975832120293,44.170793272070995,0.8664745348066081,0.0237994548273817,0.0096331271661214,40.0,1158,50.0,good,0
1682,49.58598382499956,41.08649778944678,2.5397434403500614,0.0464931697398366,0.0014695765474801,52.0,1159,50.0,good,0
1683,49.50597094733002,41.49092424992084,2.535676616256199,0.0497415688772219,0.0021143653114998,51.0,1160,50.0,good,0
1684,45.8182648726891,42.022969149427,0.8163435023473952,0.0230827884685544,0.0158694617378648,30.0,1161,50.0,good,0
1685,56.8493229552277,47.5968892647239,2.382321926614537,0.0471026311154664,0.0125643760687265,82.0,1162,50.0,good,0
1686,58.5973274689583,48.6062242494613,2.261155972853127,0.0262699695545758,0.0056827550003574,1140.0,1163,50.0,good,0
1687,61.9068183055124,49.88112826459541,1.6464674943370792,0.0302504328732186,0.0161773148997638,547.0,1164,50.0,good,0
1688,70.3533412987335,58.346925735052,2.3846155401861,0.047564834986769,0.0212382504551845,688.0,1165,13.166666666666671,poor,2
1689,61.1981498333737,49.4238046650894,1.661525113596284,0.0297319652929439,0.0176937448026482,1096.0,1166,50.0,good,0
1690,69.0926985257757,57.4175859378081,2.43571164483841,0.0488926939943267,0.0188648230286063,1132.0,1167,13.627196195127397,poor,2
1691,61.69597217674949,49.633375166485095,1.671628330239603,0.0301021324515971,0.0114224925588429,1329.0,1168,50.0,good,0
1692,69.2146964652409,56.6911476193075,2.465099851576954,0.0498623727594821,0.0117096328160326,1317.0,1169,13.56307362064558,poor,2
1693,58.6636938657227,51.3000910011779,2.23759494010984,0.0346317742075265,0.0130098646794668,439.0,1170,50.0,good,0
1694,46.7890255303473,35.8740673835046,1.3253211516066572,0.0326609131008519,0.0075132728191368,,1171,50.0,good,0
1696,62.0134360352397,47.87110778051159,0.4207297768236443,0.0090610972795746,0.0121798125902522,1202.0,1172,50.0,good,0
1697,52.8934976156381,41.5404900311116,1.8443363378896085,0.0349194381944704,0.0076110709470919,,1173,50.0,good,0
1698,50.5830571969944,42.252924124721,1.8140681847753173,0.0309597046521163,0.0049128128584158,,1174,50.0,good,0
1699,52.8230427316127,44.1012040290925,1.6814562373954491,0.030478509026364,0.0054254234133765,,1175,50.0,good,0
1700,53.1481502596455,44.6091665630474,2.00915697538297,0.0368054495277955,0.0063273355864596,,1176,50.0,good,0
1701,58.3651704735545,48.073126154615,1.8781485484942544,0.0327923089824724,0.0099305115888349,,1177,50.0,good,0
1702,58.2319317744096,46.8531022722567,1.4647153197426457,0.0356423060541115,0.0083328848238698,,1178,50.0,good,0
1703,62.4844423948418,51.9896220270853,2.0088417766680733,0.0316811338453039,0.0173359176440577,302.0,1179,50.0,good,0
1704,57.9207783762002,47.1848882250137,1.7583315145967815,0.0244477950842343,0.0147071217415045,280.0,1180,50.0,good,0
1705,60.2545190527632,49.3997682610238,1.2944385726904617,0.0214001471015563,0.0127620942859512,300.0,1181,50.0,good,0
1706,67.9677110850128,57.1307109279255,1.2509515741253676,0.0223580316842294,0.0101230503345531,304.0,1182,14.251206301394404,poor,2
1707,49.829671971277,36.1609493998552,2.1339822498633993,0.0442454136602565,0.0201847541952894,80.0,1183,50.0,good,0
1708,63.92123374789891,50.397271011323035,1.6911981230369422,0.0328115544738581,0.0260027335244479,82.0,1184,16.830052552001092,poor,1
1709,63.09650273388331,49.717744715058046,1.377619598140723,0.0271960385743068,0.028155273544476,77.0,1185,17.251207729468593,poor,1
1710,63.7639496951071,50.0797710629691,1.8693751687261908,0.0330952954392006,0.012555180507941,79.0,1186,16.944376602776924,poor,1
1711,54.5784876665044,41.013934740383,1.0832951803418591,0.0179780988905634,0.0305221496113536,80.0,1187,50.0,good,0
1712,62.2275349310414,48.9690707825135,2.618506519621964,0.060064599634223,0.0177567326803341,79.0,1188,50.0,good,0
1713,49.6691984318283,36.2719089712532,2.1376553149477484,0.0442490103755351,0.0095513497316486,76.0,1189,50.0,good,0
1714,52.7544981483678,39.2391179110437,2.449464371707248,0.0524621276830111,0.023161860814534,82.0,1190,50.0,good,0
1715,48.195973723038,35.1073612433923,1.66407978859521,0.0282872597744272,0.0158016231267254,76.0,1191,50.0,good,0
1716,47.743277332513,34.6948795032281,1.6437991212574017,0.0306027374174592,0.0159430563121252,83.0,1192,50.0,good,0
1718,45.596040679949695,31.8823967956145,1.483455305747775,0.0330527212238052,0.0112898650015146,86.0,1193,50.0,good,0
1719,40.6362158094247,27.590915948253706,1.281072184210234,0.0228163975153806,0.0076076569444373,81.0,1194,50.0,good,0
1720,48.2155662078185,35.0566423123231,1.5668975394915712,0.0266299930641161,0.005023579088288,74.0,1195,50.0,good,0
1721,46.8302457628825,33.7630896337143,1.2707446905647275,0.0292721578207541,0.0057602409032435,82.0,1196,50.0,good,0
1722,44.1411799580045,24.515820036729103,1.4753074028960549,0.0331730643035511,0.0080525425250007,83.0,1197,50.0,good,0
1723,38.3992970101825,23.820885374892804,1.6774013838452564,0.0327312075526321,0.0097543840538902,82.0,1198,50.0,good,0
1724,46.9393554396964,34.0477819735603,1.5428756070481422,0.0323114383903533,0.0060904583712557,81.0,1199,50.0,good,0
1725,68.0447428005975,57.5409430188721,1.033881855977456,0.0182319738410732,0.014118457797289,317.0,1200,14.206150862467823,poor,2
1726,54.5541599892265,44.3824757532725,1.3260670666839254,0.022970219307038,0.0102838570387266,276.0,1201,50.0,good,0
1727,50.35923758422135,44.49172578903181,0.5223003071324033,0.0121698466441506,0.0044487452024816,177.0,1202,50.0,good,0
1728,36.2737454231695,28.0895916491696,0.4354367537578913,0.0077097586756239,0.0133099773569124,244.0,1203,50.0,good,0
1729,58.2709303914778,50.756091765129,0.5212628013996391,0.0088185493919195,0.0120509568788873,201.0,1204,50.0,good,0
1730,46.738104863727,32.8522620808511,2.171569481035076,0.0351243334598442,0.0108737079917021,140.0,1205,50.0,good,0
1731,66.5712234005278,54.5526117442468,2.092330045694066,0.0377450242718542,0.0039926241800993,126.0,1206,15.091691665290583,poor,2
1732,63.7647126896519,49.5882534764543,2.030970648404704,0.0357173219142156,0.010495263161218,134.0,1207,16.94371309733366,poor,1
1733,55.8658545575365,46.56501892249571,1.4033328778128191,0.0248615732754725,0.0038058168338099,127.0,1208,50.0,good,0
1734,46.68297266057306,41.50998194347931,1.3707113120903058,0.0301385332505989,0.0051079625678105,284.0,1209,50.0,good,0
1735,46.16799010265977,39.546961197778685,1.4882830675917214,0.0359215268962698,0.0101466417408349,227.0,1210,50.0,good,0
1736,42.098008373414295,34.08546660265436,1.5481996177909585,0.0369520225900874,0.0041901900973659,236.0,1211,50.0,good,0
1737,59.3276294264555,50.0475275380899,2.029220028679529,0.031734692866725,0.0185325936674558,440.0,1212,50.0,good,0
1738,50.0748032211016,38.8188315427991,1.5144448514163438,0.0331144692923773,0.0194640785431622,194.0,1213,50.0,good,0
1739,48.8961129488301,38.3252137373436,1.5123490436140037,0.0328202150498733,0.0147275917255757,189.0,1214,50.0,good,0
1740,63.8180395096731,52.5859985813844,1.482406839779138,0.0322711722183529,0.0185049568380102,199.0,1215,16.90028948673805,poor,1
1741,64.2437550570118,55.31529357430862,1.3355450556144282,0.0231183422105769,0.0103687912957042,405.0,1216,15.9741584069677,poor,2
1742,58.64167798597556,49.58771816243279,1.303447744434033,0.0265987141188164,0.0173040552843032,363.0,1217,50.0,good,0
1743,71.5416406537953,62.2208709641345,2.091604440606156,0.043922843159024,0.0168187945647963,277.0,1218,13.166666666666671,poor,2
1744,71.0786738025723,61.64826941404661,2.5591276553827127,0.0533156321688852,0.0119733159220414,257.0,1219,13.166666666666671,poor,2
1745,36.492124829424,33.1996653719224,1.9978527080658608,0.0450921850822685,0.0161844825828125,173.0,1220,50.0,good,0
1746,47.02843577691381,42.1468345743634,2.884663867531857,0.0541353888480108,0.0070403390971471,170.0,1221,50.0,good,0
1747,45.0914411461586,39.4924816611957,1.7014262131522655,0.0395779119612969,0.0147560193605957,141.0,1222,50.0,good,0
1748,51.0428668521607,39.8607729890743,1.3885295147703862,0.0306157405233833,0.0148494630732959,558.0,1223,50.0,good,0
1750,42.8905891091572,30.6091768848427,1.6849918588742976,0.0293066558410807,0.0214423504798838,525.0,1224,50.0,good,0
1751,48.3484601587601,36.8828253401344,1.6154527349673344,0.0268908341982894,0.0081506590858958,372.0,1225,50.0,good,0
1752,51.282799335791,40.3966809116024,1.3015488641866886,0.0219912146690606,0.0150088996404503,375.0,1226,50.0,good,0
1753,65.791972201612,53.3855072778877,0.6482745458849712,0.0123963644797456,0.0068161020674704,361.0,1227,15.590699229706974,poor,2
1754,55.4356304316428,44.0166451937936,0.6371881055065587,0.0117788291756746,0.0082969512052486,339.0,1228,50.0,good,0
1755,51.7692191233232,40.4437269319699,1.5464477987288625,0.0319370909326498,0.0104882526615578,310.0,1229,50.0,good,0
1756,52.0695919468546,40.35696535589019,1.4216621400342102,0.0286458956726077,0.0178767311958489,294.0,1230,50.0,good,0
1757,65.4579419114982,53.34423639974689,0.5359555990021267,0.0166006865842298,0.0058486184646599,351.0,1231,15.808992226243138,poor,2
1758,57.0829927378367,45.5472499753744,0.3767506114343185,0.0078006464632337,0.0111482648023514,342.0,1232,50.0,good,0
1759,52.9910999701885,40.6727208207553,0.4935187632169155,0.0104474089985965,0.0070026696303057,302.0,1233,50.0,good,0
1761,65.5503302880644,55.2087700395556,1.523706453659415,0.028251812953004,0.0115418721057368,622.0,1234,15.743595947275201,poor,2
1762,54.36218243708589,42.029553481336,1.556977410617267,0.0274323886197854,0.0040544092510933,791.0,1235,50.0,good,0
1763,63.66736270353441,54.4359842760041,2.757660031549039,0.0462417990329089,0.0191130897758868,385.0,1236,16.539447454674363,poor,2
1764,56.7743785314294,47.6197415903532,1.262340231779183,0.0185211159627957,0.0044145121233835,740.0,1237,50.0,good,0
1765,53.523709214941405,45.9612162706933,1.2405533922923513,0.0135965890422848,0.0285965858112227,591.0,1238,50.0,good,0
1766,54.2855990720968,43.3536971222608,0.5068472071768023,0.0094412894127119,0.0136805771044846,302.0,1239,50.0,good,0
1767,52.7035148125767,42.5301578357145,0.5108129504509386,0.0118994671267977,0.0085090875548121,296.0,1240,50.0,good,0
1768,58.1216543087423,48.7794271742318,0.5015151432157592,0.0113940696842538,0.0160000649929395,301.0,1241,50.0,good,0
1769,50.9351229726296,47.2769727987322,2.5931990200189907,0.0416890217369893,0.0107269904539944,99.0,1242,50.0,good,0
1770,41.4586207999472,39.7490249380483,1.485166363958927,0.0353151417917429,0.0160664406765947,95.0,1243,50.0,good,0
1771,50.27773104988509,40.8404253230432,2.750761029847767,0.0503556683261206,0.0032620698663907,54.0,1244,50.0,good,0
1772,44.2100790247219,40.9469240158245,2.4901299732427713,0.0485056024386104,0.004372032392446,49.0,1245,50.0,good,0
1774,56.982235629911486,45.92945760640488,2.8830508154440557,0.0542900820535059,0.0055007458062654,50.0,1246,50.0,good,0
1775,55.47939966525858,45.85128812877965,2.58694203415912,0.0504048198365068,0.0079679138637892,82.0,1247,50.0,good,0
1776,48.9390009689535,36.8677192086027,1.1551188510029426,0.0294250331543129,0.0091008672487352,75.0,1248,50.0,good,0
1777,68.4600563157679,57.5980665118868,1.956306668085895,0.0292375412016341,0.006691163637098,309.0,1249,13.971208774799795,poor,2
1779,47.8194240065244,34.8180110267313,1.57726954531287,0.029464382471971,0.0044420675189102,79.0,1250,50.0,good,0
1780,37.6030154962567,23.5780162853072,1.722931994055323,0.0281008675981332,0.0096058373786278,81.0,1251,50.0,good,0
1781,48.64023596090928,41.61800305634153,2.1134663900507538,0.0418315832678953,0.0163425363017329,178.0,1252,50.0,good,0
1782,44.713312412275,39.3310974188727,2.029961186816245,0.0333363424064948,0.0166876907394306,252.0,1253,50.0,good,0
1783,46.1112179748178,40.6489570485699,1.805666794175368,0.0277903996464245,0.0311485489682068,256.0,1254,50.0,good,0
1784,46.17443606784279,40.868450086746094,1.853202688255125,0.0315180396610671,0.0202348051782165,268.0,1255,50.0,good,0
1785,52.7042314594989,41.33260790432389,1.6223989442908322,0.0315320180688219,0.0074307450289785,93.0,1256,50.0,good,0
1786,53.8946618777453,48.7754008155919,2.377150559460757,0.0395871220076838,0.0087952715627588,81.0,1257,50.0,good,0
1787,49.1330331989304,46.550043646712,2.413632303453596,0.0467024645121803,0.0092623986274707,80.0,1258,50.0,good,0
1788,50.5126326790186,45.7861646007225,2.160246872505965,0.0415197009811872,0.0094561161056285,80.0,1259,50.0,good,0
1789,50.59183477800539,45.063990998081,2.2205039720844204,0.0440789661073635,0.0076107989102081,81.0,1260,50.0,good,0
1790,51.5900680513129,45.59062062397119,2.2244081913887164,0.0435273484526324,0.0113660839353967,81.0,1261,50.0,good,0
1791,64.0040771480241,52.7789323707793,1.2813285882011851,0.0299513630320742,0.0149422886171878,79.0,1262,16.783788544360476,poor,1
1792,63.6373796763268,52.5294115802292,1.1354713844841005,0.0270944149855055,0.0048799127185959,79.0,1263,17.02942107867674,poor,1
1793,49.3477206840937,38.3329644974583,1.5818976397788336,0.0350056275214753,0.0047409830261412,79.0,1264,50.0,good,0
1794,50.5787883098067,40.7036371571471,1.6689498907914735,0.0352391140439426,0.0108763405831558,92.0,1265,50.0,good,0
1795,64.7853258316029,53.63700456360769,1.4716800243864947,0.0348631345181682,0.0086298585893335,78.0,1266,16.25451024781317,poor,2
1796,53.0083691212957,41.5580495390589,1.886973152934941,0.0295293372768808,0.0068344032899206,79.0,1267,50.0,good,0
1797,65.4185782437627,54.1491887457077,1.4737501712126109,0.035095479349148,0.013499520818108,81.0,1268,15.833168555645933,poor,2
1798,54.09396786036281,42.9772431424795,0.5398114721918962,0.0168345476126449,0.0153881517728971,79.0,1269,60.0,good,1
1799,52.0925183973461,42.5051263952625,1.4969995587831475,0.0311788082176649,0.0089541562577387,105.0,1270,50.0,good,0
1800,47.4313481459323,36.4193167092444,1.517812830195872,0.0298399154930758,0.0068856352966489,85.0,1271,50.0,good,0
1801,48.96695452475241,36.9235383993848,1.337396174026046,0.0275802769122527,0.0074360722669456,89.0,1272,50.0,good,0
1802,46.023953091707,34.3233731945723,1.416298010265414,0.0295832743726461,0.0045345708252107,89.0,1273,50.0,good,0
1803,69.6366906270079,60.3517336180559,1.4058936305996532,0.0205047991903524,0.0130983163011826,972.0,1274,13.339869281045754,poor,2
1804,65.1544474604503,57.3320000897446,0.4365514855171438,0.0074328448714538,0.0014159005650897,,1275,27.0175276326926,fair,3
1805,65.7026861769705,59.7653746783423,1.6409587592608352,0.0295579582174706,0.0003499473793363,,1276,13.452649869448813,poor,2
1806,61.56150682440091,48.4263086911438,1.5078795892998245,0.0320567328007077,0.0179915058039135,209.0,1277,50.0,good,0
1807,66.3291132425743,53.328490189527,1.641609102578253,0.035426384386124,0.0165277318891105,206.0,1278,15.242252209230431,poor,2
1808,63.0842872083346,50.5504542050791,2.154170474664237,0.0495584670462208,0.0189203621905208,220.0,1279,17.251207729468604,poor,1
1809,54.8609004402129,41.8753856372929,2.2360946775126096,0.0524043643424648,0.0198324171948347,148.0,1280,50.0,good,0
1810,63.22790791381961,50.2192649728069,2.1605560059795894,0.0486215744810058,0.0207959295963381,345.0,1281,17.25120772946861,poor,1
1811,49.98581239413238,43.10805059224022,2.7941347754306514,0.04391148019253,0.0115501587194682,155.0,1282,50.0,good,0
1812,48.367225692855946,41.4518989056182,2.205102148222779,0.0373873038788676,0.0120352879018503,141.0,1283,50.0,good,0
1813,45.81844080650802,39.28405834149573,2.168845958545315,0.0376456038649404,0.0129843075528546,130.0,1284,50.0,good,0
1815,56.3275572193384,49.0867079419573,2.3663687565374674,0.0489723106548536,0.02131386084266,185.0,1285,50.0,good,0
1816,54.446416945266606,47.25898339564519,2.551719519107896,0.0557285321006263,0.0092647910144659,138.0,1286,50.0,good,0
1817,58.99670973155722,45.50203090517173,0.4153939298479369,0.0095093210181957,0.0200164202095719,546.0,1287,50.0,good,0
1818,61.5589166356325,42.9810780716938,1.2441597092962682,0.0237800187626954,0.0235046641482931,409.0,1288,50.0,good,0
1819,61.4622300527266,43.0729209733311,1.4683062556901068,0.0276323717786731,0.0247748189637065,398.0,1289,50.0,good,0
1820,61.7893711779688,43.3865751869,1.3770980528688874,0.0209434217379193,0.0331418955927833,393.0,1290,50.0,good,0
1821,62.36378798074411,44.1215854370965,1.6657413686681517,0.0272868568686293,0.0376796272246681,377.0,1291,50.0,good,0
1822,64.5307317902952,46.6848296848478,1.417895234622594,0.0272834543693419,0.0351906559710195,372.0,1292,16.41939459916047,poor,1
1823,61.7116610892424,54.5410613945798,2.2812722217363084,0.0322661760373595,0.0096398765605538,176.0,1293,16.468759156301505,poor,1
1824,46.7260038228701,39.7260038228701,2.5183926329652233,0.0349836436320659,0.005233273631975,184.0,1294,50.0,good,0
1825,58.38641891779539,51.0445894081655,1.9144625872191752,0.0433935690979702,0.0059685514643814,743.0,1295,50.0,good,0
1826,59.65394698339825,51.99677017753431,2.2103701221157745,0.036534991358271,0.0058350852126203,225.0,1296,50.0,good,0
1827,58.28826839744803,50.41455400431189,2.229651192513199,0.0361932452138038,0.0179663186634977,225.0,1297,50.0,good,0
1828,49.0204427002121,39.7163171715219,0.5986742639284756,0.0094157374849255,0.0008862391732072,1403.0,1298,50.0,good,0
1829,58.80524693015282,52.52087888067504,1.6136346078515569,0.029639891535891,0.0069222491185038,286.0,1299,50.0,good,0
1830,53.0108044510517,43.13260661759371,0.1295479165150666,0.000708175052636,0.0102444301190875,847.0,1300,50.0,good,0
1831,70.0000807199189,63.0277951085825,1.285728973299658,0.0202694307332485,0.0002383243940009,920.0,1301,13.166666666666671,poor,2
1832,56.8315409909135,48.9343825891971,1.6732330651140603,0.0266897370474807,0.0109520402599646,102.0,1302,50.0,good,0
1833,56.74778379884471,48.7926254255158,0.4892454756270504,0.0097640883574162,0.0050445900541753,92.0,1303,60.00000000000001,good,1
1834,64.99355738097066,52.18712862083342,1.2546179714196666,0.0239345317362985,0.0208570152467783,367.0,1304,16.110375316700317,poor,1
1835,48.439483814869,35.0271496879341,0.6342771511504318,0.0084380450934868,0.0132579540150582,364.0,1305,50.0,good,0
1836,55.022860885139494,47.2690323184057,2.5650590914141236,0.0367813794285615,0.0069731884018727,278.0,1306,50.0,good,0
1837,55.03425733312531,48.060301119435906,2.0781555705596317,0.037018926082766,0.0099972638803516,353.0,1307,50.0,good,0
1838,63.0175124291317,52.2556714299394,2.48274820255776,0.036409341848291,0.0118207039429822,247.0,1308,17.251207729468604,poor,0
1839,68.10925574612651,57.32484050834,1.5891697271717655,0.0267920742138445,0.0141048502717942,227.0,1309,14.169191417693066,poor,2
1840,67.06535860397071,56.78640083229027,2.12254167951896,0.0435164982767883,0.0131331984998078,223.0,1310,14.785711006455859,poor,2
1841,54.1883194041055,43.537136956345,1.61797045349529,0.0392669086347905,0.0211592577832759,263.0,1311,50.0,good,0
1842,49.76644039495031,39.057989434023675,1.9296053360051375,0.0327101520712757,0.0127762436242478,259.0,1312,50.0,good,0
1843,52.49264242720766,42.08881025070498,1.156229336772024,0.0230459756512744,0.0172379875561495,247.0,1313,50.0,good,0
1844,55.9491636766639,45.6827180165584,1.5879144956796432,0.0381859490854897,0.0211231590574324,238.0,1314,50.0,good,0
1845,62.21755052381704,51.992476414493225,2.2086653458211334,0.0446410897028298,0.0127266170866602,450.0,1315,50.0,good,0
1846,62.702639893973824,52.312386780367,2.518722482089021,0.0475480315647592,0.0151733972622586,418.0,1316,50.0,good,0
1847,57.12517952591248,47.48531419324243,2.5960739572970453,0.0468907090539906,0.0099418641182195,436.0,1317,50.0,good,0
1848,57.12290480812838,47.09932892548707,1.471771940397559,0.0317139780263894,0.0055716309332448,461.0,1318,50.0,good,0
1849,74.9273322433207,66.3759569768311,2.6878128213554175,0.0480633316793747,0.0140866053351822,48.0,1319,13.166666666666671,poor,2
1850,71.8638660250272,63.2621659282923,2.9709736306484,0.0544767902328819,0.0117081393446898,46.0,1320,13.166666666666671,poor,2
1851,66.2929767129825,58.30020230556299,1.5069667267616216,0.0274286270417327,0.0129841836532969,337.0,1321,14.211681754988291,poor,2
1852,57.4965816428177,52.481697656813004,1.4453501658524015,0.0314499444814902,0.0096270377931216,339.0,1322,50.0,good,0
1853,65.63731331345475,56.12611287332059,1.7434063250105225,0.0333759488716171,0.0130471624765843,335.0,1323,15.470963666503827,poor,2
1854,69.4894661834596,60.8078086535177,2.5931225536739184,0.0491526865317639,0.0107419799326775,46.0,1324,13.339869281045754,poor,2
1855,75.5558730163707,66.9974685266033,3.2408954153129743,0.0601484770390247,0.0083742208351715,41.0,1325,13.166666666666671,poor,2
1856,67.8407915362854,59.4147428794294,2.9394971321898917,0.0563231403204899,0.0069215550585862,41.0,1326,13.62650006210448,poor,2
1857,73.2457807366702,64.7006330165515,3.3406075556183494,0.0621645373877912,0.0052972279406826,39.0,1327,13.166666666666671,poor,2
1858,42.4089982583116,33.2750303407767,1.7571597117749278,0.0267323021615055,0.0236126337449404,439.0,1328,50.0,good,0
1859,51.0878248262772,42.3809127433334,0.9950360913407192,0.019533433439102,0.018247777279081,439.0,1329,50.0,good,0
1860,35.2444152451875,26.069128989397605,1.650560198224024,0.0248393639410448,0.0292057299313084,464.0,1330,50.0,good,0
1861,57.24528813441039,46.72020426140718,2.254941799967249,0.0407819129481547,0.01232522060811,32.0,1331,50.0,good,0
1862,60.82644163445885,50.25501641316926,1.9961504177762284,0.0363002177498384,0.0093562358834543,31.0,1332,50.0,good,0
1863,63.229369750512944,52.525422083242965,1.1170378561773635,0.0271931629494205,0.0081020442684457,33.0,1333,17.25120772946859,poor,1
1864,59.56298793347605,48.973818765544024,1.1471247067207744,0.0272743849198677,0.0072541241771745,34.0,1334,50.0,good,0
1865,58.51771784460669,47.81658579756109,1.687860836470901,0.0377764810486332,0.007178778330169,39.0,1335,50.0,good,0
1866,55.72561086629893,45.09906610464008,1.5279569516907452,0.0294350424564783,0.0044832925571547,33.0,1336,50.0,good,0
1867,59.59816240796414,49.12442823888192,1.7608294733403422,0.0349207996413863,0.0107167726710537,45.0,1337,50.0,good,0
1868,59.306389665262415,48.991494428232215,1.795870427273986,0.0350758003508396,0.0090665217476893,43.0,1338,50.0,good,0
1869,61.94431879598497,51.75928219252893,2.148759406685026,0.0363018178743061,0.0079297741690887,46.0,1339,50.0,good,0
1870,69.6634322800534,58.876283968163335,1.4769000017199705,0.027326804867697,0.0102270264692078,43.0,1340,13.333017878734891,poor,2
1871,62.2372023445688,44.6975766441664,1.365399453186282,0.0196420743089007,0.0111698274187956,951.0,1341,50.0,good,0
1872,60.32924983981613,44.993101643728146,0.8901863538523215,0.0125310784819963,0.0046320585872421,1167.0,1342,50.0,good,0
1874,43.46677471514421,35.472035101647265,1.829951820559612,0.0252837341844213,0.0233452881062229,358.0,1343,50.0,good,0
1877,45.439379637384185,41.88811350386641,2.8701171160681818,0.0443728819171893,0.0283675334736418,472.0,1344,50.0,good,0
1878,41.66777065262668,34.4895461574284,2.407663936505927,0.0287421432658727,0.0446666562809165,424.0,1345,50.0,good,0
1879,68.20948762158278,59.7828472242718,2.364964274781274,0.0472877057922866,0.0150955985093245,128.0,1346,13.444079058460137,poor,2
1880,66.1669200779928,57.38207967684061,1.9339087785524125,0.0382594891943209,0.0201077244863311,126.0,1347,14.728158185799117,poor,2
1881,55.33365098486496,46.92920762068684,2.1080760754644268,0.0435774882985963,0.0119676165291657,128.0,1348,50.0,good,0
1882,49.775812385917504,41.181055472719315,2.1351559205411257,0.0442811163572597,0.0113773102229414,124.0,1349,50.0,good,0
1883,48.3027857265202,28.3030768739371,2.768103428164266,0.0495158876581272,0.0115052072938686,89.0,1350,50.0,good,0
1884,50.2007513129967,42.1188636040835,1.7412582819385296,0.0298490900350667,0.0289485618896329,442.0,1351,50.0,good,0
1885,47.6655656415177,35.2767993457637,2.4127413279274506,0.032990847145587,0.0229423575187437,423.0,1352,50.0,good,0
1886,44.848097715138,36.894283334078075,1.9018846411012904,0.0368151566027541,0.0139417984081567,120.0,1353,50.0,good,0
1887,70.5493750448194,59.32457710040539,1.9934612373447915,0.0311396638559328,0.0241496468036467,632.0,1354,13.166666666666671,poor,2
1888,45.24128120601222,34.917592038487726,1.8310119471679112,0.0332254782607386,0.0172115888756309,124.0,1355,50.0,good,0
1889,45.07566289252054,37.1285983361522,1.8413939030887112,0.0363335213575801,0.0155549084194333,106.0,1356,50.0,good,0
1890,46.00577213022629,36.12798471383557,1.9406988462657784,0.0350027462526551,0.0142104116947617,70.0,1357,50.0,good,0
1891,48.4588710602456,40.44739744873428,1.9854691392520052,0.0372514825705446,0.0096396702468716,100.0,1358,50.0,good,0
1892,46.88427340277001,38.011017623915485,2.0900970983945224,0.040746377905673,0.0104765133910465,62.0,1359,50.0,good,0
1893,51.115026629737386,42.69117134042211,1.942694953410829,0.038033275899241,0.014811473094866,48.0,1360,50.0,good,0
1894,60.8164005509565,50.9907376177202,2.943734659690884,0.0571868386783345,0.0031926105494258,108.0,1361,50.0,good,0
1895,48.951724359292,38.1442110771299,1.868081875806636,0.0382291411335741,0.008250121061882,172.0,1362,50.0,good,0
1896,52.96330418429648,41.56977036355891,2.383544572004104,0.04862972825364,0.0087585766687116,179.0,1363,50.0,good,0
1897,53.06450036074,38.5429786242376,2.460424382585844,0.0439704584475662,0.0133891064594377,143.0,1364,50.0,good,0
1898,69.1961567743921,60.2214886186585,2.8177887823191083,0.0344482933113509,0.0067984616817618,380.0,1365,13.339869281045754,poor,2
1899,61.3950370822284,53.1213000958105,2.8082231584096835,0.0485826561022221,0.0137191875889854,374.0,1366,17.251207729468614,poor,1
1900,42.69360966692397,31.1899272657752,2.160753285362526,0.0359798344498182,0.0126079872464413,436.0,1367,50.0,good,0
1901,41.2607514123095,34.2002506942956,2.6468724934694845,0.047193739659253,0.0142413624796743,240.0,1368,50.0,good,0
1902,39.8498502700427,31.967125604891,1.675560332657961,0.0294782026218536,0.019707258231772,240.0,1369,50.0,good,0
1903,50.6722052371738,41.841414104752,1.7085710994728294,0.0347700753314972,0.0076290797646506,259.0,1370,50.0,good,0
1904,50.8320975307199,42.1582542329553,1.5959989163978323,0.0304258899232035,0.0058076548470006,256.0,1371,50.0,good,0
1905,51.4250919778615,42.2726681017473,1.5714236617891233,0.0319324984803364,0.0056210414687728,267.0,1372,50.0,good,0
1906,52.3576044748343,42.70739658932429,2.7792266580886613,0.0501013047256319,0.0053741064924653,89.0,1373,50.0,good,0
1907,55.41617956231022,45.63939999427081,2.043316536557851,0.046556886428036,0.0105769490620825,47.0,1374,50.0,good,0
1908,56.1507310927339,46.1667710262269,1.987243322836688,0.0444605426675995,0.0088590543043638,47.0,1375,50.0,good,0
1909,48.133404313362,38.1609552014306,2.7724168785149055,0.0462003889907495,0.0065866952902343,52.0,1376,50.0,good,0
1910,45.6262915565102,35.6160445699893,2.8669755935064867,0.05176917905911,0.0024029626481318,44.0,1377,50.0,good,0
1911,44.7406813437274,34.7406813437274,2.5615412755922415,0.0459558189695743,0.0118806961698931,52.0,1378,50.0,good,0
1912,56.5743431510985,49.2450267134548,1.9524514136110005,0.0414994373856202,0.0084364204894551,130.0,1379,50.0,good,0
1913,53.1099316978171,46.5926758186118,1.9312539549990877,0.04221280806429,0.0043896528966781,253.0,1380,50.0,good,0
1914,58.5620553499023,46.6827468491104,1.8549290070642317,0.0282552918197346,0.0150208546297341,334.0,1381,50.0,good,0
1915,60.526333260882,49.9337807655664,1.6016938379693575,0.037358121299841,0.0069098747955223,335.0,1382,50.0,good,0
1916,57.746699222909,48.770704000285704,1.9786358832412083,0.0314089600674431,0.0121258031644995,377.0,1383,50.0,good,0
1917,48.2059200081426,40.6586521511658,2.4728169480967632,0.0390107977222138,0.0186495795778621,218.0,1384,50.0,good,0
1918,50.951843409297,45.0218489203942,2.517332935743936,0.0401411502178639,0.0221005182480575,215.0,1385,50.0,good,0
1919,47.6053193263533,39.0306517338457,1.9288138199801397,0.034329084277638,0.0170298930523471,220.0,1386,50.0,good,0
1921,65.4030906743875,58.4111903107834,1.7270855836077026,0.0392773503218204,0.0069842167914315,32.0,1387,14.151465254168174,poor,2
1922,67.64393356021,54.1893906955136,2.071194807713513,0.0349170533324565,0.0136470045149833,927.0,1388,14.439643327989648,poor,2
1923,60.2414324743758,46.2436209632361,2.8338459867833983,0.0424439959275203,0.0092135053210624,487.0,1389,50.0,good,0
1924,60.5237650755009,49.3975181403152,0.5517289840351398,0.0147840666406538,0.0038487103794398,297.0,1390,50.0,good,0
1928,60.36947992931181,46.4540721158898,2.587291990727259,0.0391767032529541,0.0148590321715474,514.0,1391,50.0,good,0
1930,72.07035559745425,64.64579994304299,0.9029644751957157,0.0178365170697363,0.0047849209475413,282.0,1392,13.166666666666671,poor,2
1933,50.8392433869498,44.1410594980535,1.8679981253362965,0.0362714910332644,0.0139719286203019,154.0,1393,50.0,good,0
1934,39.174702996004,32.5392857250812,2.274602165869779,0.0392759858178508,0.0093268589635822,146.0,1394,50.0,good,0
1935,40.02502325384191,33.3751869315876,1.982357930912765,0.0362456836341943,0.0100245598087027,142.0,1395,50.0,good,0
1936,40.3084292240212,31.3038804334705,1.0674318895726171,0.0181426454846922,0.0119937525951549,131.0,1396,50.0,good,0
1937,44.4173777252706,35.5328720955412,1.450425855216483,0.0320307055103887,0.0119593336970889,75.0,1397,50.0,good,0
1938,50.164420537714406,41.483472150672,1.6834955805660756,0.029450630791372,0.0115963392421406,80.0,1398,50.0,good,0
1939,60.0229876138381,47.8544786053531,1.6727151605647477,0.0257361550583388,0.0162306893801098,500.0,1399,50.0,good,0
1940,46.2885308591651,36.388937084352,1.3052291138624144,0.0269432867275782,0.009776785392685,76.0,1400,50.0,good,0
1941,67.1494978343374,57.3044827202191,2.0677311933805127,0.0357963451782932,0.010362608005293,437.0,1401,14.73597415879675,poor,2
1945,57.78149420684312,50.16448229268784,1.9766212318800849,0.0385581034305718,0.00788338140417,157.0,1402,50.0,good,0
1946,49.1719823566174,36.92209000299,1.2338837000422451,0.0271022592584041,0.016217432226907,75.0,1403,50.0,good,0
1947,52.97232513993761,36.8088875112297,1.9706588249400951,0.0330944035352759,0.0212237792571758,93.0,1404,50.0,good,0
1948,66.0994340445828,58.660138628423,1.9549598995802255,0.0367854199383516,0.0129136968453141,150.0,1405,14.017665549199467,poor,2
1949,46.6863785400265,31.9714149106223,1.5847122041561994,0.0257242136892823,0.0126093968896418,73.0,1406,50.0,good,0
1950,38.4487838091458,27.2024244850282,1.190882384905465,0.0249183627670737,0.0232460136212278,72.0,1407,50.0,good,0
1951,51.84620938926281,46.73067409436747,3.2198446202233124,0.0617831325566393,0.0192763522401767,96.0,1408,50.0,good,0
1952,46.8504106289388,41.20789185223459,2.880843815626286,0.0560284749456615,0.020711069531551,111.0,1409,50.0,good,0
1953,57.51542405193079,44.025332893697296,1.4253942466140048,0.0298991948217659,0.0122420840586652,46.0,1410,50.0,good,0
1954,58.41848506903909,45.928526837430695,1.7629572330659156,0.029513052389517,0.0099853768966604,45.0,1411,50.0,good,0
1955,63.2058981262714,50.9242124467691,1.2952082606056965,0.0274038773500586,0.010493870497807,53.0,1412,17.2512077294686,poor,1
1956,44.054202036696,36.377864413218,0.7541231470299239,0.0193739649676612,0.0003599951479925,68.0,1413,50.0,good,0
1957,43.6504295980381,35.3821142365251,2.2790334661504033,0.0440474206985784,0.0086348899436006,82.0,1414,50.0,good,0
1958,62.56168556919866,57.91858039808329,2.025992241817601,0.0542520133946441,0.0094812764741908,164.0,1415,14.422434675622211,poor,1
1959,57.7398825301642,47.658785473966,1.6075574918181883,0.0371630272316595,0.0059263130100122,801.0,1416,50.0,good,0
1965,66.52221874687595,59.57911444851983,0.6540471080770242,0.0131361943280684,0.0045969971406695,451.0,1417,13.544749761374833,poor,2
1966,65.05364818114288,58.17192682461496,0.9304658939504962,0.0223093288619559,0.00943203302458,405.0,1418,14.283636519309058,poor,2
1967,75.3227405734576,64.1959540300064,0.2780905700221153,0.0024976941168448,0.0012945168004213,816.0,1419,13.166666666666671,poor,2
1968,59.369826706293566,53.25725319945252,1.8605608451217877,0.0313720570051535,0.0174747369989976,1016.0,1420,17.251207729468597,poor,1
1970,56.88558502818039,49.007689862724995,2.419250817501557,0.0393264967728807,0.0121105877305336,69.0,1421,50.0,good,0
1976,63.1027081317772,54.2375922927799,1.5193471255824829,0.0319964158250397,0.0166343807008599,280.0,1422,16.659008152781947,poor,2
1977,61.71803783945635,49.33441658845918,1.3589003977447642,0.0225035727644973,0.0091832880189574,458.0,1423,50.0,good,0
1978,65.1630904456086,56.7673887562923,1.4293279272601818,0.0334345227581588,0.0128718134824824,77.0,1424,15.086619113628691,poor,2
1979,53.2081223043643,43.3451931872431,1.3815516431249926,0.0253350297924822,0.0241284591136409,608.0,1425,50.0,good,0
1980,52.937656648354086,39.04141622590147,0.6392417168472357,0.0147568945636612,0.0067111358867218,131.0,1426,50.0,good,0
1981,51.03581111232194,36.54207311941074,0.6001618146233022,0.0144192964804632,0.005390163682863,154.0,1427,50.0,good,0
1982,54.2633877018349,47.261672143966194,0.6628835936988854,0.0156587841029579,0.0097618923248201,724.0,1428,50.0,good,0
1983,50.19583594045531,34.49378450123917,2.3509621622192864,0.0414116908078503,0.0107265234784859,77.0,1429,50.0,good,0
1984,49.531796624267514,37.40227002288019,1.7901971856044228,0.034924483595852,0.0080572573097768,87.0,1430,50.0,good,0
1985,60.944152768597334,47.96307032496216,1.4186028253859686,0.026644071143808,0.0181912013870091,297.0,1431,50.0,good,0
1986,54.056223399953,45.61821003636959,1.468314241686987,0.0276424725699917,0.013878072972115,71.0,1432,50.0,good,0
1987,65.7278812926636,50.922371236275495,1.178288399279861,0.0215989457733014,0.0127485671324442,829.0,1433,15.62891765334298,poor,1
1990,50.8009372015032,40.5784739233541,2.1290478917910827,0.0355138311602934,0.0127255988971886,70.0,1434,50.0,good,0
1991,56.096110696778,44.9532587780068,1.398685852681251,0.0248553975847371,0.0064259423854795,70.0,1435,50.0,good,0
1994,54.5173906524067,40.7659589490466,1.4758765035864914,0.0321589471676892,0.0095366748903263,140.0,1436,50.0,good,0
1995,54.7784742714877,41.10432223503571,1.4399006805376398,0.0327532008775053,0.0125590366447895,154.0,1437,50.0,good,0
1997,62.0585974734551,50.7339086424922,0.2557383415805886,0.0079395390144535,0.0043617076788175,420.0,1438,50.0,good,0
1998,53.3630627798673,44.388018365626806,1.69977901620968,0.0370880376219185,0.0117192588405944,147.0,1439,50.0,good,0
1999,53.82103747172799,40.16458684554933,1.5742250488564131,0.0199244835137426,0.0012520860530123,342.0,1440,50.0,good,0
2000,54.17677011428026,40.59202012873324,1.5305802172103078,0.0181634092989335,0.0005983747916431,359.0,1441,50.0,good,0
2001,59.63853555758944,46.34669264084942,1.550084207411642,0.0193738618262221,0.0049649273490889,396.0,1442,50.0,good,0
2002,46.2332433460294,36.2970652088225,1.4685516043333982,0.0321139791944386,0.0097453112421474,245.0,1443,50.0,good,0
2003,45.4939941501658,37.3485150198532,1.9843442581900057,0.0362538272878725,0.0065351417800802,241.0,1444,50.0,good,0
2004,42.0106404980646,34.6068109611541,1.5581121347198,0.0362493905191099,0.0038669600322617,246.0,1445,50.0,good,0
2005,49.0075158229305,37.4397246159674,2.0192847884160545,0.0340805490086635,0.013399773847556,247.0,1446,50.0,good,0
2006,56.4622207757437,47.7944642986119,2.161667164869913,0.0411112529112628,0.0096155572085122,253.0,1447,50.0,good,0
2007,64.688137153649,52.03778758446732,1.8580827031493108,0.0291431020514833,0.024049250399903,92.0,1448,16.317417318539416,poor,1
2014,51.4480282480377,39.7564508924049,1.7599904691199784,0.0302630608259449,0.0015087970661077,783.0,1449,50.0,good,0
2015,69.4007426830753,59.36572094153302,1.7700960458822128,0.03773028790256,0.0080518538304028,224.0,1450,13.466320794224863,poor,2
2017,69.73980357526695,59.715604248527264,1.5040493211206705,0.0372410770589527,0.0113113055042167,274.0,1451,13.294380332672896,poor,2
2019,67.02566378219431,58.197384065926784,1.505220549793509,0.0367582591249037,0.0172857733691894,505.0,1452,14.269149301677098,poor,2
2020,73.71676688849175,65.08075227954133,1.3184431455929828,0.0265340534105864,0.0202234565082245,580.0,1453,13.166666666666671,poor,2
2023,58.66336619111394,47.46781129773743,2.089166636033867,0.034698657669961,0.008691475111927,324.0,1454,50.0,good,0
2024,48.759293520561,37.0964727587129,0.9552165898636455,0.0192827911537267,0.0025781838262162,356.0,1455,50.0,good,0
2025,65.4730675396402,56.4549286752643,1.537316018481377,0.0288042446403127,0.0053004369941526,14.0,1456,15.27222459967688,poor,2
2026,56.302378987310306,47.2827615025317,1.6273608975312632,0.0326432726597994,0.0052245860795326,13.0,1457,50.0,good,0
2027,52.9124209982503,38.2433694319832,2.614177634006876,0.0497962592880167,0.0076671498406191,365.0,1458,50.0,good,0
2029,64.6055904064564,53.4056234251985,2.658092707942974,0.0397618811625618,0.0031741107409503,188.0,1459,16.368569316593153,poor,2
2030,49.3798285814896,36.4396521239744,0.954653229281281,0.0179976270193573,0.0137397375118078,206.0,1460,50.0,good,0
2032,55.34008360407499,47.3160836484325,2.196058879257599,0.0352479817810929,1.373866713470625e-05,812.0,1461,50.0,good,0
2033,58.2793386150192,49.5812920606333,1.5717673012835782,0.0437212745795034,0.0090917273559473,162.0,1462,50.0,good,0
2034,50.4170599709545,41.0827166548208,2.0409404999099516,0.0370583389611233,0.0198280160198677,97.0,1463,50.0,good,0
2035,52.0454247471331,43.79542193018,1.5623342929966992,0.0388062406856672,0.0083457127588085,161.0,1464,50.0,good,0
2036,54.30020549278811,46.580465950958725,2.0492807791683356,0.0344720259819359,0.0060829960142739,48.0,1465,50.0,good,0
2037,55.12366652393632,47.111817190645866,2.0579083896940267,0.0338614293571219,0.0029779003043467,46.0,1466,50.0,good,0
2038,68.9483345493326,57.98168546705702,0.9938453660571436,0.0214678140781693,0.0134186600476115,189.0,1467,13.705272668174436,poor,2
2039,60.357233645515095,50.270321318594966,0.9689701208977332,0.0211910453935197,0.0056522484662384,111.0,1468,50.0,good,0
2040,67.49152099398327,57.33216277051818,1.3456079508892902,0.0279335755832038,0.0092737714882858,150.0,1469,14.530341988299003,poor,2
2041,52.2032776628091,42.85272664300051,0.990966217602893,0.022874446705696,0.014498057175893,361.0,1470,50.0,good,0
2042,57.248654697582296,48.198593808301,1.3100062562932686,0.0273973431243169,0.0172758288146811,418.0,1471,50.0,good,0
2043,49.3665316527793,41.0801671142412,0.9669839926266032,0.0218778162207936,0.0107270746108512,387.0,1472,50.0,good,0
2044,49.3605416354265,41.0725210663614,0.8857179819537867,0.0229285273565742,0.0112921541451109,387.0,1473,50.0,good,0
2045,69.81297864303158,62.832149750407694,1.1046491971352754,0.0198941280211679,0.0092977243522938,388.0,1474,13.257858428852064,poor,2
2046,49.7583312244636,32.1691128919056,1.249639728105183,0.0333118093994162,0.0017517334414618,206.0,1475,50.0,good,0
2047,56.5483448551897,45.5720965521683,1.8760076590648855,0.0318863034322758,0.0006113919846774,193.0,1476,50.0,good,0
2048,62.256879582252864,56.75583773668311,1.4916296301722398,0.0267386647754463,0.0140150504247818,240.0,1477,15.093764405864563,poor,1
2049,61.55684792575774,47.620081759554594,1.6409781262104108,0.0433541815654118,0.008871651273805,320.0,1478,50.0,good,0
2051,51.5018189856292,38.5998098775508,2.882445275193167,0.0521571352638492,0.0077714583909914,252.0,1479,50.0,good,0
2052,55.52390895669531,42.57915812604339,2.816685252276428,0.0501046877368906,0.0074856150819719,245.0,1480,50.0,good,0
2053,65.7550864613033,52.89235705665091,2.8799018490675548,0.052218067078656,0.0061576076484145,239.0,1481,15.61250246104883,poor,1
2054,63.4593564493765,51.9623254318983,4.270903171088701,0.0869967371931103,0.0044571998988894,1016.0,1482,17.13483099000932,poor,1
2055,70.0785429272325,56.3923558643668,0.861113889010592,0.0097169380692677,0.0110509477565896,617.0,1483,13.166666666666671,poor,2
2056,55.57950600405229,43.35220626905199,1.595551393654915,0.0395506541159504,0.0166277490711844,293.0,1484,50.0,good,0
2057,56.9325233982919,46.0481693368175,2.1326978555107496,0.0425050921272705,0.0068771541735792,162.0,1485,50.0,good,0
2058,51.781773081177306,40.6807121679354,2.057831203866632,0.0409386236059251,0.0120885760436952,160.0,1486,50.0,good,0
2059,49.674927232029006,36.6178251306981,1.6594064960833017,0.0403386731668099,0.0005225274368028,19.0,1487,50.0,good,0
2060,44.1093033249968,33.0368639891707,1.6649060224412568,0.0389196517751924,0.0005095676884122,27.0,1488,50.0,good,0
2061,47.2501177723105,36.1498354735926,1.6752031129160705,0.040171874513696,0.0004682070001368,28.0,1489,50.0,good,0
2062,52.6202854492874,41.4095566124297,2.1100924245676573,0.0366056886032187,0.0173395819545143,70.0,1490,50.0,good,0
2063,57.0629553289066,49.4085034674028,1.3100115604034006,0.0306548891339732,0.0141518491271418,181.0,1491,50.0,good,0
2064,59.2965412976161,46.919686238828,1.6657352819226985,0.0351015427292174,0.0104141682510076,315.0,1492,50.0,good,0
2065,51.4761935528267,39.295308321632,1.7009880512556528,0.0354220614763044,0.0064757186434466,304.0,1493,50.0,good,0
2066,64.5629645584611,55.2290148518972,1.9227012040696612,0.031840721471553,0.0101672311080644,120.0,1494,16.03359974144039,poor,2
2067,52.445116188867146,41.40340173803659,1.5217184904518373,0.0260426003775063,0.004973481435229,337.0,1495,50.0,good,0
2068,52.4284363183888,38.2408504610438,1.046050085697885,0.0220497422816277,0.0010390371561774,766.0,1496,50.0,good,0
2069,47.9735950211179,32.1620497452484,1.4600004113199163,0.0278306659597723,0.0082267415008076,143.0,1497,50.0,good,0
2070,54.71556849639807,38.04420366096696,1.7610196082805183,0.0267714115478956,0.0119507923388218,139.0,1498,50.0,good,0
2071,58.01755258222319,48.56987883534064,3.0262982765843027,0.0468810325430752,0.0198899091787398,596.0,1499,50.0,good,0
2072,57.615821283833895,48.3863348818526,2.2780318574603644,0.0342176501028361,0.0060897523961861,950.0,1500,50.0,good,0
2073,63.1528981762274,53.38341195005877,2.6507738382478023,0.0390790448438874,0.0309996473711139,565.0,1501,17.2322048745878,poor,2
2074,63.896312683702504,56.4254350102766,1.5621697933193806,0.0320551128420758,0.0112812545050208,35.0,1502,15.290465261418326,poor,2
2075,44.238571643833,31.0087371011491,2.303500438758647,0.0356033840451172,0.0083236508345284,206.0,1503,50.0,good,0
2076,55.76281327686873,45.27233006742031,2.49248708089685,0.0375611902691318,0.0120551641824895,514.0,1504,50.0,good,0
2077,41.0817798880108,29.9112698674495,1.357288722264116,0.0357662006887694,0.0094235500655401,,1505,50.0,good,0
2078,69.15896831279395,58.05657067610149,1.6808071939736964,0.0270366182738898,0.0230035238602563,243.0,1506,13.59215399117039,poor,2
2079,47.0703936167242,44.10983841146211,2.090895665606247,0.0344891328585983,0.0100375927732796,356.0,1507,50.0,good,0
2080,59.5864798778056,48.3671083133812,1.812360306564477,0.0337736069576096,0.0182837303277665,235.0,1508,50.0,good,0
2081,46.732040856333306,35.53186144330689,1.33240712249244,0.0316819919057313,0.0104029301519493,9.0,1509,50.0,good,0
2082,64.1379872461572,56.8304552531561,1.1798643378611051,0.0242977618588237,0.0084840925435336,122.0,1510,15.048232104596647,poor,2
2083,57.14357542303668,46.54740670071896,2.221271367686688,0.0404875995039526,0.0061742822978647,328.0,1511,50.0,good,0
2084,69.96104399030996,59.18442754535853,1.771832114306803,0.0236711018220614,0.0209089734953237,189.0,1512,13.185411678427524,poor,2
2085,69.87575779481107,58.01865855306416,0.992732372821558,0.0164986314861773,0.001585930582884,493.0,1513,13.226906661758955,poor,2
2086,49.68400413963852,39.377395238894955,1.61210797519054,0.0337256977184967,0.0053852998607039,309.0,1514,50.0,good,0
2087,70.1328898331887,60.2714362329354,1.8721967285079355,0.0298591156428608,0.0166557704238484,584.0,1515,13.166666666666671,poor,2
2088,63.4371075010381,48.16428077570761,2.1508369995975434,0.0280369601977178,0.0067600931070515,481.0,1516,17.15389994688371,poor,1
2089,67.54598461195103,60.06271778419432,1.350463077736427,0.0224673933431795,0.0232072929486526,100.0,1517,13.339869281045754,poor,2
2090,68.8351403179248,54.8129787249549,1.3051367993510186,0.0251859652274614,0.000857429100982,101.0,1518,13.765221458822774,poor,2
2091,50.895438754271,37.0305432108356,1.7919759524820806,0.0335350552038828,0.0085698183882928,61.0,1519,50.0,good,0
2092,62.9019160704358,49.2386711285669,1.6518733071169962,0.0315103820679551,0.014830319277041,198.0,1520,50.0,good,0
2093,63.7811412126267,49.7648023642526,2.4844779038879876,0.0375526823885019,0.0088897591411283,245.0,1521,16.929728667236684,poor,1
2095,66.90431752008,58.72232201878299,2.727887052413273,0.0483925338415327,0.0096104598845518,181.0,1522,13.984466463371668,poor,2
2096,53.1337185761696,46.0086638087831,1.628277732561232,0.0399179401303774,0.0113174740710916,105.0,1523,50.0,good,0
2097,60.1683641772858,47.0268633824477,2.2002513021793275,0.0316302834351471,0.0210527461806102,200.0,1524,50.0,good,0
2098,63.01091855018348,53.373450509491256,1.1916433354185658,0.0233180294683963,0.0081796856531621,465.0,1525,17.24466706308465,poor,1
2100,59.15848206977837,47.96144041126976,0.8038039050278604,0.0174007465176115,0.0003400672359492,1179.0,1526,50.0,good,0
2101,68.2040279949151,57.18672723836843,2.005625175506261,0.0401314787646042,0.0068436423556518,412.0,1527,14.116132493047198,poor,2
2102,69.76443156234987,62.14717178665408,2.1487209431447942,0.0432472269014062,0.0058191437250533,315.0,1528,13.28203444770936,poor,2
2103,46.6599500688735,34.5298537692359,1.3535592665246827,0.0306875148891449,0.0057477869902464,65.0,1529,50.0,good,0
2106,60.7072892830366,49.6332334066991,0.4574597364764168,0.0099039015251483,0.0027151776851741,450.0,1530,50.0,good,0
2107,62.4533008554739,53.5931454911492,0.4415873233750616,0.0106495348277309,0.0027919971081791,467.0,1531,17.065235049884482,poor,1
2108,73.2284162972517,65.8584134624644,0.3788889913581112,0.0072100392316837,0.0019667078093933,511.0,1532,13.166666666666671,poor,2
2109,69.6592956097368,60.84655411540821,0.7756116351808727,0.0163738779967734,0.0005304985480781,152.0,1533,13.335126078660506,poor,2
2110,55.356989759744,43.95860849997102,1.6292842668125769,0.0256298613790509,0.0119099551717408,68.0,1534,50.0,good,0
2111,52.1600922623107,39.5978212153213,2.507814182789849,0.0429963137155915,0.0153441036212063,447.0,1535,50.0,good,0
2112,70.8340303115846,62.2957409000029,1.0030262462343285,0.0209564427561271,0.0004407628419209,572.0,1536,13.166666666666671,poor,2
2113,63.5203176577128,50.938053556217,1.260728130645982,0.021715627624248,0.0131644965643346,571.0,1537,17.090773975507588,poor,1
2114,51.6364207032189,42.5879816315657,0.921308876963013,0.0178359413547215,0.0062419916551593,141.0,1538,50.0,good,0
2115,60.57749258612163,46.5588085179523,1.858122991493246,0.0337668483583536,0.0074731364149493,313.0,1539,50.0,good,0
2116,61.04344923793587,47.01404718913811,0.500209558779982,0.011526579426764,0.0055662039454284,195.0,1540,50.0,good,0
2117,61.318857546786454,47.05641440975222,1.9017814977210272,0.0353070831593446,0.0044782499105578,217.0,1541,50.0,good,0
2118,62.40235969439601,47.75699635990766,1.9367251961853449,0.0359900747866591,0.0063214680038025,243.0,1542,50.0,good,0
2119,62.6312541897761,52.3119289367483,1.5640070554027332,0.0257209774295178,0.0060814268953449,25.0,1543,50.0,good,0
2121,56.71973569756369,46.37058677892669,1.8348688195615304,0.0318734304519563,0.006100444668998,25.0,1544,50.0,good,0
2122,54.8527600078424,44.5925369437912,2.004974850713229,0.0339766205858931,0.0055665224235448,25.0,1545,50.0,good,0
2123,49.60380863155329,40.32866986256565,0.7610282938876787,0.0145014344948799,0.010650275465262,401.0,1546,50.0,good,0
2124,54.705156260331265,40.78530297583269,1.6899624648166442,0.0308761004977117,0.005624768050407,265.0,1547,50.0,good,0
2127,57.492356320794,43.4079320556853,1.474348348212639,0.0239925799153181,0.0149875630249113,123.0,1548,50.0,good,0
2128,67.6209715605785,52.2683943136252,1.37520373234104,0.0322815712051105,0.0187319173841627,125.0,1549,14.453519433768829,poor,1
2129,69.7832461123833,62.9953021638636,1.1455393293238103,0.0192003473789465,0.0024876788878708,705.0,1550,13.272639810349041,poor,2
2130,56.038242448979005,49.79200383593744,1.659159154228642,0.0274420917183523,0.0006988425090834,853.0,1551,50.0,good,0
2131,55.21998956970006,42.672486754825094,1.2410502415807136,0.0283883898300117,0.0039180887745623,334.0,1552,50.0,good,0
2132,42.217001765441424,32.692955582117655,1.6346469659200105,0.0384105336045413,0.0076391113646527,328.0,1553,50.0,good,0
2133,54.0201288871138,44.7314997179431,2.0085834732530556,0.0412926009466503,0.0077692475168634,48.0,1554,50.0,good,0
2135,49.415787140622896,39.8680876200131,1.592210602153175,0.0345706568383119,0.004485951616746,51.0,1555,50.0,good,0
2136,47.7884350629575,37.7923197187389,1.6800668130267713,0.0327020350468834,0.0029276674303362,52.0,1556,50.0,good,0
2137,48.288564286071,38.0070553013675,1.7023728267967346,0.0361626563030527,0.0040648361227821,48.0,1557,50.0,good,0
2138,63.1745089015319,53.118711766660894,1.399123386117427,0.0252067206866978,0.0035493508288025,51.0,1558,17.251207729468593,poor,2
2139,63.16437799331,53.23245126483491,1.2015589837585654,0.0258694172361129,0.0020556616850898,51.0,1559,17.2512077294686,poor,2
2140,58.2484383691061,48.67854490410879,2.2285639806215647,0.0480492106437636,0.0024742147470532,48.0,1560,50.0,good,0
2141,55.83827899672098,47.41142908626053,1.906477074614088,0.0410910665368899,0.0072786325348533,100.0,1561,50.0,good,0
2142,60.26469783458608,51.823146745731336,1.955453798036565,0.0434571194326321,0.0060381694963463,88.0,1562,50.0,good,0
2143,53.9489253046718,45.3497401242727,3.444525864671751,0.0639616348604725,0.0103136194721239,89.0,1563,50.0,good,0
2144,54.356163117000506,39.3717000980061,1.653674835253399,0.0308850323034626,0.0135878969167493,737.0,1564,50.0,good,0
2145,54.85703200480635,46.19657208221328,1.6694200016695937,0.0473312306777374,0.0126748771043806,91.0,1565,50.0,good,0
2146,45.95250338715701,34.08411232522711,1.716631471683973,0.0359580009856694,0.0103378802279161,343.0,1566,50.0,good,0
2147,50.455879313848435,39.992707647818506,0.920409790673974,0.0230793114705347,0.0198474027623612,344.0,1567,50.0,good,0
2148,65.12540068281777,54.44341524656072,1.5242369320399356,0.0285522969512128,0.0069844938505761,36.0,1568,16.02773984954371,poor,2
2151,62.185779000562306,49.6798057870099,1.7991989047801749,0.041254410128392,0.0165026626369996,296.0,1569,50.0,good,0
2152,46.1411970238342,35.8741300672566,1.0010951553685363,0.0180545331121552,0.0235676888155949,432.0,1570,50.0,good,0
2153,41.9331449251282,27.2984794191272,0.9037879250040096,0.0122878016631817,0.0237068116432631,405.0,1571,50.0,good,0
2154,73.7673147320371,67.2725219171912,1.924014777622489,0.0321196218390404,0.0040972903539441,1831.0,1572,13.166666666666671,poor,2
2155,50.433797442269,39.61251163748,1.3848580704766915,0.0269814630508795,0.0008234084829499,2535.0,1573,50.0,good,0
2156,68.8028465405836,59.5655241435082,1.1264366724784334,0.0168869244478635,0.0056724905619025,602.0,1574,13.551404770101502,poor,2
2157,64.70508259313698,53.7580259522068,1.876347760197071,0.0301550028907121,0.0228458350231536,63.0,1575,16.307490765153265,poor,2
2158,60.3580511713536,53.0868159248148,1.5249436366125984,0.0364422921226485,0.0103646861687691,17.0,1576,17.251207729468614,poor,1
2159,45.6488872994262,35.6054537590128,2.6783576373559423,0.0420803712339884,0.0078713860007215,319.0,1577,50.0,good,0
2160,69.83539809902726,62.92636551103675,2.0221283832644223,0.0385953923383506,0.0008175163346427,7.0,1578,13.246764952224813,poor,2
2161,69.7438674142603,62.758461000269264,1.7731669450765557,0.0346352483913732,0.0013744016629173,9.0,1579,13.292339354159576,poor,2
2162,69.73753470345173,62.65989284541252,2.0658583585982924,0.0413057933370672,0.002353965709562,10.0,1580,13.295520480647971,poor,2
2163,61.39704751354664,54.23774614592202,0.9582052816752016,0.025961896324261,0.0009806240548061,7.0,1581,16.658901380133848,poor,1
2164,61.11755314982454,54.41580262753463,1.3969198136449206,0.0329346866725965,0.0012413644870866,9.0,1582,16.550151284075138,poor,1
2165,61.07895543621996,54.22705668892401,1.2357328171306026,0.0308581706524945,0.0013303718953264,9.0,1583,16.666380012923753,poor,1
2166,58.03237360612609,51.02893726615028,1.2069649229346802,0.0302404179725029,0.0011344026376024,10.0,1584,50.0,good,0
2167,46.158712813347826,35.32494456065951,2.706461562034995,0.0516983684765754,0.0064069624308416,125.0,1585,50.0,good,0
2168,44.58182587554453,32.33023704114465,2.7949938813932103,0.0489343267833795,0.0115863905013484,124.0,1586,50.0,good,0
2169,44.11850825302872,33.0069903547391,1.6994155606267138,0.0434314090120006,0.0104355991645481,134.0,1587,50.0,good,0
2170,49.777710683210714,38.930370723524945,1.8846786156457709,0.047460795942255,0.0061006949336897,140.0,1588,50.0,good,0
2171,55.257872381699976,39.28504044421679,1.8459973194357984,0.0392951384454393,0.0334027170924956,358.0,1589,50.0,good,0
2172,64.92661859708605,58.951341511869096,1.656565725123332,0.0198121936825204,0.0067159406015672,1767.0,1590,13.864713833911994,poor,2
2173,55.094719376275506,43.1291799298274,1.1355748959868304,0.0246814731846739,0.0090451971706464,176.0,1591,50.0,good,0
2174,56.7650852063115,41.256664664302,0.8508283563231023,0.0092900969727954,0.0068799121339304,1112.0,1592,50.0,good,0
2175,48.7556418765368,47.1848830533493,2.3638102667862335,0.0376229214702742,0.0136891506568684,381.0,1593,50.0,good,0
2176,52.46091653536331,41.6112291126019,0.9413957820233472,0.0158154365067046,0.0055993661636034,201.0,1594,50.0,good,0
2177,57.1387392308725,48.5125678488955,1.1263803677923232,0.0204287938193905,0.0070109870174633,183.0,1595,50.0,good,0
2178,44.351732039011,33.3116383640529,0.9056738118288452,0.0177339709319877,0.0207293951866422,165.0,1596,50.0,good,0
2179,46.821587585602,36.0389601814885,1.4415091981034187,0.0272392950967863,0.0178419817241024,165.0,1597,50.0,good,0
2180,48.7449370753263,35.1170955135539,1.520816128880545,0.0301780957820884,0.0365713877225525,203.0,1598,50.0,good,0
2181,47.8994995338048,34.8962867822256,1.6313674622141503,0.0315062857329114,0.0337465549086499,216.0,1599,50.0,good,0
2182,67.8539412477897,59.0037829930251,1.39447897354323,0.0196522851781374,0.0059719593034004,804.0,1600,13.836949894302675,poor,2
2186,68.17629330408592,58.991508099811114,1.9043716743726296,0.0354742043306673,0.0157515658675957,323.0,1601,13.843418551347863,poor,2
2187,50.22846994264461,41.0499155746635,2.2515107754616186,0.0429971303578569,0.0104241809437582,322.0,1602,50.0,good,0
2188,50.93341007391019,41.10218943250841,2.32376189685249,0.0464281411541635,0.0046210880463154,320.0,1603,50.0,good,0
2189,56.7514378704258,46.3793070072986,2.356124516183207,0.0477042238396979,0.0036655820106099,303.0,1604,50.0,good,0
2190,65.3364680898807,54.8826063165453,2.2225578025307176,0.0427580033210997,0.0126447988718152,295.0,1605,15.883228696927198,poor,2
2191,58.1289632794094,43.3729298240913,1.9675010476130064,0.0351202155793086,0.0047340371092312,391.0,1606,50.0,good,0
2192,67.3121904670479,55.1164447877198,1.9210816102920356,0.0277887883469602,0.0197569444868525,510.0,1607,14.636745179193023,poor,2
2193,57.7004268266535,46.1505844663565,0.5060700088429695,0.0053331185087874,0.0082002404661222,485.0,1608,50.0,good,0
2194,47.123324924159,34.075178989185,1.3478244841695786,0.0212122970494396,0.0153885998881982,176.0,1609,50.0,good,0
2195,49.0323696216808,36.6047584802145,1.0386653980791145,0.0223381892309925,0.0164712707985086,1367.0,1610,50.0,good,0
2196,50.1899864504872,49.0141307073481,1.2807249498597952,0.0271553711341729,0.0104734756761111,443.0,1611,50.0,good,0
2197,50.6728640877956,49.08102416886679,1.4209703212300255,0.0317040073896102,0.0095199599064866,498.0,1612,50.0,good,0
2198,54.2277765286308,40.133481753469496,1.590108211618121,0.0343395762064385,0.0121931143425913,1292.0,1613,50.0,good,0
2199,63.448540605191894,57.440664505300994,2.0454663229523096,0.0395286762185998,0.0117416169386236,416.0,1614,14.695045976486291,poor,2
2200,62.36244822582905,55.86263025484179,1.333466753384316,0.0185397079245509,0.0007939934883238,797.0,1615,15.634034079068181,poor,1
2201,52.2638762581181,39.6116623129011,1.124950650617452,0.0220505271081174,0.0042631833579558,393.0,1616,50.0,good,0
2202,64.36231272870653,57.211426010310326,1.588295814836835,0.021967171974226,0.002919815024716,685.0,1617,14.824978131957833,poor,2
2203,53.69817028678402,39.34085855512127,1.5935363056005143,0.0270175960249343,0.0089191584555317,538.0,1618,50.0,good,0
2204,70.0531243455241,59.0152787196261,1.147499906895023,0.0230741847809039,0.012286941132285,417.0,1619,13.166666666666671,poor,2
2205,64.3329274369069,56.0380590813034,1.46185680539444,0.028293723685755,0.0178551271245666,75.0,1620,15.526191235373567,poor,2
2206,55.8385659065178,47.7288706533959,1.915660889117297,0.0370664694232345,0.0078985973639964,88.0,1621,50.0,good,0
2207,57.1353979314328,49.1305689708761,1.58221191203369,0.0316434202398788,0.014105499049898,99.0,1622,50.0,good,0
2208,67.9054694444899,58.6905405557132,1.4777583617048344,0.0269958102566938,0.0201014047501182,444.0,1623,14.001369442299172,poor,2
2209,63.6523481859051,55.1995359438156,1.0202910488679937,0.0223325643274066,0.0028594018679495,351.0,1624,16.052839976470676,poor,2
2210,64.6996404935261,55.0015508047147,1.305956326055662,0.0224554304851899,0.0236653219035403,422.0,1625,16.170554468283015,poor,2
2211,55.5154512649211,44.652626378485806,0.9579063452211536,0.0152473312839738,0.017418092342791,558.0,1626,50.0,good,0
2212,65.6464036170132,51.193064352586,2.6707739872855725,0.0455888142347177,0.0003451644311887,1514.0,1627,15.679859461082863,poor,1
2213,66.52994062092822,58.239521911407586,1.526306495973139,0.02901012874899,0.0083419146318534,234.0,1628,14.245396926386295,poor,2
2214,57.78954934207203,53.01151911786896,1.975199085811908,0.0328371935570997,0.0073333897858386,416.0,1629,17.25120772946861,poor,0
2215,59.20478873831142,51.31684050700642,1.4699717880528111,0.035368665112094,0.0071694057244215,87.0,1630,50.0,good,0
2216,71.4049950982786,61.2949823837492,1.549409449665325,0.0278611986008104,0.0033499185117639,324.0,1631,13.166666666666671,poor,2
2217,70.00422708678572,58.57735277706371,1.9420150024420977,0.0315230881573099,0.0192370873618135,977.0,1632,13.166666666666671,poor,2
2218,58.560197453787985,50.65137839723228,1.4777007191265068,0.0316937479482888,0.0100923015699052,27.0,1633,50.0,good,0
2219,58.24530460561426,50.37636036161858,1.535011911181258,0.0299733025272471,0.0112327132893606,27.0,1634,50.0,good,0
2221,60.003897008150474,52.12135443263015,1.0878728064424998,0.0301124916663264,0.0059397726217137,26.0,1635,50.0,good,0
2222,54.916624230857906,42.3465434290499,2.476676192226148,0.0513191233749253,0.0180481280192936,220.0,1636,50.0,good,0
2223,57.2770704805701,41.62400244982679,2.787751179335482,0.033535408426557,0.0009194840691732,410.0,1637,50.0,good,0
2224,52.3782456448958,39.4412112320846,1.773282802980245,0.0348470111590148,0.0181881484510527,240.0,1638,50.0,good,0
2226,49.838890329558,36.7425767246019,2.50892278997027,0.0392510429352872,0.0111465662048546,108.0,1639,50.0,good,0
2227,48.1077734778077,33.543024699792,1.358866994686914,0.02965319741,0.0159201356942149,104.0,1640,50.0,good,0
2228,63.35162774470815,52.891555468607166,2.108860340533475,0.034398664623446,0.0155140598839839,217.0,1641,17.248960094215818,poor,1
2229,51.8233656554316,43.6715594626888,2.927455689441329,0.0452389845475808,0.0149008034496633,1278.0,1642,50.0,good,0
2230,58.65248574043563,42.71613896529763,2.321719362912465,0.033937182448621,0.0321105393726739,576.0,1643,50.0,good,0
2231,50.4419157353778,34.9588054611133,2.8167145048614017,0.0405510999377643,0.0255768410127199,458.0,1644,50.0,good,0
2232,49.51497945847548,34.234936346834665,2.578757205987132,0.0377329048682681,0.0252553867986168,340.0,1645,50.0,good,0
2233,47.0179551090976,33.5041123324407,2.773757859637843,0.0376532316174683,0.0265208311663046,244.0,1646,50.0,good,0
2234,51.6680574957607,43.4355195468725,2.300461890041539,0.0447098533521791,0.0086629939955855,165.0,1647,50.0,good,0
2235,48.6391288065263,40.6391288065263,2.2965494839103413,0.0418248165708546,0.0106654923183802,167.0,1648,50.0,good,0
2236,64.4548057748428,51.3992495339059,1.7433359497152132,0.0340880273002772,0.0119378514150373,348.0,1649,16.47589690267565,poor,1
2237,47.31294402859456,39.915783988059104,2.461566842912246,0.0411624284900565,0.0051848853087789,506.0,1650,50.0,good,0
2238,48.94633690169308,43.30741452900236,1.6681271773135662,0.0317402913858689,0.0197950263028076,508.0,1651,50.0,good,0
2239,56.76001814113576,52.012016474562834,1.562161653755317,0.0280424251874787,0.0144601279740561,514.0,1652,50.0,good,0
2240,57.53225489797444,52.671288062322496,1.791772268559529,0.0315178644501646,0.0166757188506037,478.0,1653,50.0,good,0
2241,37.8536090678735,18.8536090678735,0.3899782368731104,0.0075865850393504,0.0,839.0,1654,50.0,good,0
2242,54.9713657795604,36.8425122063918,1.3033119030835352,0.0189869488819653,0.0084197854911293,247.0,1655,50.0,good,0
2243,44.8992200079048,42.0298049508183,1.5263549566897452,0.035693736271814,0.0090673271422693,265.0,1656,50.0,good,0
2244,71.49517495437551,55.63995789302135,2.397947243899636,0.0347824260899329,0.0033840825397818,422.0,1657,13.166666666666671,poor,2
2245,57.2830248805219,40.8548522986974,2.543976967482121,0.0372366771796492,0.0054287725100456,756.0,1658,50.0,good,0
2246,54.3893400446974,36.5411989704084,1.1260299770294313,0.0150197869471387,0.0119575927455749,228.0,1659,50.0,good,0
2247,57.7440187066376,38.9781753729206,1.6751554495304402,0.0245247429575607,0.0087040257503088,331.0,1660,50.0,good,0
2248,73.1350206247377,64.1209746691417,2.155612192959113,0.0348528099534587,0.0051319634165677,459.0,1661,13.166666666666671,poor,2
2249,68.8841729227792,57.386197966508504,2.2466262564725477,0.034605645805366,0.0147777538000803,463.0,1662,13.739056291690323,poor,2
2250,63.92545335856794,56.052034523331606,0.9601649164023394,0.0095028741542833,0.0111992565508744,724.0,1663,15.51724302232121,poor,2
2251,60.5760133109733,45.6719629569806,1.5413140960576828,0.0369728760382305,0.0103086132025836,232.0,1664,50.0,good,0
2252,47.0726830564015,36.0227869077796,1.620441596725228,0.0354508074820511,0.0144589183213893,239.0,1665,50.0,good,0
2253,54.918637887751665,45.556681586227654,0.8805307366736048,0.0159836289652955,0.0131384396259676,114.0,1666,50.0,good,0
2254,67.63840073079737,55.36871997728202,1.8980595996531788,0.0320676091312211,0.0208997829980817,129.0,1667,14.442977335254607,poor,2
2255,44.44289283209503,41.75892647919647,2.210753484222162,0.0367983409137945,0.0126719101029189,644.0,1668,50.0,good,0
2256,67.9989729772517,58.138366170798534,2.3139505884427587,0.0434095240266504,0.0239172568238853,242.0,1669,14.232798163297591,poor,2
2257,45.5082661659133,28.7982856549365,2.5197673090650494,0.0397890527658253,0.0054813906322698,443.0,1670,50.0,good,0
2258,70.9098016041618,56.9098016041618,2.187557478286938,0.0346867883995382,0.0081007409256911,1098.0,1671,13.166666666666671,poor,2
2259,70.2124497649345,56.1806278712944,1.6767923216102334,0.0310149857637407,0.0046117008147576,1085.0,1672,13.166666666666671,poor,2
2260,69.3591556624044,54.9949289062578,1.388467429998113,0.0248360749287616,0.0011750217476519,1089.0,1673,13.48803288332276,poor,2
2261,49.938279512803504,38.8109965206382,1.9698557068125164,0.0359794977841747,0.0140362520394173,146.0,1674,50.0,good,0
2262,51.1265262313931,39.7325485590275,1.3368928323101703,0.0320261119932997,0.0162427992180642,,1675,50.0,good,0
2263,67.054826831997,53.7008175335702,1.6784131211884477,0.0241759064474256,0.0025245414755123,602.0,1676,14.792053597965609,poor,2
2264,74.1693594147965,63.73404274711581,0.7045530486444105,0.0127610736046819,0.0009854025309613,801.0,1677,13.166666666666671,poor,2
2265,50.84429586694298,36.995836558400825,1.559267691770627,0.0286949800124076,0.0144823161115096,308.0,1678,50.0,good,0
2266,46.57387508572545,34.713903714872586,1.8705424483661468,0.0360287048236062,0.0079366918617055,279.0,1679,50.0,good,0
2267,45.61053750411139,34.34487837859018,2.4520534630703685,0.040734795119276,0.0090989629423313,145.0,1680,50.0,good,0
2268,66.7315264002202,54.3533174193542,2.2015597086399503,0.0418963193622348,0.0199491918804373,582.0,1681,14.990909106722155,poor,2
2269,54.1913725715024,48.9876656341646,1.4827097857456095,0.0363504674123401,0.0146658289547912,1071.0,1682,50.0,good,0
2270,72.71922730822237,64.0154360540183,1.975335390887216,0.03966848277495,0.0050438866948867,463.0,1683,13.166666666666671,poor,2
2271,59.0981756832549,45.276046410998,1.5039668213441373,0.0310971645100016,0.0125846841471453,1337.0,1684,50.0,good,0
2272,50.5874324017103,37.6166515556884,1.613008099081824,0.0279043013021792,0.0208587951142357,1285.0,1685,50.0,good,0
2273,57.217013762351,46.0322771441156,0.4678010347908161,0.0077923349126637,0.0055593216656746,425.0,1686,50.0,good,0
2274,63.7560395333685,54.668458087798,1.3922308012174265,0.0222218968667899,0.0152330917422743,14.0,1687,16.38207943878185,poor,2
2275,55.0028181556938,45.8368051857413,1.7142586953903567,0.0325857372301688,0.0106809249833425,13.0,1688,50.0,good,0
2276,65.1468412024174,56.1009395927685,1.733156439705169,0.02873924944304,0.0090009448506563,17.0,1689,15.486476744905495,poor,2
2277,60.9646095792542,51.94356728482481,1.7072426853558538,0.0277366172963732,0.0045147741602327,13.0,1690,50.0,good,0
2278,54.2465110475914,45.1901223500555,1.867900993913581,0.0320273635062623,0.0086425159273802,13.0,1691,50.0,good,0
2279,51.070021767966,40.5000083255963,0.9749810067114576,0.0176874201157733,0.0083055633410982,1277.0,1692,50.0,good,0
2280,57.37484396408124,48.95695240660843,1.6471300833376028,0.0263176928284507,0.0171664369626635,218.0,1693,50.0,good,0
2281,51.83313231935368,41.94617434840762,1.2142339288884625,0.0261343156764969,0.0212011033851096,205.0,1694,50.0,good,0
2282,66.0235343629374,56.9997087128138,2.7811563886088817,0.0473410968033705,0.0122879653320863,13.0,1695,14.950170255206888,poor,2
2283,58.7565899051954,49.7441106682673,2.478059710111515,0.0469587539314388,0.008852969530306,13.0,1696,50.0,good,0
2284,64.3257139623689,55.2686624783459,2.13742494464359,0.0374810160512789,0.0118133861982706,11.0,1697,16.005783245983952,poor,2
2285,58.8876343525404,49.46933714689321,2.8950146319450307,0.050796063065512,0.0136571714960529,11.0,1698,50.0,good,0
2286,47.624783728434565,35.25680464161256,0.585206277821379,0.011395223879497,0.0170733360244547,119.0,1699,50.0,good,0
2287,47.61008236521243,35.2852853628016,0.637160630831903,0.016212573922114,0.0111160166882339,119.0,1700,50.0,good,0
2288,47.7657725589329,40.92047278968779,2.2648898559430615,0.0454458019632739,0.0138046180914244,1087.0,1701,50.0,good,0
2289,48.007234830133,40.832572682379,1.7136723357453163,0.0338967132999287,0.0144838855593473,1124.0,1702,50.0,good,0
2290,50.3417229308461,42.8471418691555,1.363944251636562,0.0289080508613758,0.0191648315273153,1159.0,1703,50.0,good,0
2291,59.9714551696211,52.974920303031816,1.0133107477618608,0.0173609057976059,0.0025037917479361,141.0,1704,50.0,good,0
2292,69.7468132297381,55.9675835513028,1.3026981842648302,0.0207955505121399,0.0158488654535826,624.0,1705,13.290860819286559,poor,2
2293,58.22423177496917,43.52267752769951,1.7242787148190752,0.0318984104323243,0.010016089125491,503.0,1706,50.0,good,0
2294,50.9874896289986,40.2298258199571,0.2787579743727681,0.0028552570207453,0.0042936542441316,615.0,1707,50.0,good,0
2295,70.8814458646697,60.3045567231822,2.059139527702162,0.0318981125174867,0.0362660032771977,289.0,1708,13.166666666666671,poor,2
2296,49.03520538780009,41.7841256797281,1.0590494296139472,0.0181728061772162,0.0219816026485611,471.0,1709,50.0,good,0
2297,70.2811188402533,59.5474590197368,2.100541551093908,0.031800669279915,0.0217662605892102,513.0,1710,13.166666666666671,poor,2
2298,50.9066175021366,45.719149900723096,2.343308842455405,0.0414460484055664,0.0105155482939466,505.0,1711,50.0,good,0
2299,44.32959695198937,37.13532533803924,1.7691359318938833,0.0302947275653053,0.0148224312728775,46.0,1712,50.0,good,0
2300,62.3548642587358,49.7576934120755,2.8456584719796907,0.0541625515652529,0.0101414218531927,266.0,1713,50.0,good,0
2301,60.8340424588276,48.2720093444301,2.4610965225832206,0.0466695846947905,0.0175517851005481,254.0,1714,50.0,good,0
2302,46.59284281405026,43.746093875095525,1.9172439683517877,0.0347105018506031,0.0095276086920888,90.0,1715,50.0,good,0
2303,51.64735033777337,50.68689872569561,2.321502099513161,0.0421891407243807,0.0107967300014942,80.0,1716,50.0,good,0
2304,54.08088373474979,50.41186058087718,2.38200680545619,0.0410016460177337,0.0153057382095441,80.0,1717,50.0,good,0
2305,50.57507191119021,45.181615008064746,1.8744646413939103,0.0366301889061396,0.0066093508192352,84.0,1718,50.0,good,0
2306,53.17130157153965,43.440099934619134,1.651420954772141,0.0349122263979909,0.0085284803562699,92.0,1719,50.0,good,0
2309,62.4093622240996,44.257985942071,0.2744837420323522,0.0049557516325235,0.0014541887522171,,1720,50.0,good,0
2313,43.4396622133092,38.1396983479104,2.8965459724565576,0.0457681655958675,0.020316091577479,298.0,1721,50.0,good,0
2314,49.17079884105527,41.00709277159376,1.779991290045009,0.0352995447843812,0.0133063039995359,264.0,1722,50.0,good,0
2315,44.73810690233215,36.56241467099109,1.7064918809294416,0.0325212487994298,0.0141763807000125,250.0,1723,50.0,good,0
2316,44.61158894693366,38.660833739073425,2.401099489136509,0.0329291322284898,0.0183671827568767,277.0,1724,50.0,good,0
2317,48.446408545632565,40.246630206480376,1.736712135659935,0.0374448822828341,0.009614201170183,247.0,1725,50.0,good,0
2318,69.0488374380613,60.0605174795499,2.7428640910573763,0.0425852719453224,0.0075674520278254,381.0,1726,13.339869281045754,poor,2
2319,52.301553028665296,43.68283982704399,1.362231815412661,0.0248235826579685,0.0388189825864624,297.0,1727,50.0,good,0
2320,44.2799663144178,30.5514354274697,2.4652078806335007,0.0540098652098604,0.0117706917949562,82.0,1728,50.0,good,0
2321,45.281123263006265,37.06648094238068,1.3978292115916011,0.0324389949245697,0.0085646302609875,72.0,1729,50.0,good,0
2322,50.45122385938189,41.60453504028795,1.8161420976979707,0.0379127703848321,0.0043727480212956,142.0,1730,50.0,good,0
2323,61.97915907490796,47.38673494176795,1.4475770876142209,0.0267497580972082,0.010872877621351,721.0,1731,50.0,good,0
2324,60.69976184915582,45.753547042602165,1.612145264977427,0.0336285604366828,0.0174821411280814,800.0,1732,50.0,good,0
2325,60.6775098635096,51.8123915231902,2.49312129037931,0.0414032090919397,0.0147676182876341,69.0,1733,50.0,good,0
2326,62.42889935087665,51.995301613204745,3.311090401491839,0.0510814231014845,0.0053396359947238,183.0,1734,50.0,good,0
2328,61.96273924237388,51.339346728295595,3.149779418920211,0.0655308796725461,0.0056741191145543,192.0,1735,50.0,good,0
2329,56.677908034055605,46.900589470855934,2.6008028455198313,0.0524783271402917,0.0025132043998759,188.0,1736,50.0,good,0
2330,59.49754930404698,51.40017617960433,2.74872517301155,0.0544278484107037,0.0031714060604746,185.0,1737,50.0,good,0
2331,65.76159428639156,58.60165143915421,2.458067270175947,0.0519688355789428,0.0029746952928721,174.0,1738,14.049370123449043,poor,2
2333,59.729727830306,52.7884904210549,2.0711252587882254,0.0352435966285442,0.0138986212939434,225.0,1739,50.0,good,0
2334,52.18741583692012,49.20590971709042,1.6160431036824237,0.0245136535112072,0.0272080428135522,221.0,1740,50.0,good,0
2335,60.98237085110689,56.27560952109168,1.4124468572331728,0.031086202651287,0.0213138632272494,221.0,1741,15.383097605182877,poor,1
2336,58.96453964189676,55.98255217488752,1.6563181396736055,0.0260638311389066,0.0165859231191234,221.0,1742,15.562440243004389,poor,1
2337,53.79716737266273,48.721387022460135,1.3542113592763978,0.0268560309364568,0.0239107552422754,221.0,1743,50.0,good,0
2338,72.27710842287,64.1995415084236,2.4196576225333035,0.0319431376842985,0.0018554351797945,390.0,1744,13.166666666666671,poor,2
2339,68.4372446800906,55.1765083349283,1.1570313230929945,0.0227910795345424,0.0210396178597422,592.0,1745,13.983887312836377,poor,2
2340,57.6558192217736,48.6514622033537,0.243103062429179,0.0035803489230222,0.0032731901461117,940.0,1746,50.0,good,0
2341,54.3480804019112,43.96229766336438,1.360738772382983,0.0278427714593702,0.0081193636812887,119.0,1747,50.0,good,0
2342,51.955299977235654,39.38120278026826,1.6767223306268506,0.028839728307217,0.0086241853303142,118.0,1748,50.0,good,0
2343,51.32819643730518,38.603271918434714,1.4389165885369328,0.0287185263059208,0.0044883115987064,118.0,1749,50.0,good,0
2344,45.12392360087495,34.01291366243871,1.3668536884187363,0.0270232458623245,0.0053148324780607,112.0,1750,50.0,good,0
2345,50.62712121224636,39.3793947737518,1.7444463083669406,0.0303319988012104,0.0061153789639887,111.0,1751,50.0,good,0
2346,48.352853308669744,37.06716463320075,1.4006800305512452,0.0329052513271701,0.0028529554994862,103.0,1752,50.0,good,0
2347,43.07921721515488,31.85136286190437,1.522054211940447,0.0290927316106347,0.0030652136794265,106.0,1753,50.0,good,0
2348,42.304346877931195,31.23441890515315,1.1007575386902098,0.0229646936693891,0.0059496524631414,103.0,1754,50.0,good,0
2349,55.87028643568768,44.5930865501096,1.3582613909366985,0.0321622757537563,0.0077139803564286,129.0,1755,50.0,good,0
2350,58.77813110662365,47.7863927538018,1.3944906085050732,0.0328274324670711,0.0118023229813248,127.0,1756,50.0,good,0
2351,53.2223016506269,40.5206221504892,1.2447672328648154,0.0272477392366257,0.0073841145396943,182.0,1757,50.0,good,0
2352,44.052916362304,33.4090635080086,0.969442629877812,0.020114885119199,0.0048760498054614,163.0,1758,50.0,good,0
2353,44.3839710838002,31.5826804072779,1.6773586028012184,0.0311848943857828,0.0063321337065105,171.0,1759,50.0,good,0
2354,51.356834937546,38.1604314980883,1.3964064474382167,0.0296398781811844,0.0078495807837072,200.0,1760,50.0,good,0
2355,50.87621288339599,38.4372062699341,1.4898975984576204,0.0323843168010021,0.0046903655993988,213.0,1761,50.0,good,0
2356,45.2214760675525,33.0564918242261,0.9315744829089077,0.0203020401564554,0.0049933258471056,218.0,1762,50.0,good,0
2357,68.8724339127705,63.9716397795782,3.049856879040212,0.0534493491967325,0.0285337212744473,780.0,1763,13.339869281045754,poor,2
2359,40.97505431803769,32.9395684570681,1.3371176089772272,0.0245355400591564,0.0134094603707484,315.0,1764,50.0,good,0
2361,67.7406401972804,59.73612439426971,1.2243698868059942,0.0255958061156385,0.0124334596938806,40.0,1765,13.467061534147192,poor,2
2362,65.8245303893818,57.8215698737689,1.2905176881841518,0.027270707852845,0.0060411448154552,32.0,1766,14.478237923555174,poor,2
2363,65.14208624243588,51.354090203221,2.410646150641663,0.0361632284357985,0.0080441545698497,75.0,1767,16.015390505774757,poor,1
2365,40.6005462235463,32.7987936375492,1.2245592922514956,0.0268502502783759,0.0068339436169599,316.0,1768,50.0,good,0
2366,31.465866897805,19.1197772498107,1.251768135928424,0.0257821345334844,0.0071125579860308,305.0,1769,50.0,good,0
2367,38.6133694768214,30.351232984917196,1.328854570573455,0.0248269524705494,0.0083322023635346,304.0,1770,50.0,good,0
2368,47.1290415989898,39.1862698867033,1.491690768312605,0.0315909496311825,0.0105028735323469,306.0,1771,50.0,good,0
2369,49.4433782911861,41.3210813763818,1.163377406662287,0.0239535374923552,0.0178103182490443,312.0,1772,50.0,good,0
2370,52.5000937863203,41.673603913469,0.4205333849163786,0.0103628063547699,0.0054299065781799,327.0,1773,50.0,good,0
2371,67.7772379875045,60.7466517120669,2.440389859597756,0.0445937479053819,0.0222549793568096,186.0,1774,13.339869281045754,poor,2
2372,41.880446614118,32.73697604173,2.536589698436515,0.0394297634364986,0.0211247921689257,651.0,1775,50.0,good,0
2373,66.71363134960446,58.22368850801658,1.5675019251382878,0.0263782583325216,0.0372392009676781,188.0,1776,14.254288926262548,poor,2
2374,57.9864672816413,50.9398768893341,0.9197840457193636,0.0532713948224376,0.0114490492800965,147.0,1777,50.0,good,0
2375,54.47725660484829,47.2455153496032,0.9092803987687,0.0541952035582197,0.0089930706309819,139.0,1778,50.0,good,0
2376,61.08588390821986,51.720602113241185,1.511367606798281,0.0337218824084577,0.0116659973639343,42.0,1779,50.0,good,0
2377,59.65277558472325,48.84145657076499,1.720038841074923,0.0332265428615267,0.0186160694353652,44.0,1780,50.0,good,0
2378,54.713214714366075,48.11036321707186,1.8358786071784703,0.0286356954847919,0.0226211807986208,438.0,1781,50.0,good,0
2379,66.6595324961373,57.7238317630112,1.7660485599256914,0.0307754876944085,0.0021615669056214,45.0,1782,14.532573752259426,poor,2
2380,73.605953992209,65.5251220311297,1.4154865696625205,0.0318071647607793,0.0036168285134192,777.0,1783,13.166666666666671,poor,2
2381,44.6475983985753,33.9954924466002,2.005488129477462,0.0302529862625275,0.0287931205631735,339.0,1784,50.0,good,0
2382,72.0577128396283,63.6551184425588,1.583968296169167,0.0254659983077222,0.0134402936205051,118.0,1785,13.166666666666671,poor,2
2383,73.7606793794594,64.7095359375712,2.811128914949029,0.044536271137031,0.0078501869125925,745.0,1786,13.166666666666671,poor,2
2384,63.6066760391426,54.6538446099827,1.318528659415452,0.0282212547061205,0.0192881408273328,231.0,1787,16.39139043645746,poor,2
2385,55.073219046019574,46.34584696914217,2.353642545728907,0.0357774858188127,0.0091942312010568,234.0,1788,50.0,good,0
2386,64.3469337823591,50.5858760020276,1.8522134350579331,0.0261411910275453,0.0406695857643342,487.0,1789,16.54906556127548,poor,1
2387,62.598440717146346,53.604348384840826,3.192768414579403,0.062462931317274,0.0096602265755965,111.0,1790,17.059518573880542,poor,1
2388,64.80672151320964,56.79088592581843,3.4142615699146095,0.0636265027644719,0.0064645993464914,117.0,1791,15.07219442146775,poor,2
2389,59.85061063679946,52.15880301670821,3.107987089934267,0.0603229178897888,0.0071576631294021,98.0,1792,50.0,good,0
2390,55.20818355874851,51.85452829995512,2.124579387774163,0.0301824368005728,0.0170599025726712,63.0,1793,50.0,good,0
2391,54.2112963721282,42.515239469380205,2.268666207695003,0.0408045707921475,0.022211241451716,220.0,1794,50.0,good,0
2393,66.2415583362417,57.5692139907659,3.02016198543478,0.0509994540642609,0.0084898582406644,399.0,1795,14.619337796213367,poor,2
2395,64.7048682928992,52.7488340911087,1.1262883536961663,0.0234301815995358,0.0130807696901957,364.0,1796,16.307615146873133,poor,1
2396,64.2122447959399,52.4507463415845,1.1351445362054993,0.0252866935134406,0.0100152777848619,329.0,1797,16.63308011086498,poor,1
2397,48.135052775138504,41.00157476813597,1.2589779496473523,0.028324792158335,0.0070698795969627,40.0,1798,50.0,good,0
2398,48.00649118515808,40.685637566381,1.181597878930279,0.020473443838611,0.0127766418873001,41.0,1799,50.0,good,0
2399,58.06097141749873,50.70924381061249,1.1837395804489312,0.026115027847177,0.012530733910128,41.0,1800,50.0,good,0
2400,54.98694069842899,47.85229358743352,1.246571193329954,0.0292265482090953,0.0101453563222028,42.0,1801,50.0,good,0
2401,50.62299358573448,43.72002177494334,1.7325155708831634,0.0269515217818549,0.0098650431747707,35.0,1802,50.0,good,0
2402,52.2467395490391,40.9915239824716,2.0372561079556073,0.0371079836079465,0.0049250534938049,149.0,1803,50.0,good,0
2414,53.38034260335962,42.77880196758751,2.332850976505883,0.0374202142093502,0.0051352261868788,161.0,1804,50.0,good,0
2417,51.177036342361,44.744498188665,2.1998849886637393,0.0431996949015754,0.0043058796843277,153.0,1805,50.0,good,0
2420,53.8511662615511,44.4153800293475,1.9187083680754804,0.0308563424016974,0.002769807665617,155.0,1806,50.0,good,0
2421,54.76954435085717,43.95273050827268,2.096956886308494,0.0348608910584063,0.0041225206990498,151.0,1807,50.0,good,0
2440,54.78561523062886,45.751578711950856,1.8601832479814049,0.0268965116242866,0.0093496362304732,49.0,1808,50.0,good,0
2441,54.891069716937935,39.49587755675929,1.5587896587014922,0.0338765297796302,0.0055765973302029,54.0,1809,50.0,good,0
2442,55.58971205741746,46.51662221131091,1.5141429968149316,0.032425769154278,0.0075245355384545,49.0,1810,50.0,good,0
2443,50.57670506776973,40.17299725402872,1.3257101354723548,0.0262308933954872,0.0155242433204078,56.0,1811,50.0,good,0
2444,57.10197839751586,41.41057684491416,1.431901478486601,0.0294698470861761,0.016582792786644,59.0,1812,50.0,good,0
2445,58.746443817921595,42.85559591004809,1.8639768621020136,0.0304536801124198,0.014962167955322,57.0,1813,50.0,good,0
2447,57.903658303790465,42.45459676652569,1.40399826785125,0.0287063459052158,0.0155542548634203,58.0,1814,50.0,good,0
2448,58.05642242990533,42.13819063640849,1.6442519389075914,0.0261920851778979,0.0132551748978997,57.0,1815,50.0,good,0
2449,58.67286910537778,45.0560699533932,1.2577283808077204,0.0270096617511253,0.0149436142340995,54.0,1816,50.0,good,0
2450,38.9397430213389,32.8583506663424,2.1751653306613887,0.0414319025350843,0.0139443689224736,140.0,1817,50.0,good,0
2451,40.904380460969,35.0960980069634,2.3425116900554026,0.0407210567989071,0.0140830874559064,157.0,1818,50.0,good,0
2452,53.05240217018114,41.34462566398608,1.6956463730379434,0.0296646414983097,0.0177245792260436,1185.0,1819,50.0,good,0
2453,51.4583130251096,40.3128839641095,2.368958584432309,0.0347822358672346,0.0177558546574773,1172.0,1820,50.0,good,0
2455,70.44495894382811,59.0125784574953,2.857125363180976,0.0506979441701284,0.0228095652342722,947.0,1821,13.166666666666671,poor,2
2456,56.2646887686505,49.0229752434357,2.0650929746268423,0.0348078682120288,0.0164099601372188,147.0,1822,50.0,good,0
2457,43.00275746326059,33.6006062401123,0.8990260708683333,0.0223329597105721,0.0108119710610418,146.0,1823,50.0,good,0
2458,45.9488145139826,34.8438269967063,1.102023429800678,0.0220324316282821,0.0147419285798799,145.0,1824,50.0,good,0
2460,52.731130762426005,36.1078767493637,1.7487378146695056,0.0355927935774819,0.0122262448724849,145.0,1825,50.0,good,0
2461,52.7981957755548,36.2306290746967,2.3154984324318724,0.0371873628564446,0.013570812682912,147.0,1826,50.0,good,0
2462,52.6349350810966,35.4149281912614,2.1351427298901,0.0366819937266582,0.0165085156310594,149.0,1827,50.0,good,0
2463,50.9566118365627,34.3614706467714,2.171209948439802,0.0480292967306912,0.0164281058704809,152.0,1828,50.0,good,0
2465,31.3602389039603,21.746028061150604,0.122080798455215,0.000913915016818,0.0067932543133507,900.0,1829,50.0,good,0
2474,72.3318981840023,65.178759476645,0.7837130797167984,0.0129738769587059,0.0014976193725612,,1830,13.166666666666671,poor,2
2475,69.38879623319129,62.03772149883683,3.2926383479473347,0.05225152268576,0.0164348013277599,123.0,1831,13.339869281045754,poor,2
2476,70.1289619756793,62.88569843245267,3.81646771878492,0.060592913371178,0.0075696922638638,121.0,1832,13.166666666666671,poor,2
2477,47.7176366511657,38.0688466549447,2.3217277865003756,0.0339261350685119,0.0011423358547897,280.0,1833,50.0,good,0
2478,46.0389406681504,36.0603894157204,1.5813938904944584,0.0276955458677002,0.0021323390694737,274.0,1834,50.0,good,0
2479,55.2273595864905,47.8478142185099,2.027711560259145,0.042807763450027,0.0028328496301658,203.0,1835,50.0,good,0
2480,63.27469663471842,55.37669205732436,2.070676049577152,0.0375098971932192,0.0039119052593709,201.0,1836,15.934217112348158,poor,2
2481,48.379767022659344,40.9678999582726,2.031119627272253,0.0368261768960404,0.0083421004471167,150.0,1837,50.0,good,0
2482,50.99706257367209,46.58976476934849,1.8476244278587737,0.0388823571885838,0.0040678153083431,149.0,1838,50.0,good,0
2483,49.5436736503752,44.6301097455786,1.9336368384457572,0.0410793653097801,0.0020773518691986,176.0,1839,50.0,good,0
2484,62.34937649608851,51.1177322197172,1.3939017442401662,0.0305973883823229,0.008918819157832,255.0,1840,50.0,good,0
2485,61.73314680796659,50.5974693188694,1.808847547904846,0.0384282947352984,0.0063002996463472,273.0,1841,50.0,good,0
2486,55.78402753501119,46.00769736542868,2.015044634766575,0.0335316437862988,0.0027689059003553,263.0,1842,50.0,good,0
2489,64.66432918033857,52.009184196712546,2.2461213157393582,0.0447600350498218,0.0076026430276994,66.0,1843,16.331683383979446,poor,1
2490,64.899492635111,52.09726549346479,2.207452039804947,0.0418320257667745,0.0119125923178178,67.0,1844,16.1719074647829,poor,1
2491,64.80373465984016,52.60308827524011,2.090141657197159,0.0347233664651882,0.0079273031909102,64.0,1845,16.24054735790545,poor,1
2492,64.81732868887788,52.15689673489144,2.2610456586935017,0.0417573864848155,0.0097505502846348,67.0,1846,16.230401817730066,poor,1
2493,64.43179037766063,52.24580931849573,2.2314793841142437,0.0378083047309473,0.011299601170729,63.0,1847,16.49412014989356,poor,1
2494,55.56133901545698,53.46219903047909,1.5263200117478002,0.0319127439775772,0.0061071670347483,85.0,1848,17.15212502101552,poor,1
2495,56.36719153534646,47.04643544027767,1.3692314921783122,0.0266262256220853,0.0084576267022248,71.0,1849,50.0,good,0
2496,51.82465826580315,46.85260459708664,0.8624799083812205,0.0211888218320268,0.0036025750500925,64.0,1850,60.0,good,1
2497,66.31228329734,51.61199916580911,1.3881076610073109,0.0210672031876395,0.0184218548445537,542.0,1851,15.252918293481814,poor,1
2498,49.135708074824095,39.1357080748241,3.675334227752826,0.0702489258537893,0.0024956711989653,72.0,1852,50.0,good,0
2499,59.9332064345584,49.9549738491815,3.335970681535619,0.0666426579261782,0.0042661549524452,81.0,1853,50.0,good,0
2500,48.7153931151167,38.7506437437698,1.7651397343348998,0.0354117901647007,0.0024511695469577,65.0,1854,50.0,good,0
2502,66.9214175465259,59.4888553130782,0.312383980560342,0.008112368695004,0.0011210471184051,2042.0,1855,13.589297564287348,poor,2
2505,49.47262146874499,36.08852674300215,2.222224482205098,0.0433431542157818,0.0126875959151547,26.0,1856,50.0,good,0
2506,46.75333761319636,34.30995556576359,1.4720757847323809,0.0344971772227069,0.004822964149896,21.0,1857,50.0,good,0
2507,47.2322042644526,30.5253512737147,1.4681789338962852,0.0353353498810969,0.0116778861812607,20.0,1858,50.0,good,0
2508,44.680700514723895,28.807154286702897,2.1139452535010457,0.0364694030448641,0.0082765488453352,20.0,1859,50.0,good,0
2509,44.45911351986152,32.01124484254144,2.0336835325716662,0.0347842633819685,0.0065263820499527,21.0,1860,50.0,good,0
2510,44.210882880052424,31.891096101624164,1.8458526244309688,0.0391875861005111,0.0088284165275955,23.0,1861,50.0,good,0
2513,62.5859174925257,45.703467206521694,0.8944882088435648,0.0230552692337228,0.0013583220070061,66.0,1862,60.0,good,1
2516,61.1280223507147,43.5107879612045,0.6682781436745497,0.0168648272907897,0.0006195870991366,62.0,1863,59.99999999999998,good,1
2517,60.355538952345,42.88620840197099,0.7632275010926424,0.0193652928163073,0.0006846196048626,56.0,1864,60.00000000000001,good,1
2518,59.3298065555037,41.884383739771,0.679357924911538,0.0175865028558305,0.0005955650062873,54.0,1865,60.000000000000014,good,1
2519,58.7628870911757,41.4384467767768,0.7776223145006892,0.020075376053243,0.0007290496167241,55.0,1866,60.000000000000014,good,1
2520,58.8786508193408,41.7703920233013,0.6529864732382147,0.0167247415898777,0.0010066048831842,52.0,1867,60.000000000000014,good,1
2521,59.5783511098326,42.36397912114461,0.6958402753616001,0.0182192429683507,0.0015437027289649,45.0,1868,60.0,good,1
2526,48.295999486850704,38.7544342916997,1.6085977015100663,0.0247021214922679,0.0117073730819391,278.0,1869,50.0,good,0
2527,54.725247211746705,44.1236799094774,2.173718193706519,0.0299461886876173,0.0096721842448715,258.0,1870,50.0,good,0
2528,52.2003883807404,42.2301182330024,1.5355073102796164,0.0227123451191945,0.0229231984303804,310.0,1871,50.0,good,0
2529,57.0752825529431,46.8113721811358,1.774167701670188,0.0292688995652714,0.0162095121090275,308.0,1872,50.0,good,0
2530,52.723673583007,44.4273853638078,1.2281521372480693,0.0235384994938023,0.0103558865821255,290.0,1873,50.0,good,0
2533,57.965769324196,47.445671272767896,1.1795015556783408,0.0180786095830906,0.0133490231545482,311.0,1874,50.0,good,0
2534,67.9994645313468,57.686519292909,1.1931473103822487,0.0241178380925151,0.0201365899040552,322.0,1875,14.232510071546706,poor,2
2543,56.33654931689186,48.071014766927185,1.0711820125655835,0.0208428274778141,0.0066199320127938,35.0,1876,50.0,good,0
2545,61.7369070545289,53.96163934992741,2.2813339579518956,0.0402039459264869,0.0005666858865606,1060.0,1877,16.834749684820764,poor,1
2546,65.3806741960767,57.733956333891,0.808195744475996,0.0100515533801232,0.0005899980979799,1048.0,1878,14.527048036681652,poor,2
2547,52.1763177581978,42.4255963654013,1.3391853499348776,0.0297602482871945,0.0016922440254359,297.0,1879,50.0,good,0
2548,53.8974112561608,44.1374546947473,1.3585115282132871,0.0197111166085459,0.0110460006375341,305.0,1880,50.0,good,0
2549,51.4215909068658,40.7793418822473,2.1037247452690684,0.0302964257583673,0.008186986381573,319.0,1881,50.0,good,0
2678,58.6824274798409,51.3977035993005,1.0463131932116805,0.0192216130831791,0.0071976388573004,642.0,1882,50.0,good,0
2679,57.1575311506504,49.9187464415074,1.332510568226703,0.020754763866559,0.0072089474811029,662.0,1883,50.0,good,0
2779,45.8851282120441,31.9160540054444,1.0846900300753677,0.0167219511247447,3.0716779176002496e-05,782.0,1884,50.0,good,0
2782,58.68323769893,50.68323769893,0.3511590779146798,0.0043696418102017,4.958526720117198e-06,1706.0,1885,50.0,good,0
2783,70.9837559291694,61.7787459405391,1.4428457900831275,0.0163603121526234,0.0001947313399724,1691.0,1886,13.166666666666671,poor,2
2790,58.4259704624478,49.1794531641417,2.434796701106811,0.0435369035678858,0.0035949449902966,123.0,1887,50.0,good,0
2791,63.14226012133218,53.11800560967537,1.627843827093023,0.0251971086183107,0.0017709067540399,1589.0,1888,17.251207729468604,poor,2
2792,0.0,0.0,1.1610596083568987,0.0195439261968811,0.0088760376758114,2594.0,1889,50.0,good,0
2793,69.25707690240931,61.552766950014544,1.699196894016551,0.0245190060227761,0.0010936092488106,803.0,1890,13.339869281045754,poor,2
2794,65.3579172297649,57.3581021681825,1.7417154267577428,0.0352545948135583,0.0257105448672544,238.0,1891,14.741391771415284,poor,2
2795,55.410686762837,40.5914902575506,1.7781713063402278,0.0289159285173281,0.0052011564693201,437.0,1892,50.0,good,0
2796,67.67611885927428,58.48499961953046,0.1357452032455014,0.0026846205925478,0.0011659732533793,844.0,1893,14.112423868346514,poor,2
2797,55.996274938591206,48.539628434974915,2.6546974265273247,0.0499350487328221,0.0165329110823601,267.0,1894,50.0,good,0
2798,57.1849604984589,47.8507811837844,1.958788103521258,0.0309532599260809,0.0061295077053519,380.0,1895,50.0,good,0
2799,54.56323868784439,47.5632386878444,0.9612136464699692,0.0174601258184909,0.0081839009128136,312.0,1896,50.0,good,0
2800,46.56212422139,35.5064942129044,1.0266994876360338,0.0164269568642864,0.0095947840583437,181.0,1897,50.0,good,0
2801,43.21493674719021,32.1639445731388,1.048013859495272,0.0194624902979362,0.0110415159838486,154.0,1898,50.0,good,0
2802,40.3984470019832,29.3351024001013,1.0174054845457836,0.0170851377701827,0.0107189206728199,132.0,1899,50.0,good,0
2803,40.10673436709189,30.5548152494621,1.126488611770416,0.0212256725022471,0.0084810184596486,119.0,1900,50.0,good,0
2805,40.551000251577406,30.498587086827904,2.0772331374019286,0.037745173821016,0.0067105489723854,1161.0,1901,50.0,good,0
2806,45.4167565335149,36.0830092171594,1.851531203007622,0.0400456459154253,0.0203680891471612,212.0,1902,50.0,good,0
2807,70.019709648505,58.2037652427404,2.370864998303906,0.0391616975479911,0.008349313994808,661.0,1903,13.166666666666671,poor,2
2827,63.4068719138332,55.1168084526923,1.9933746962416483,0.0389930074665982,0.007630956010515,1109.0,1904,16.09956620846345,poor,2
2828,33.544167718469,22.9458049853596,1.7089159971236891,0.0259550602631001,0.0004170382127051,79.0,1905,50.0,good,0
2829,34.6733041426446,24.9429351103123,1.7737138438475455,0.0281615466177528,0.0012380503750335,68.0,1906,50.0,good,0
2830,58.4130234355478,51.72262476340221,0.2160118537229436,0.0038572360207072,0.0001416909570189,1631.0,1907,50.0,good,0
2831,43.7121804888482,36.7394214411525,0.3450136709679806,0.0061169145173367,1.3718696832438295e-05,1733.0,1908,50.0,good,0
2832,64.93830668816106,51.12819192361096,2.1842877654430795,0.0362128495838545,0.0059478153010493,633.0,1909,16.14585450510502,poor,1
2833,58.8105167090699,44.7815017495771,0.2668535827408637,0.0019466242751226,0.0111024437754883,1226.0,1910,50.0,good,0
2834,77.5564628605966,71.2443950463567,0.1918942787295293,0.0053734025211867,0.0032592117749377,695.0,1911,13.166666666666671,poor,2
2835,65.661069056897,47.1476020479991,0.931033842959725,0.0180232231829932,0.0006526874134816,547.0,1912,15.670487249530176,poor,1
2836,57.464574305783586,44.7229986989094,0.6938721014700125,0.0133301529821801,0.0002582463977802,1200.0,1913,50.0,good,0
2837,61.21382481901606,49.10351326103006,1.1241842147507697,0.02719351735428,0.0013518913482056,732.0,1914,50.0,good,0
2838,76.3897931438676,68.9726233478209,0.5973393738780958,0.009427464539009,0.0042063039089889,620.0,1915,13.166666666666671,poor,2
2840,53.2600765365606,43.0487090745344,0.2011901393723491,0.0042079154671244,0.0034601786524746,1741.0,1916,50.0,good,0
2841,61.0287258861222,51.7255997151008,1.0133122970150532,0.0204017081263332,0.0002685907185144,917.0,1917,50.0,good,0
2842,66.62321143751639,56.74786413233229,2.7102680467194906,0.0446628841294808,0.0042706123131416,635.0,1918,15.058203789639046,poor,2
2854,58.67012657011636,46.99405279007123,0.8328327110477768,0.0155475782888959,0.0012140137841207,1146.0,1919,50.0,good,0
2855,66.7070378413562,50.1368092492162,1.687400178310294,0.0264741642931281,0.0056490070978056,1411.0,1920,15.005839658173624,poor,1
2856,63.3689493705026,54.71481896911969,1.6345533569280355,0.0301377216925099,0.0004377492911718,668.0,1921,16.353521745567633,poor,2
2857,73.6910743261834,65.1048450846723,1.523817491521511,0.0205427842980409,0.0029620726782519,741.0,1922,13.166666666666671,poor,2
2858,71.4035845946664,64.0973992988695,2.020207937296171,0.0270890486518437,0.0009927665545722,740.0,1923,13.166666666666671,poor,2
2859,61.592417171619765,47.69424768822817,1.3469782034924325,0.021401313328238,0.0,1778.0,1924,50.0,good,0
2865,54.225142239563,40.974297413917,0.8764718914682689,0.0177674967033314,0.0082884477958436,,1925,60.00000000000002,good,1
2869,58.2291293647468,44.8476648989037,0.8971975894175059,0.0189642666879134,0.0061168115039304,,1926,60.00000000000001,good,1
2870,59.39207783328881,45.5848331762052,0.9249917353230748,0.0204994404980439,0.0063169536796831,,1927,60.00000000000001,good,1
2871,70.4739108521927,57.1089597966284,0.7951432267197355,0.0173977587907399,0.0093794582110712,,1928,13.166666666666671,poor,2
2872,69.0648802264567,55.6818886318719,0.7706067378216462,0.0164209033317186,0.0107545010097848,,1929,13.642057658092623,poor,2
2873,54.32309708226149,47.2005701406172,1.6570828478049184,0.0378046503436802,0.0025942902789093,74.0,1930,50.0,good,0
2875,55.01945839433973,47.90954993199292,1.4073055030077088,0.0341493200140504,0.0036904767029758,68.0,1931,50.0,good,0
2878,50.94411925467186,43.08175130843084,1.4569759948774264,0.0341563583995881,0.0030456859342311,51.0,1932,50.0,good,0
2886,53.1299751359954,44.2492265164578,0.4720099045115175,0.0089921375610284,0.0047123179479955,693.0,1933,50.0,good,0
2887,56.9618241037188,47.2394366929225,1.5654590993987196,0.0301498587985616,0.0021577510888073,741.0,1934,50.0,good,0
2891,46.699890765065646,35.63505838627381,0.6402270395230962,0.0125629183325059,0.000375200653531,693.0,1935,50.0,good,0
2892,52.82768239845438,35.71672162637553,1.996298577637306,0.0325507733744842,0.0047519047960631,682.0,1936,50.0,good,0
2893,59.4240534852682,46.8105928091815,2.32725239966382,0.0413623816393321,0.0091153555602708,772.0,1937,50.0,good,0
2894,63.09931233590983,48.83467248949391,0.1402447167344639,4.294247177373434e-05,0.0,828.0,1938,17.2512077294686,poor,1
2895,77.7936315666931,68.9536888264646,0.5949567218505665,0.0109533234309829,0.0072628838402457,945.0,1939,13.166666666666671,poor,2
2896,64.85276265435628,50.56505019709259,0.804515911111084,0.0169273001433271,9.091785570189e-05,818.0,1940,16.204595092546494,poor,1
2897,46.932506728825,32.1994350147963,0.2358498867555785,0.0029430200507191,0.0,1181.0,1941,50.0,good,0
2898,59.8342171211944,47.1578918805137,1.8553294367778048,0.0297328252452475,0.0057230976807815,222.0,1942,50.0,good,0
2899,50.51929574324029,36.7363317315299,3.007557548766284,0.0462123158634325,0.0096345016909123,180.0,1943,50.0,good,0
2900,71.96966310069354,61.50791546877656,0.4686140855575628,0.0122292202612549,0.0101470888941571,296.0,1944,13.166666666666671,poor,2
2901,52.3507847933985,38.3381024718042,0.3996501438596369,0.0063949066894764,0.0064713319574412,1810.0,1945,50.0,good,0
2902,0.0,0.0,0.2405131033065625,0.0028038768237045,0.0,1696.0,1946,50.0,good,0
2903,64.4610160696456,54.3591822770465,2.0645590753533014,0.0399507549631727,0.0057483819783409,106.0,1947,16.471070883432134,poor,2
2904,69.167153046008,64.3464209005113,2.371415674524857,0.042135441083194,0.0035234829950228,1065.0,1948,13.339869281045754,poor,2
2905,64.8415463266379,51.40594039875489,1.5063195771862288,0.0288142895090945,0.0125647651697076,1075.0,1949,16.212666037174568,poor,1
2906,64.0097678313677,51.4588782588057,2.1298993552378076,0.0408030845979883,0.0145264933757224,1083.0,1950,16.780880572949894,poor,1
2907,66.4866323430145,55.8805530345015,1.424132153482104,0.0269356370679923,0.01586953068802,1069.0,1951,15.146664189140639,poor,2
2908,66.7631923896236,56.86512660257661,0.5755928565548581,0.0092471509268208,5.07048166544989e-05,620.0,1952,14.97184084456679,poor,2
2912,54.5936568638874,42.78349623032889,1.909122971520452,0.0324737033035168,0.0050784341871928,1042.0,1953,50.0,good,0
2915,64.5902305160186,54.37930176393189,2.727038066531666,0.052454675691813,0.0074425431310175,106.0,1954,16.378633993158772,poor,2
2916,42.4516354331883,32.4525588247303,1.3565821324708518,0.0245549623545903,0.0003017719277538,864.0,1955,50.0,good,0
2917,33.5276224890845,22.6004969469102,1.897637484622652,0.0283925827971285,0.0001655766344059,839.0,1956,50.0,good,0
2918,71.4483173449561,64.2045359744105,2.2478943189041294,0.0276696315424832,0.0052457118368292,177.0,1957,13.166666666666671,poor,2
2920,68.28458060542258,60.66673152927109,2.520423576966107,0.0443145527873327,0.0028718288944496,426.0,1958,13.339869281045754,poor,2
2921,72.15666692284705,58.44959578447895,1.3601174593305922,0.0216685357077229,0.0011551160107937,503.0,1959,13.166666666666671,poor,2
2922,65.244184866958,57.03442587717469,1.9551349056571288,0.036334014264345,0.005994642367148,1031.0,1960,14.930899796270207,poor,2
2925,66.85466831904004,57.38643464620212,0.3265363942438715,0.0065669495354515,0.0057691475983901,447.0,1961,14.725767167611592,poor,2
2926,75.3983875021115,68.3508513667786,0.5029854589515672,0.0127334961371225,0.0005098983259364,611.0,1962,13.166666666666671,poor,2
2928,61.85788111647075,54.20619038109475,2.9172742185420173,0.0492000384930108,0.0011573054367397,119.0,1963,16.681339569351373,poor,1
2929,52.18955633536099,39.9368683673134,2.2017725566138795,0.0398656644432925,0.0039501011232452,91.0,1964,50.0,good,0
2930,51.4176042527739,39.062212301301,2.2158029446352794,0.0406807216666842,0.0046645835249835,114.0,1965,50.0,good,0
2931,59.54541439051913,47.506608262635304,1.9782452240678936,0.0329394146100475,0.0071718636542945,99.0,1966,50.0,good,0
2932,60.67848249331091,48.76300700851131,2.183842424031143,0.0366579768229564,0.0077530188085997,83.0,1967,50.0,good,0
2933,52.0777805230334,40.2727540103012,1.5468380958052756,0.0278194668484021,0.0046520781668409,65.0,1968,50.0,good,0
2934,68.2814093507875,54.9341061774754,0.5282612131749206,0.0122006886368248,0.0036759557867424,568.0,1969,14.072580464234369,poor,2
2935,69.9139669271527,57.2926988293408,0.8893714816713175,0.0156397661503516,0.0031567790534206,514.0,1970,13.208238352751495,poor,2
2938,50.8238576863943,37.8403665855616,0.8710141338333212,0.0110146201182185,0.0008162226899846,1186.0,1971,50.0,good,0
2946,54.473562165636515,41.43483307052157,2.0085811949588193,0.0324620382393787,0.0022446788795629,59.0,1972,50.0,good,0
2947,56.31543503344,43.771876800813416,2.118256969053861,0.0325909239929428,0.0026642120874036,58.0,1973,50.0,good,0
2948,47.43525857997661,36.97658918482943,1.6270971897598276,0.0303570602929797,0.003266990306573,114.0,1974,50.0,good,0
2964,74.3723984357557,64.6700517854917,0.3400280267115916,0.0069570260624962,0.0045762644225996,791.0,1975,13.166666666666671,poor,2
2965,70.3337372671459,60.88541437322499,1.818542025084022,0.024062212091619,0.0164481470998821,175.0,1976,13.166666666666671,poor,2
2966,71.1511449680577,61.2119912360787,2.0081870135911384,0.0247901659767615,0.0112340257909684,159.0,1977,13.166666666666671,poor,2
2967,71.1495433609378,61.3006773504021,1.8761338034373127,0.0228620180427782,0.0143566831068306,143.0,1978,13.166666666666671,poor,2
2968,65.43766388467677,59.548346398910546,0.2048656050356602,0.0029014604929538,0.0011250644095603,762.0,1979,13.559842996977236,poor,2
2969,47.6396801745604,34.9908203979582,0.6223332288938699,0.0106021864013993,0.0055085942321958,395.0,1980,50.0,good,0
2970,52.4046843296031,41.2488324739332,1.2577470391275698,0.028094698983385,0.0117907140788265,146.0,1981,50.0,good,0
2971,48.98617465041029,34.6607480492078,2.3971557972178865,0.0372846199993052,0.0154929565416673,144.0,1982,50.0,good,0
2972,58.544967721510034,51.24236125161271,3.5894883548661674,0.0572662541199665,0.0224016124320321,591.0,1983,50.0,good,0
2973,57.59444612386354,50.50594953765477,3.913036490555561,0.0663289979673299,0.0097610885544285,546.0,1984,50.0,good,0
2974,66.49360016063808,52.9048059436228,1.7894857472140295,0.0350429277603186,0.0128282652103904,206.0,1985,15.142605047775216,poor,1
2975,53.2249340832161,40.2881029742034,2.3949760147991306,0.0475521592086931,0.0071647298720533,498.0,1986,50.0,good,0
2976,58.6748563313298,42.7332228371582,1.1063743438955853,0.0255794098555402,0.0364090614611646,350.0,1987,50.0,good,0
2977,75.9373225474947,66.8101844336829,1.092187114551048,0.0168633470909704,0.0029649773753481,785.0,1988,13.166666666666671,poor,2
2978,39.2915352021213,28.731808459985196,0.9552536274419524,0.0112037893310561,0.0002063821832878,1145.0,1989,50.0,good,0
2979,0.0,0.0,0.4639667369151994,0.0082085156474876,3.595690500719511e-06,1768.0,1990,50.0,good,0
2980,64.586976255949,52.2297658573913,0.6674640640700299,0.0125887022765025,0.0005183791964714,1588.0,1991,16.38078969474648,poor,1
2981,42.3155077195462,29.547521457218,0.2202806706536399,0.0040045190952981,0.0017525728298233,625.0,1992,50.0,good,0
2982,61.09578757354549,51.0265206477126,0.7163688438457705,0.0075527131110921,0.000135036648842,1603.0,1993,50.0,good,0
2983,59.08905803204367,49.88837760681928,1.8767099331728696,0.0315483653759098,0.0001607532158587,1810.0,1994,50.0,good,0
2984,55.8419267991361,48.1953414757609,1.128656264398556,0.0186356498928762,0.0187137692332823,583.0,1995,50.0,good,0
2985,61.506919570101445,51.42529871323884,0.1453324188521915,0.0013465881997124,0.0,1822.0,1996,50.0,good,0
2986,70.66060363731987,58.862754349179234,1.8893695187609465,0.0369403242958709,0.0133570832372017,275.0,1997,13.166666666666671,poor,2
2987,69.1760969405327,56.1975539317059,1.0672436650643644,0.0273993650940395,0.0165012007755913,204.0,1998,13.583178482223785,poor,2
2988,52.9697551877619,39.9636497901956,1.6519278871057628,0.0282313550206343,0.0177518454809043,161.0,1999,50.0,good,0
2989,62.0500101297345,52.7539348930086,0.646139571552068,0.0138969572189463,0.0012603022952106,437.0,2000,50.0,good,0
2990,56.28879640494735,49.06074768774626,1.7652915325010394,0.0291984534746376,0.0311738717930826,123.0,2001,50.0,good,0
2991,70.975239525947,64.11051874051715,1.73125035488973,0.0349123526986577,0.0191322354433645,716.0,2002,13.166666666666671,poor,2
2992,57.2349910167991,44.3960395564975,2.105450734112318,0.040590964839075,0.0102378739403833,182.0,2003,50.0,good,0
2993,57.2252483413732,44.4610492666869,1.994853355096188,0.0387483562129132,0.0050210651784206,155.0,2004,50.0,good,0
2994,57.107009569107,44.3716526736355,1.9799213292309388,0.037602544557968,0.0057363537030119,169.0,2005,50.0,good,0
2995,56.9306597287083,44.1538223650028,2.0713275118209005,0.041025708061408,0.0087457797217434,160.0,2006,50.0,good,0
2996,68.405328891383,51.178730767949205,2.8619237314116335,0.0586738382235099,0.0109029877678928,,2007,14.001754296462302,poor,1
2997,61.1354451738558,43.4860534529028,2.3292307936691508,0.0427076977386281,0.0086073124559947,,2008,50.0,good,0
2998,59.8406359903106,42.9998498525267,2.5513797834270195,0.0397493029432358,0.0174944990278249,,2009,50.0,good,0
2999,58.115981590445,41.5695846977339,1.145408698966118,0.0239444055180122,0.0083298660074686,,2010,50.0,good,0
3000,59.7915195835823,42.84972851602889,1.596575149082674,0.0281965714938275,0.0086886163300258,,2011,50.0,good,0
3001,54.360981996795,43.8695351547403,1.390177570705896,0.0183591123587472,0.0322110501248981,293.0,2012,50.0,good,0
3002,65.76105685819311,54.09769989541193,0.1595885135792071,0.0038877210897825,0.0003967508701325,600.0,2013,15.608938349994759,poor,2
3003,44.3132212759519,34.994762264589,1.534358556693148,0.0241375682086616,0.0002349772175711,870.0,2014,50.0,good,0
3004,51.8531297116834,37.1152680585971,0.2910489923838022,0.0060304121736275,0.0001020376497747,1076.0,2015,50.0,good,0
3005,51.7110729189599,40.900625881258,0.1003888360788562,0.0011486097318496,4.081258785633943e-06,1208.0,2016,26.45454560574016,fair,3
3006,0.0,0.0,0.0977917206042142,0.0004458751452982,0.0,1207.0,2017,15.959355707519473,poor,1
3007,71.53261198385647,63.888633108020585,0.3066959076695122,0.006720558404896,0.0025764635979947,875.0,2018,13.166666666666671,poor,2
3008,42.561393704503,35.1396514096352,3.0524984251897163,0.0551455055092013,0.0118317149100832,287.0,2019,50.0,good,0
3009,37.815143742661,28.1841277496053,2.913541409212404,0.0522824436604061,0.0161208966204101,287.0,2020,50.0,good,0
3012,71.5821091483778,63.8852240824539,1.347681818346614,0.0284967917311638,0.0088936007329881,127.0,2021,13.166666666666671,poor,2
3014,73.96693313054948,66.29916453024765,1.895450923432469,0.0369311031378591,0.0052824243032353,124.0,2022,13.166666666666671,poor,2
3015,77.11510357606313,69.40489048195674,1.880598208561912,0.0352969697467639,0.0049632046600487,128.0,2023,13.166666666666671,poor,2
3016,74.90575765673711,67.17557472198268,1.3315805631428277,0.027620259644651,0.0076153444559674,127.0,2024,13.166666666666671,poor,2
3019,49.6760824876453,42.8549600562245,2.0969083886879956,0.0376211670447727,0.0016577095254741,77.0,2025,50.0,good,0
3022,36.1437103889156,35.1781640545459,2.12848441421325,0.0391142753796521,0.0039331595047759,74.0,2026,50.0,good,0
3023,52.25442110696831,41.882435923164806,1.3224514015410258,0.0303428941342197,0.015144863033269,153.0,2027,50.0,good,0
3024,40.6766234279717,31.2194299126767,2.2588201146037816,0.0426867059139426,0.0034485816669208,71.0,2028,50.0,good,0
3025,50.682551613982,44.0315264889622,1.6117563425584074,0.0341991301404583,0.0019276512303649,70.0,2029,50.0,good,0
3026,62.5341048286857,56.4188975751818,1.6936908449759045,0.0323823355398599,0.0016900846595327,77.0,2030,15.294544207361588,poor,1
3027,47.6899252920753,38.247921487432,1.6507897386841135,0.0370253099634121,0.002674650819558,65.0,2031,50.0,good,0
3028,42.4752266461811,33.1589470321396,1.600906800950059,0.0341118020319251,0.0021662636501565,67.0,2032,50.0,good,0
3029,49.3016775948428,39.9186029590787,2.0327587523770965,0.0406898762608154,0.0023273146562449,67.0,2033,50.0,good,0
3030,53.1164920162293,46.1496890056609,2.073838477830415,0.0416621641062613,0.0022682132126905,67.0,2034,50.0,good,0
3031,51.8146541889211,44.8995662694451,2.025519119168318,0.042570349308244,0.0028751058225351,67.0,2035,50.0,good,0
3047,44.693794870095104,29.2312251239119,1.4751507386199123,0.0212271938414953,0.0144424255135022,55.0,2036,50.0,good,0
3050,46.2560752878272,35.638822470167,1.3133053045650644,0.0287194254132268,0.006611576233565,64.0,2037,50.0,good,0
3051,48.5096163167752,36.1999887521233,1.1187904674340832,0.0222817379296892,0.0177904673117544,65.0,2038,50.0,good,0
3052,69.018757016026,60.043430036683,2.8698346870165903,0.0531375875922775,0.000283417372234,536.0,2039,13.339869281045754,poor,2
3053,64.4241319940572,55.1966496206537,3.742524047082272,0.065731452488602,6.831809006724792e-05,2662.0,2040,16.054415634301403,poor,2
3054,57.6870565609744,48.454656568746,0.8454985961525856,0.0130479201218532,0.0055120412478339,494.0,2041,50.0,good,0
3055,53.7026446091254,45.59292412118231,2.695533102703806,0.0489373329623805,0.0070754786200214,103.0,2042,50.0,good,0
3056,53.6086352908175,45.4784276257393,2.6431390594628605,0.0466750600166667,0.0052825468250973,107.0,2043,50.0,good,0
3057,50.3142806677057,42.111169784547,2.184775563708195,0.0445568672054779,0.0085638593540245,87.0,2044,50.0,good,0
3058,47.52485895068601,41.5054132154588,2.577910380974302,0.0429894447561511,0.008926731008547,89.0,2045,50.0,good,0
3059,48.99723672825169,41.7759396632179,2.175226510299933,0.0446299920426698,0.007197886214577,93.0,2046,50.0,good,0
3060,50.4386105124943,43.1961965145776,2.594503994203808,0.0427499074917435,0.0136604437692178,103.0,2047,50.0,good,0
3061,51.3271971984791,42.9731485332392,0.7196052480865658,0.0113107508207683,0.0037400000904002,113.0,2048,50.0,good,0
3062,54.721517257172,46.6598634310083,2.583505505355058,0.0533555221379775,0.0022197637432756,123.0,2049,50.0,good,0
3063,56.89811925984421,49.1367471045826,2.2910651255211296,0.0509215639528595,0.0111890755015843,942.0,2050,50.0,good,0
3064,56.49976140344799,45.1131626669375,2.016214954677003,0.0415896778103065,0.0155236360398213,112.0,2051,50.0,good,0
3065,57.6928839626155,44.0226849699528,2.0894400486507125,0.040123768349249,0.0145334188018027,114.0,2052,50.0,good,0
3066,47.0529081496338,33.32214940796,2.0808321295891603,0.0404376404649564,0.0125564732079236,113.0,2053,50.0,good,0
3067,57.4986003198964,43.7159154640295,3.360055685474619,0.0620984010998797,0.012376807120698,109.0,2054,50.0,good,0
3068,47.4482358695261,34.8387710859009,3.1694924574525887,0.0595989392373507,0.0077350946293774,110.0,2055,50.0,good,0
3075,69.08156835491097,60.78227649398986,2.184572485837028,0.0457622414476565,0.0153499216026108,51.0,2056,13.339869281045754,poor,2
3076,55.901068024553226,47.44957784727816,1.8413982768667108,0.0365789177078681,0.0185127513393127,44.0,2057,50.0,good,0
3077,56.6809323872178,48.3861867812698,2.0444079295720092,0.0449171214138082,0.0155616746771716,45.0,2058,50.0,good,0
3090,59.147695262516194,47.4810750202079,2.65688783214376,0.051221213720271,0.0149904978215311,109.0,2059,50.0,good,0
3091,50.55186227932501,41.5235398146455,3.0242091759511305,0.0579644659190931,0.0053284341216872,99.0,2060,50.0,good,0
3092,40.1842199635353,33.1355876572408,1.6413899221624502,0.0256954917325907,0.0138575916506648,139.0,2061,50.0,good,0
3093,52.60974549809448,36.65507341367319,1.099568218157681,0.0251528278743833,0.0076040996686542,443.0,2062,50.0,good,0
3094,41.38802909336317,30.595045334576213,1.740753675234978,0.0342157000317067,0.0103675191280543,25.0,2063,50.0,good,0
3095,50.18645220194314,40.29153367052259,2.312739205680611,0.0408998334763487,0.0198360407345293,36.0,2064,50.0,good,0
3096,48.1884877442186,40.3924447810593,2.348421137119033,0.0483593121298248,0.0094638187937098,28.0,2065,50.0,good,0
3102,55.769911704645466,48.18502627441958,1.647261230261899,0.0312420990735135,0.0128847270891806,37.0,2066,50.0,good,0
3113,54.1963286927076,44.2087771392649,1.432044074422815,0.0290810371724404,0.0066474492059064,77.0,2067,50.0,good,0
3119,64.60726197228713,62.30490648533343,1.9351698368660897,0.0284687880884295,0.0111183044012837,71.0,2068,13.339869281045754,poor,2
3122,50.5574393728654,43.119291069437594,1.9596762304755015,0.0411513917637634,0.0189351269877037,467.0,2069,50.0,good,0
3124,47.0584274389668,38.3206655572611,2.4600977867699725,0.0318045709903846,0.0068713747767694,438.0,2070,50.0,good,0
3125,43.879145723872895,36.4940485474305,2.3745116758987455,0.0310446630238519,0.0120727978377274,317.0,2071,50.0,good,0
3126,45.048676151331,36.5310470273809,2.721798490924615,0.0389106048830882,0.0120312114406672,356.0,2072,50.0,good,0
3127,51.40746929693259,37.9463286453705,1.6269686940646924,0.0308232399885677,0.0239316455121862,75.0,2073,50.0,good,0
3128,51.22933095528721,40.3827923236459,1.798844778707543,0.0346564524867075,0.0127834753733125,72.0,2074,50.0,good,0
3129,43.6567267339868,32.5848517450096,1.8524492042301903,0.0369738399545293,0.0149356215208398,103.0,2075,50.0,good,0
3131,64.77173810758089,62.41059612937192,1.999062981482618,0.0323416856207208,0.0049287761414639,60.0,2076,13.339869281045754,poor,2
3132,51.9314397587046,42.7893604844041,1.653104559098192,0.0268328109851542,0.0116353208193391,102.0,2077,50.0,good,0
3133,61.2261728801204,50.8649458217717,1.5854929821375927,0.0314624565409576,0.0086174195163808,275.0,2078,50.0,good,0
3135,58.6599310053971,44.43239119629959,2.890765624821464,0.0471899476373127,0.0200586918855045,1299.0,2079,50.0,good,0
3137,61.2043468727257,47.0281875796141,2.7285219780784136,0.0453379375292008,0.0275801851272787,1350.0,2080,50.0,good,0
3147,59.6906269515178,43.6136086076103,1.812943748788178,0.0272774554789595,0.0040479196743397,1260.0,2081,50.0,good,0
3148,58.8032112393439,40.4932444044686,2.5824394772676578,0.0392299494896313,0.0193678197288668,1215.0,2082,50.0,good,0
3150,63.24246934427309,49.7813951386607,2.7262306816133037,0.0426687858619433,0.0323456004172734,1352.0,2083,17.251207729468597,poor,1
3152,54.74462440911705,42.92337465368334,2.678513811485242,0.0429058945118114,0.0103072143964844,76.0,2084,50.0,good,0
3153,63.66544571101343,50.70982994402661,1.8791406731804712,0.0335189843942889,0.0069178879077496,71.0,2085,17.017869948204247,poor,1
3154,52.696793634817055,41.42240991640066,1.9653346813775516,0.0356121330666997,0.0096282717535065,74.0,2086,50.0,good,0
3156,65.08235317967564,51.92419305795268,2.72330541337415,0.046900899005933,0.0121266526453043,71.0,2087,16.056988967265205,poor,1
3157,73.65413888460604,67.10150212195379,1.3669087510956943,0.0254493690023661,0.0158029756063429,353.0,2088,13.166666666666671,poor,2
3158,38.8786391956648,30.5393419577275,1.405737438973055,0.0252911063794915,0.0144063114061498,154.0,2089,50.0,good,0
3159,74.15431005994664,67.69719550125677,1.105426060739366,0.0242999736826149,0.0097811732240998,337.0,2090,13.166666666666671,poor,2
3160,74.1621022228179,67.76355927898689,1.2651718169255912,0.0283214734478546,0.0076942611133953,326.0,2091,13.166666666666671,poor,2
3161,74.32227888424956,67.9126432086132,1.3460553109113838,0.0290645370744747,0.0085419570712873,326.0,2092,13.166666666666671,poor,2
3162,74.32717939361113,67.92420975562935,1.088784680325494,0.0241870823223193,0.0079297795037339,325.0,2093,13.166666666666671,poor,2
3163,74.20762382284855,67.80091926042395,1.2049779613909428,0.0256520931788485,0.0067751667950705,326.0,2094,13.166666666666671,poor,2
3164,47.1113020760146,36.8498480344145,1.5753963033110563,0.0252342901919167,0.0132832459180802,153.0,2095,50.0,good,0
3165,48.11184596041849,37.1603869500371,1.414990786779573,0.0273375028118945,0.010941616808346,156.0,2096,50.0,good,0
3166,48.3107998721883,38.8479748686923,1.2715315337629796,0.0271096519836038,0.0103471223037622,157.0,2097,50.0,good,0
3167,50.1587036367621,39.0081579985173,1.3999448818397822,0.025777641900278,0.0146708432114349,151.0,2098,50.0,good,0
3168,41.7898709552524,31.7613051119341,1.4997967520901618,0.0176537361802169,0.0,953.0,2099,50.0,good,0
3173,48.78590809312453,44.135016839790225,1.0402311872605403,0.0262779347927139,0.011376774050683,45.0,2100,50.0,good,0
3174,42.61648122022009,41.647215634529886,1.1140610844054355,0.0267440438984061,0.0092779774622906,47.0,2101,50.0,good,0
3175,44.8222607407225,41.0114268294257,1.1515520983475305,0.0266620979207089,0.0096099516716487,48.0,2102,50.0,good,0
3176,48.30784990551139,41.1620449375653,1.1710094055577274,0.0266388703840857,0.0089316791426546,39.0,2103,50.0,good,0
3183,52.712611620704266,41.765148856363226,1.308972936329016,0.023519429689052,0.0090256036757077,93.0,2104,50.0,good,0
3184,45.67512264746903,33.73297357631165,1.5454065144997804,0.0363524629833002,0.0071188621037036,54.0,2105,50.0,good,0
3185,70.63679256978506,64.55157337097754,1.3666149469602782,0.0241584908320802,0.0047908290069055,619.0,2106,13.166666666666671,poor,2
3186,61.3541805510911,50.3461814591622,1.0856719386529503,0.0193016686477618,0.0167072302694527,213.0,2107,50.0,good,0
3190,58.7224044027861,51.596419277696,1.7067434709003289,0.0297928315698869,0.0047676624899113,153.0,2108,50.0,good,0
3191,66.3493874075403,51.518740792462,1.3503855243911678,0.0158403735196722,7.422686748325483e-05,765.0,2109,15.229523505929656,poor,1
3192,54.5978768222339,45.7645931739335,1.9674003911819864,0.0344686050075182,0.0121936069686396,680.0,2110,50.0,good,0
3193,66.4877267832046,55.5015234466802,1.2157291538800117,0.0254424554144143,0.0064124948684129,360.0,2111,15.146025704702762,poor,2
3194,60.78749662790087,50.71928336818189,1.0814658688845886,0.0284432305630283,0.0037823814480227,155.0,2112,50.0,good,0
3195,66.6072356066347,52.0609106862835,1.7111311665456856,0.0289167704995555,0.0008378284627729,623.0,2113,15.068410193113454,poor,1
3196,52.0636528437904,40.9100106815594,1.9447209379611576,0.0312124026305783,0.0053894574167713,468.0,2114,50.0,good,0
3197,52.61944682410793,45.37414439366633,1.5573337691619582,0.0266119827614381,0.0007665907385936,147.0,2115,50.0,good,0
3198,72.92615183062235,64.04214065686331,1.8365759832870705,0.0308397093144552,0.0079365273518237,79.0,2116,13.166666666666671,poor,2
3245,49.30408473409954,42.83052711768743,1.471553401173035,0.027250569042508,0.0126501164722166,141.0,2117,50.0,good,0
3254,47.0880219215524,42.45157110326787,1.4054683947183724,0.0264272083880662,0.0130859790318397,148.0,2118,50.0,good,0
3255,47.99656472605545,38.37659140821562,1.4254321509893724,0.0249264307942437,0.0163819926384818,135.0,2119,50.0,good,0
3256,66.9562661262755,60.7652885458372,0.934559839447117,0.0139917109360371,0.0084166036657111,,2120,17.75008473836527,poor,3
3257,69.5551973129042,58.9846047959443,0.5237317591717554,0.0044551099181045,1.3073582537021367e-05,1164.0,2121,13.387234397975293,poor,2
3258,79.6876427475261,70.7564262345785,0.3107444259620733,0.0033256874919851,0.0022000215889704,940.0,2122,13.166666666666671,poor,2
3259,60.0687210024579,52.2400187465027,0.4370961777923457,0.0055802981969134,0.0020153573332393,954.0,2123,50.0,good,0
3260,69.3639101954375,60.2518772144246,1.855967700881434,0.037082113029676,0.0008497542597423,620.0,2124,13.339869281045754,poor,2
3261,51.871600415804,40.9449152499196,1.1418690255623052,0.0205191076113173,0.0078837890431809,106.0,2125,50.0,good,0
3265,36.76668253343781,25.12752303952353,1.605021044419438,0.0314112349507982,0.0071795306155861,120.0,2126,50.0,good,0
3266,31.975286713286923,23.369802117386772,1.9175149887944225,0.0333361416021272,0.0103908267147271,110.0,2127,50.0,good,0
3269,31.2741559828942,24.124114688743703,1.0820135167247311,0.02555747929978,0.0046907708685896,108.0,2128,50.0,good,0
3270,43.6271323100755,33.7170976272387,1.6628976192393403,0.0379447936026621,0.004875091650499,101.0,2129,50.0,good,0
3273,46.0688542979186,43.5029960317224,2.6652729363033947,0.0533810143510796,0.0068786275714616,96.0,2130,50.0,good,0
3275,63.9683226834012,56.631154199255,2.187660014020133,0.0299862851761688,0.0004341937698496,566.0,2131,15.168473059738176,poor,2
3276,78.7661329614824,69.8428218177252,0.2202125393039479,0.003114970219573,0.0020514362039032,768.0,2132,13.166666666666671,poor,2
3277,58.912592127463995,53.113937367397895,1.7197465034154342,0.030440094914116,0.0084811755216461,1129.0,2133,17.251207729468607,poor,1
3278,58.11667144478526,50.84137803075602,2.0048964574860144,0.0288485445738397,0.0010015746448997,126.0,2134,50.0,good,0
3279,56.6971933065203,41.10278509301,1.5701439514124451,0.032760065716173,0.0155166829849427,1184.0,2135,50.0,good,0
3281,55.7739628349778,39.1081134357185,0.1822920508485406,0.0020904474280572,2.442156770755102e-05,1205.0,2136,50.0,good,0
3283,51.9725833593298,37.4190158876249,0.2134209765190397,0.0027045589352657,5.04490275767625e-05,1205.0,2137,50.0,good,0
3284,46.92100747425983,40.44164545107121,1.377497058852295,0.0257354662288083,0.0110728149311069,150.0,2138,50.0,good,0
3287,46.92563416622555,39.06910376590585,1.4007050120608582,0.0260761165350068,0.011816771876666,138.0,2139,50.0,good,0
3290,49.64554458466824,41.28246485882164,1.1118199051219952,0.0266104530635226,0.0101288798345039,150.0,2140,50.0,good,0
3292,51.172329247276586,44.469031923448185,1.3252998931819135,0.0250074105753166,0.0134381539589186,195.0,2141,50.0,good,0
3303,54.637416169603554,44.713140354919176,1.050769330120588,0.0247920177102408,0.0123470157361287,121.0,2142,50.0,good,0
3305,51.13095830810543,41.99967608946558,1.1047395310429808,0.0285984262602053,0.0112038777935975,122.0,2143,50.0,good,0
3306,49.203402140830654,40.97817924835603,1.0076894888808503,0.0274039172926447,0.0219637987045178,139.0,2144,50.0,good,0
3307,49.578102355565115,41.38188927292143,1.1523650216914814,0.0289960868431231,0.0190306389972183,139.0,2145,50.0,good,0
3308,49.71216108367472,41.59038687165223,1.206961301652644,0.0293401910810492,0.0202634835760782,145.0,2146,50.0,good,0
3310,51.89095962168175,43.98914795695674,1.1334022951534033,0.0285161953795382,0.016894021425031,150.0,2147,50.0,good,0
3313,49.94710966540807,43.12778620004622,1.2150417439368666,0.0309329347289198,0.0089571307338328,179.0,2148,50.0,good,0
3314,66.0327957028905,54.9423041765756,2.6209788404991077,0.0410061241755738,0.0036525570791261,187.0,2149,15.431116056271591,poor,2
3315,63.84373658751781,53.85827237748671,2.490475349139958,0.0449900757424363,0.0070571810960059,88.0,2150,16.881252099045692,poor,2
3317,58.9686994760288,51.987717776838394,1.2888780703090708,0.0268095963874543,0.0085053828959765,737.0,2151,50.0,good,0
3318,63.5949716134286,56.7542074271,1.287736652065068,0.0304915852968274,0.0093667118633361,767.0,2152,15.094775793225121,poor,2
3319,70.213113464649,63.3364313288543,1.2472782195386454,0.0306000775318143,0.0106218822875445,767.0,2153,13.166666666666671,poor,2
3321,67.21581573147373,55.64685679666415,2.5303971217043673,0.0366182189050952,0.0044006879191509,449.0,2154,14.696831611795128,poor,2
3323,69.6262373015369,52.7395565497832,0.6856505858304812,0.0139038840309188,0.0042181926696761,512.0,2155,13.351659294591176,poor,1
3325,68.5554692857825,55.4259917628029,4.265012649193734,0.0587783390088629,0.0081082467805762,740.0,2156,13.9189921810516,poor,2
3337,51.7850059764502,39.1788800150804,2.2332341711048795,0.0438370755891476,0.0127930371482638,121.0,2157,50.0,good,0
3338,48.53519102075771,35.0023072723585,2.017788876335069,0.0436866358574211,0.0045928574986818,117.0,2158,50.0,good,0
3339,58.699260379045995,45.4015673723169,2.55267863906376,0.0510999424794958,0.0115726821065468,120.0,2159,50.0,good,0
3340,52.67525306680991,40.67745332374258,1.8091588797682383,0.0350422946089708,0.0032530512243083,335.0,2160,50.0,good,0
3346,64.0126606100479,52.7416925014962,3.0699821527732465,0.0461522011258142,0.0121879309939058,127.0,2161,16.779414488946102,poor,1
3354,50.960699798781306,41.84704401971675,1.9174446599939403,0.0381510890380966,0.0004685775084251,684.0,2162,50.0,good,0
3355,59.31148284714084,49.8784456000434,1.7058287642388026,0.0308184860268225,0.0199921265923467,198.0,2163,50.0,good,0
3356,54.1689176318079,45.13224634541841,0.438120081989585,0.0089441016641272,0.0,1061.0,2164,50.0,good,0
3357,64.81429206489437,55.3367554554727,1.407352226758024,0.0323023221546509,0.0023279845998762,158.0,2165,15.959983124669824,poor,2
3358,64.72584693318153,55.19435047003462,1.34135355490625,0.0306489180184483,0.003893836792879,148.0,2166,16.05567348446987,poor,2
3360,39.50408418654705,30.942658889081727,1.2890380332267528,0.0253804185680487,0.0070342632173622,328.0,2167,50.0,good,0
3361,59.7021032870122,45.6560829880069,2.832299422325602,0.0492307350751914,0.0024978407038267,2614.0,2168,50.0,good,0
3362,60.377609864800505,52.535857188799696,1.0751068571871178,0.0172354938899637,0.0094933808653829,202.0,2169,50.0,good,0
3363,51.3173447657579,37.7622876953468,0.248122636625822,0.0025484732225507,7.242868193316076e-05,1207.0,2170,50.0,good,0
3364,67.07000994969452,57.83459527890234,0.7946767289228633,0.0211667158540901,0.0048493053701369,1489.0,2171,14.470646919633687,poor,2
3367,49.0314919711901,40.8871557030713,0.1983349237514679,0.0009681224181391,0.0027102185608148,560.0,2172,50.0,good,0
3368,63.8460525900542,52.6889761343208,0.9974740804377248,0.0156609808802909,0.0054957452149672,1019.0,2173,16.87959103551884,poor,1
3369,52.3745645653228,43.02764756041769,0.2552817255783082,0.0037709594351727,0.0,911.0,2174,50.0,good,0
3370,47.52440785832111,39.65537850516408,1.672102550991907,0.0357744311107162,0.0084038334433873,336.0,2175,50.0,good,0
3371,47.89277886570402,39.72425409608927,2.0652549615926,0.0394228148140607,0.0083410099465236,350.0,2176,50.0,good,0
3372,48.7633851884702,42.868097146512994,1.3675000666102994,0.0258445730513089,0.0083763937289282,351.0,2177,50.0,good,0
3373,63.1305252231848,52.3426606816153,0.5265020813659074,0.0054280352580607,0.0003939597641994,502.0,2178,17.251207729468597,poor,1
3374,37.1120925768171,27.042971029396405,0.0457674179796023,8.032314776241024e-05,0.0,1150.0,2179,22.989200863930886,poor,2
3375,53.3859893875292,45.830844946009805,1.5070942863859147,0.0277543199579028,2.9341833569016667e-05,948.0,2180,50.0,good,0
3376,63.9000795946358,51.8511513787228,1.1586387655385797,0.0252305349625026,0.0101001394533174,18.0,2181,16.843183790540937,poor,1
3377,54.8735372679848,43.339457738651305,1.8429898882820543,0.0385650852326912,0.0010552792675599,17.0,2182,50.0,good,0
3378,58.7033808595222,46.7330147745647,1.8080607428472015,0.0377713611632678,0.0005632933273549,17.0,2183,50.0,good,0
3379,52.8427317220894,38.889199342027,0.1675241247161963,0.000669336117618,0.0,1868.0,2184,50.0,good,0
3380,63.5518478833425,51.547006179444,2.2006253287922553,0.0491003011914681,0.006837897186162,210.0,2185,17.07173512336288,poor,1
3381,47.508061489619294,36.3610253089845,2.2401288791632146,0.0453863965282151,0.0021850553697876,208.0,2186,50.0,good,0
3382,45.9617818736281,32.4824388520922,2.3257081236303803,0.0456933075142754,0.0010934001651461,218.0,2187,50.0,good,0
3383,72.4979224160812,65.6455915778423,2.698394433945386,0.0476307583662021,0.0038534998701644,1540.0,2188,13.166666666666671,poor,2
3384,63.87849306796387,54.71062669393896,1.6805461401341986,0.0284498940188784,0.0137722845332991,186.0,2189,16.356044672290164,poor,2
3385,59.992653531612,50.7043273928968,1.8182369783798071,0.0295914090261435,0.0030054062237021,192.0,2190,50.0,good,0
3386,60.09525420643649,50.5122549033303,2.240855245824497,0.0389069256886263,0.0025138862642442,181.0,2191,50.0,good,0
3387,48.7264092614534,37.2458129822435,1.7395179306207278,0.0292822664732035,0.0207655211039203,194.0,2192,50.0,good,0
3388,51.1705575496298,40.835315726927405,1.4660551926634555,0.0258538200541088,0.0035705514788207,198.0,2193,50.0,good,0
3389,51.6502627676969,38.2492028053178,2.040848107426558,0.0354576035867792,0.0132868237961757,193.0,2194,50.0,good,0
3390,60.3020199941611,45.138615408002906,1.4864307607562437,0.0283662686896065,0.005604464898116,214.0,2195,50.0,good,0
3391,50.518895430442,38.5738798950637,1.774387911896006,0.0349637693066755,0.0246829623204495,427.0,2196,50.0,good,0
3392,54.4210899307474,41.34134749906244,1.778647926740553,0.0302952434327925,0.0144416722604174,71.0,2197,50.0,good,0
3393,52.594982281771706,42.94562677205229,1.5497931674073766,0.0243380525314687,0.0293591117078256,322.0,2198,50.0,good,0
3394,63.51246496076341,48.9287408085374,1.816763194810123,0.0327520276124806,0.0204934045411984,328.0,2199,17.09587277614857,poor,1
3395,60.11316523690863,46.4750827578447,2.3922651530009267,0.0520245407567947,0.0124867501065624,135.0,2200,50.0,good,0
3396,60.774803626471304,46.94506948223477,2.458925999098201,0.0566358682123364,0.0101516890282873,135.0,2201,50.0,good,0
3398,71.4162516619797,64.7007978671671,1.2767577312082403,0.0242691622726296,0.0153118034716203,857.0,2202,13.166666666666671,poor,2
3399,72.6215486150807,65.994950202537,1.2829509351364232,0.0278615668544788,0.0111869410052943,876.0,2203,13.166666666666671,poor,2
3401,67.6494559548245,56.5653564093024,0.2898268646593199,0.0043651885098385,0.000731432664629,884.0,2204,14.436321609174417,poor,2
3402,62.3723334854807,49.2373361009879,1.6470450373457797,0.0333981589614089,0.0126430020056166,169.0,2205,50.0,good,0
3403,48.5817818039076,35.4931505601896,1.8466204498534649,0.034126293347402,0.0093795773776199,523.0,2206,50.0,good,0
3404,51.6946570638502,42.7356065276911,2.136974368664981,0.0363964639412329,0.0185406426251038,518.0,2207,50.0,good,0
3405,44.05769823533619,33.0929916533102,1.516143415526689,0.0306946252671522,0.0107399390137735,472.0,2208,50.0,good,0
3406,47.2008817145028,35.5574232616284,1.7249210177297811,0.0332887459822486,0.0067805119669582,501.0,2209,50.0,good,0
3407,52.66512330538801,43.3225735620146,2.1673996200904213,0.0336255575191539,0.016203853314786,499.0,2210,50.0,good,0
3408,44.3804222163567,35.9599243659708,1.7945806563627509,0.0269203069646287,0.0165779074227717,448.0,2211,50.0,good,0
3409,48.0366086672895,40.9541070102837,1.778354623128781,0.0312816849138833,0.0225688239506039,109.0,2212,50.0,good,0
3410,62.7928477047992,56.701337108376194,1.838570724968691,0.0349099000666143,0.017413995157015,110.0,2213,15.12796944413787,poor,1
3413,52.3125542824447,46.2963737946101,1.7364348716252536,0.0350524501104732,0.0161582420330946,102.0,2214,50.0,good,0
3414,58.8485708658599,52.7910949986351,1.555433501238462,0.0315023291120552,0.0175011029265527,103.0,2215,50.0,good,0
3415,48.4442150314176,42.2676405697015,1.551386265533201,0.0302075463635995,0.0151135718920078,98.0,2216,50.0,good,0
3416,65.9381771378735,53.894136530439894,1.91366064725704,0.0420373808852077,0.0077824848162001,157.0,2217,15.491528040620214,poor,2
3417,56.6202360725919,44.5169357243108,2.6482477981300105,0.0473877825444229,0.0128282051822432,146.0,2218,50.0,good,0
3418,60.2001252908572,49.1233679230865,1.4402779521925744,0.021638340833472,0.0283815482656907,781.0,2219,50.0,good,0
3424,43.5036249502441,36.3745763173563,1.8225467807399691,0.0345979289011624,0.0022681445971262,99.0,2220,50.0,good,0
3425,49.5614745711806,43.297498448221,1.3071423720915814,0.0302601838543957,0.0080579750683397,99.0,2221,50.0,good,0
3426,47.99458503260419,44.1697296969632,1.2920309362555606,0.0302121580259057,0.0033246903127289,94.0,2222,50.0,good,0
3427,36.824950315761,34.008476572618,1.1663160830140924,0.0253941301671295,0.0021831200209497,99.0,2223,50.0,good,0
3428,30.3388529012608,26.8926485165751,2.5656313150737184,0.048859689555671,0.00875973680953,109.0,2224,50.0,good,0
3429,39.1331353248237,31.3984842778667,2.7291226752832385,0.0547051451846983,0.0043024218844954,107.0,2225,50.0,good,0
3430,47.27701413093314,37.828000066084485,2.6999612116670653,0.0543355110040268,0.0038211941297513,108.0,2226,50.0,good,0
3431,40.039413129286544,29.25716591105277,2.707693197636602,0.0558483488390764,0.0025199879310612,120.0,2227,50.0,good,0
3443,50.38396734383958,40.16666071685548,1.0906647436367656,0.0261424081145981,0.0032921502993993,108.0,2228,50.0,good,0
3444,51.8143911055947,40.51258663215955,1.519767083928861,0.0347556528699685,0.0031819867899687,105.0,2229,50.0,good,0
3445,38.84283768741736,27.984147834435117,1.201212437875495,0.029390560369318,0.0030791792998439,115.0,2230,50.0,good,0
3446,50.53822148564625,39.3931250612801,2.561809456386298,0.0514386933742456,0.0083639058897743,121.0,2231,50.0,good,0
3447,47.323046311548296,35.25016010262949,1.1418784909969182,0.0268212987744734,0.0038296065065202,119.0,2232,50.0,good,0
3452,40.14153384890069,27.444765677803204,1.5579631864930683,0.0399072148833058,0.0041836644396687,113.0,2233,50.0,good,0
3453,59.35460290332911,45.6208978015878,0.4512684918746328,0.0040694833489455,0.0278794324577675,593.0,2234,50.0,good,0
3455,48.21535171118345,36.123062348565654,1.3830787941462412,0.0340878919559195,0.0074910578995984,127.0,2235,50.0,good,0
3458,68.638842103973,55.8055041576663,0.4410253532824187,0.0100439884987755,0.0027289463980937,535.0,2236,13.8731011159471,poor,2
3753,48.0939838430935,34.0349018383533,3.696603893830449,0.073222080690661,0.006480985712602,920.0,2237,50.0,good,0
4851,65.35360897661,52.9604250358502,0.6529422406456057,0.0097602832896313,0.0280622751784919,552.0,2238,15.872518419864567,poor,1
4853,73.17702200604344,64.58731301384023,1.7531659233534729,0.0268066294044669,0.0084925595407454,677.0,2239,13.166666666666671,poor,2
4854,74.3015073758886,66.08192623047462,0.9834342028778384,0.0187852538659283,0.0067059579692937,667.0,2240,13.166666666666671,poor,2
4855,67.47191975544104,59.05609992122991,0.8214880865247683,0.0120770228624022,0.0031431142296698,660.0,2241,13.809582959284668,poor,2
4856,74.66621444076368,66.03009923006519,1.5709614492130597,0.0235095834787028,0.0071682928008474,659.0,2242,13.166666666666671,poor,2
4857,73.47287985408465,64.42896940163992,0.2024822995594623,0.0038077701344477,0.0017202237210824,679.0,2243,13.166666666666671,poor,2
4858,75.67914550644554,66.85939541721717,0.1689024972041486,0.0024565388552902,0.0002873469906423,662.0,2244,13.166666666666671,poor,2
4859,74.61804267424675,66.34643172633037,1.4690279729876494,0.0184731565296261,0.0038555240643962,665.0,2245,13.166666666666671,poor,2
4862,57.33530831033459,44.37378006276873,0.1962678550636318,0.0012282660569071,0.000143735608202,886.0,2246,50.0,good,0
4870,57.5049136092768,45.394656590968,1.7070700371603844,0.0299452859761956,0.0119060884464848,733.0,2247,50.0,good,0
4883,67.5081385256763,54.78738646458041,1.3634713194733523,0.023950945529228,0.0018699221684164,622.0,2248,14.520819890648218,poor,2
4901,0.0,0.0,0.1000268814228164,0.0020082552878958,0.0,1182.0,2249,16.10802977987392,poor,1
4910,63.56404667403801,50.655707132230255,1.1289725061093927,0.0205981701530426,0.0021572204454839,938.0,2250,17.064929823669285,poor,1
4912,49.1836674394439,35.2034471085726,1.0205721216524917,0.0203858630605131,0.0100003972954693,377.0,2251,50.0,good,0
4920,56.9816678353404,43.8220755698578,1.5404377570119347,0.0245066501667694,0.0066171129774636,867.0,2252,50.0,good,0
4922,63.54981672841993,50.585767233794854,0.2118449726848082,0.0031109084529777,0.002943582363268,1005.0,2253,17.072897016682116,poor,1
4931,63.89200451721527,52.0631112739973,2.591479326495549,0.0410160351790932,0.0205070690115305,157.0,2254,16.8483548272541,poor,1
4935,64.0592805789811,52.6602219397548,1.4514782707829517,0.0269751034181947,0.0053524116315656,382.0,2255,16.752870202782148,poor,1
4938,45.8435503410675,35.841953584033,2.081240976573832,0.0268332757829681,0.0077148492729782,1103.0,2256,50.0,good,0
4943,44.3049178418239,34.3223101994148,0.2149011907916153,0.0027556100018016,0.0002448634088694,1208.0,2257,50.0,good,0
4946,73.42913687531656,64.70275358398966,0.2558183223552218,0.0011080804530062,0.0029208606283606,604.0,2258,13.166666666666671,poor,2
4952,43.356581955767496,33.32142486175,0.1060757601907142,0.0007540113852257,4.951623294762119e-06,1198.0,2259,26.759711850927566,fair,2
4956,52.54280389100019,40.0975333220591,0.0661777786834618,0.0006105410096737,0.0,1212.0,2260,21.200433583560617,poor,3
4961,65.3335866041397,56.134602579330405,1.4546778786852717,0.0261498950281341,0.0102006356144987,1000.0,2261,15.465780319515089,poor,2
4967,73.86864836314587,65.54202462315763,0.8308892708244929,0.0091066743400335,0.0187850026992583,595.0,2262,13.166666666666671,poor,2
4972,57.5307464372603,45.4554199350551,0.111931306018665,0.0029876497452269,0.0006216749574756,1111.0,2263,16.908928289592236,poor,2
4976,51.2683175909369,39.713141855606,0.1332402125878633,0.0032658134556192,0.0004137998876926,1101.0,2264,50.0,good,0
4979,34.3828981376712,22.2154820207691,2.348053002203202,0.0263871279388869,0.0001978152882477,1121.0,2265,50.0,good,0
4981,47.4517513618522,37.5692588565075,0.0738477147519246,0.0004759620798197,2.073606645127059e-05,1192.0,2266,24.823839863711736,poor,2
4982,61.32481924457841,48.2916168856067,0.7013059112092938,0.0110233112687985,7.440339025092517e-06,1151.0,2267,50.0,good,0
4986,51.133887021278795,42.0934776203027,0.561591451710711,0.0090492772469722,3.249343120867071e-05,1180.0,2268,50.0,good,0
4990,66.3577775960922,52.9931475719203,0.720196913694881,0.017716768576287,0.0004093283052066,1056.0,2269,15.22429388593183,poor,1
4995,59.3280764128678,48.0286805147803,0.0991360720962542,0.0008048788630369,0.0018951828646804,1036.0,2270,16.05465982192998,poor,2
5008,34.7256702402643,21.849272771647,0.4030479880630951,0.0094581540998545,0.0106917237387533,1153.0,2271,50.0,good,0
5013,27.5036909720089,15.5036909720089,0.3867126817431917,0.0050049310707889,0.0057344067963182,1140.0,2272,50.0,good,0
5031,54.46407054259886,44.780113916956,2.3538629495363335,0.0404299611470682,0.0216122738635676,382.0,2273,50.0,good,0
5036,58.286455849969855,49.77137014574255,1.9770571590541717,0.0362594545682722,0.0092644808494816,376.0,2274,50.0,good,0
5043,56.928210337767446,47.991877791116416,0.8852225211009039,0.0156649299982561,0.0072308811899142,367.0,2275,50.0,good,0
5048,56.69286116092571,47.80819308641887,1.7552163890641033,0.0327530103115699,0.016902235990476,371.0,2276,50.0,good,0
5054,56.10078687814144,46.55984702301156,2.1302236732585444,0.0414697758292373,0.0249096440070034,379.0,2277,50.0,good,0
5060,53.42802244374083,43.23657743865751,2.1799616042736,0.0365243030537828,0.0327232582213593,384.0,2278,50.0,good,0
5065,60.8566032809862,47.1049264400643,1.4538490499057188,0.0348470116172302,0.0183259779331796,96.0,2279,50.0,good,0
5068,51.4021074535611,44.578146738567895,1.186775937622009,0.0266326981028261,0.010191865566408,108.0,2280,50.0,good,0
5073,52.9541839725744,40.018881493664,1.1545807368414505,0.0247021284443021,0.0296853394745729,105.0,2281,50.0,good,0
5076,52.48747031744459,39.2988696267517,1.348536204507777,0.0292735618458168,0.017892755027179,104.0,2282,50.0,good,0
5079,60.7913546726606,47.5964383576143,1.109774283495365,0.0248397642272999,0.0172465194932665,102.0,2283,50.0,good,0
5085,50.4329919978548,39.985587215385,1.345539140124354,0.0300790698425948,0.0120919173073729,108.0,2284,50.0,good,0
5089,46.5475724347499,35.0983394879057,1.403426082249571,0.0318538668313286,0.0159915081338974,107.0,2285,50.0,good,0
5093,60.9325324106047,51.755516205843,1.5888873159627812,0.0258611541819588,0.0066296972536449,701.0,2286,50.0,good,0
5097,58.6677249337064,46.13300780361159,1.3036863211624026,0.0223688130785419,0.0071971508409942,584.0,2287,50.0,good,0
5116,57.631755370531096,49.915690483503795,2.4340623773474857,0.0418272563827278,0.0091518431801877,507.0,2288,50.0,good,0
5124,60.8300463310622,51.15278402685719,2.5738027304784867,0.0441956652726423,0.010521614761384,508.0,2289,50.0,good,0
5133,50.2599563436478,34.070526538625,0.2206099592837704,0.004906290084227,0.0104355209170437,741.0,2290,50.0,good,0
5136,45.2741509674898,29.2741509674898,0.2873490789782166,0.0035105392657068,0.0080545037228789,736.0,2291,50.0,good,0
5143,63.9017718630399,47.4286956677222,0.2318502699257796,0.0046237257957742,0.0075561136616955,736.0,2292,16.84211144439448,poor,1
5151,64.413085931775,48.1749955748339,0.2440620707703291,0.0048694307027689,0.0050328843852312,740.0,2293,16.50933445573627,poor,1
5160,64.53564828701205,57.31696707432279,0.8488679009643696,0.0150528552021805,0.0144959974823751,230.0,2294,14.764371137109027,poor,2
5165,61.67511459280736,54.01423950999744,1.1492989719107694,0.0197885423140481,0.0314610374579451,240.0,2295,16.80547178262468,poor,1
5168,62.46261020542913,55.24815190373932,0.7606373877324956,0.0129045750202696,0.0217938839694103,237.0,2296,16.020064024973312,poor,1
5171,65.42007797305314,58.38532212633777,1.3388841081134168,0.0240330757748044,0.0200793369188268,211.0,2297,14.165335756971936,poor,2
5176,63.94906313123681,56.44986456367606,0.5229001571072093,0.0100652360082465,0.0167086196843342,664.0,2298,15.275337890372082,poor,2
5184,65.83987054838914,54.37213723268199,1.181820908736195,0.0255911256360296,0.0198179349321262,583.0,2299,15.557947248781904,poor,2
5187,67.33732413793444,55.858456963486006,0.8323129279599298,0.0195775466496422,0.0255797523955167,590.0,2300,14.621418203007623,poor,2
5195,47.18602877803474,38.18665929348641,1.918727544341912,0.0352397919097099,0.0302041917412192,37.0,2301,50.0,good,0
5198,45.00422063599043,35.9896114042881,1.6142173362059342,0.027763944709282,0.0493191982097561,61.0,2302,50.0,good,0
5204,77.2196514610374,66.5495805609929,1.8352768746200048,0.0267454081406481,0.0087208760037673,171.0,2303,13.166666666666671,poor,2
5207,77.40678438170877,66.59047688534966,1.5100315506459774,0.0311358264992111,0.0087917332356495,175.0,2304,13.166666666666671,poor,2
5214,76.83849806860495,66.29848650266601,1.2729404547610488,0.0227630955902931,0.0260982251749933,166.0,2305,13.166666666666671,poor,2
5218,53.32432311073462,40.28110545531041,2.121173350425343,0.0342580345437261,0.0128003027768158,512.0,2306,50.0,good,0
5220,55.26389811015716,41.93917941794605,1.8415740405071783,0.0291464460868627,0.0037953211322332,508.0,2307,50.0,good,0
5227,54.079722013292,40.83641881129566,2.149933620071927,0.03640766647397,0.0075036068223897,511.0,2308,50.0,good,0
5233,71.01325203038203,62.15014071876326,2.0811474233111222,0.0393004052278147,0.0052260743072975,306.0,2309,13.166666666666671,poor,2
5238,49.457778902720605,39.9933284607297,1.405619406543424,0.0274542683948685,0.0206602167542738,389.0,2310,50.0,good,0
5249,62.257328057745966,50.50262246265379,3.057577707693252,0.048834901108495,0.0087276173647279,167.0,2311,50.0,good,0
5250,65.42062891145245,53.48797553546853,3.01851370842996,0.0472349238963146,0.0084651656574126,162.0,2312,15.8319576070122,poor,2
5251,62.74563660967732,50.88933844383898,2.8357741440649065,0.0457863783864053,0.0090774447355808,167.0,2313,50.0,good,0
5253,63.64443944481387,51.74974645591866,2.819791119110854,0.0464115140754483,0.0085802239613694,163.0,2314,17.02642229155545,poor,1
5256,53.81222069628557,44.86502289704519,1.2615999983301582,0.0222213662563214,0.0219888082582322,114.0,2315,50.0,good,0
5257,54.48840106895602,44.9316716885492,1.2922705573943851,0.0243383078355143,0.0136561760796435,140.0,2316,50.0,good,0
5261,67.55769421323312,58.47660379525124,1.0855761116639708,0.0201416406702838,0.016790103155337,162.0,2317,14.116825383657833,poor,2
5265,65.87251284240794,57.01996458353062,1.2625545910203693,0.023084270228758,0.019694293937614,142.0,2318,14.938893282413357,poor,2
5270,52.6870252505031,42.7891970381561,1.433222415397751,0.0247214767539729,0.0259950232994586,136.0,2319,50.0,good,0
5275,51.16586682596847,42.097367250396466,1.067281905462166,0.0167264766144607,0.0414886525489191,122.0,2320,50.0,good,0
5276,58.30463371641636,48.72715247688652,0.9543933090193892,0.014114032483613,0.0555342950791647,179.0,2321,50.0,good,0
5281,57.809821415025446,48.738838240192976,1.2281249379328456,0.0171277180199803,0.0489035295240693,175.0,2322,50.0,good,0
5284,54.1287272416427,38.5168136146662,1.6437477348445582,0.0292166230841562,0.0265371083628424,113.0,2323,50.0,good,0
5292,44.84480634311551,33.4147777500798,1.2352844801794958,0.0271159771698149,0.0288309988992392,107.0,2324,50.0,good,0
5295,71.98633551944181,61.66820890705384,1.1800660106697092,0.0297729179095931,0.0119271067342306,327.0,2325,13.166666666666671,poor,2
5299,58.2575815944033,45.6062041955408,2.335491008076183,0.0436810468608203,0.0011814306428259,397.0,2326,50.0,good,0
5305,65.56606207698641,52.957392864026424,0.4745726072497367,0.0109621437068791,0.0106707191085972,242.0,2327,15.732872323248998,poor,1
5308,60.840101834122194,53.035109019631,2.3414688422357246,0.0368413495960302,0.0061692668062346,104.0,2328,17.251207729468607,poor,0
5310,62.42889357278827,53.735200199700024,1.173881938266824,0.0206156566176065,0.0108545997043479,549.0,2329,17.00546010066671,poor,1
5316,61.4373764633876,50.9346229603576,2.0279302213491923,0.036452717048358,0.0040820671783597,1175.0,2330,50.0,good,0
5320,49.22075289469079,38.0173749140196,3.638695652561028,0.0585435770285211,0.0294000918701243,88.0,2331,50.0,good,0
5326,55.83615436816199,43.72856096486325,0.7242607075693271,0.0213491283371209,0.0064785360330675,164.0,2332,50.0,good,0
5332,66.1103765090118,55.71845374699849,0.4825150534520722,0.0085517675534259,0.0040320513295855,1037.0,2333,15.383961031930594,poor,2
5335,68.0328692323451,54.09144413503141,0.8764295040926738,0.0137406509220476,0.0,1183.0,2334,14.21302935272306,poor,2
5339,0.0,0.0,0.1808163323793315,0.0049880974213682,0.0076866775274214,1089.0,2335,50.0,good,0
5342,46.7731852763268,45.1243266661351,1.5627022296126667,0.0274403973462902,0.0099867638017004,229.0,2336,50.0,good,0
5347,52.28005332645747,40.1943397507989,0.0848813378345435,0.002180905621212,0.0003377164008422,1072.0,2337,24.371709604834038,poor,3
5354,62.866149192837696,57.37653347329521,1.3216399827275709,0.0253323366088257,6.0474820643890595e-05,475.0,2338,14.731208801487346,poor,1
5356,67.3192954114465,55.3406213782403,0.2063422702282493,0.0025419090541801,0.0092998998901938,460.0,2339,14.632398334321383,poor,2
5360,67.41518792800312,55.305283389678635,1.2877971421475654,0.0215167358669241,0.0189661510070377,541.0,2340,14.574804324369358,poor,2
5364,68.6750723251698,57.0375730490635,0.3414975944790979,0.0046339746825181,0.0001462360619757,385.0,2341,13.852803655106726,poor,2
5372,69.27851721143253,57.00055791505164,0.1742049115379039,0.0019424088097219,0.0067717839246274,141.0,2342,13.530196667181137,poor,2
5374,52.96195672296611,42.4798612784338,1.699603064717808,0.0284121159981893,0.0234655736273593,92.0,2343,50.0,good,0
5376,44.8212694500711,35.7173841585072,1.4932955293873662,0.0243195698352861,0.0055790248527518,360.0,2344,50.0,good,0
5377,43.80837638919169,34.6191976216799,1.4725768918387865,0.0238857138892675,0.0122785452272592,346.0,2345,50.0,good,0
5385,47.2693438844578,34.550322170796,0.7478283245037011,0.0081040747547463,0.0034982560648714,274.0,2346,50.0,good,0
5388,61.5953896000496,48.7066367397712,0.3577727049793796,0.004134361829668,0.0078784427656454,1130.0,2347,50.0,good,0
5393,31.1249105098307,20.2544842372042,0.0791759659337829,0.0023646803229525,0.0082504601487445,164.0,2348,25.18249252095898,fair,2
5396,69.5504660193007,56.2764374443129,0.1898553851671666,0.0035449356100739,0.011221046089811,622.0,2349,13.389621354168666,poor,2
5402,41.6051389970451,30.0915920239759,0.4148470037314679,0.0043360722071504,0.0011218881243209,192.0,2350,50.0,good,0
5407,57.9228293164168,42.3501826850103,0.0882704389201703,0.002482751698045,0.0032260267770395,291.0,2351,15.34485535385961,poor,2
5410,71.77967120669241,63.75928021532513,0.2721714592364929,0.0117624925612427,0.0099357581077464,102.0,2352,13.166666666666671,poor,2
5411,76.00159182015486,69.36849024168295,1.215537213166108,0.029758422592489,0.0027585082700802,238.0,2353,13.166666666666671,poor,2
5416,38.5291687490064,26.1796410897089,0.189978053183289,0.0008066475526321,0.0010158941927288,232.0,2354,50.0,good,0
5417,77.03842217439848,69.33098937444515,0.9230651348555846,0.0215310042299003,0.0256416680300358,252.0,2355,13.166666666666671,poor,2
5422,68.2600195462946,57.154317639415,0.5949247460774679,0.0117225620945892,0.0054498541965353,650.0,2356,14.085045411680422,poor,2
5427,51.515858657911,41.4561148383628,0.663073704864308,0.007946325843955,0.013605757647339,182.0,2357,50.0,good,0
5431,50.9355493493981,45.9862358695258,1.4554438379670962,0.0254955762625678,0.0129456005502693,74.0,2358,50.0,good,0
5441,0.0,0.0,0.4971882655650736,0.0067399170460314,3.333753319613948e-05,1076.0,2359,50.0,good,0
5445,55.106466936476096,40.5776559829218,0.128179226423594,0.0009081967850507,0.0013865632836225,1115.0,2360,50.0,good,0
5449,64.91011042160261,57.661807752049214,1.6332273289978274,0.024039772180265,0.0119396199165798,705.0,2361,14.566836002797947,poor,2
5455,68.1568404907126,52.0357094243958,0.2096713062493976,0.0020895526659498,0.0033321429872361,935.0,2362,14.142369865417429,poor,1
5460,64.96781991795784,53.52940854953133,1.035246677828671,0.0152781999410792,0.0095476352608337,136.0,2363,16.126675291035085,poor,2
5462,53.345420880501294,40.98150197851061,1.1828047761392524,0.0259750071549651,0.0224986796596086,269.0,2364,50.0,good,0
5467,53.4298763027848,41.7300089094046,0.1624198150122449,0.0017078099238296,0.0046278459224789,1041.0,2365,50.0,good,0
5475,40.0674596548013,27.8222554492597,1.4504824927117568,0.0242025077059564,0.0143817683121655,760.0,2366,50.0,good,0
5481,47.442795145647,35.4429033237489,1.8890280291211397,0.034907750954896,0.0015860009571423,1062.0,2367,50.0,good,0
5485,61.6932629579579,48.6932629579579,0.1720919464503142,0.0015815506756745,0.0,1124.0,2368,50.0,good,0
5490,67.23597317304589,60.24501094595798,1.4190229221036994,0.0377457096531335,0.005483813888478,105.0,2369,13.339869281045754,poor,2
5493,67.40233963553051,60.4123883037568,1.2142982809717728,0.0327625818815159,0.0189043599758728,106.0,2370,13.339869281045754,poor,2
5496,64.90204260870155,57.91040431974455,1.4091785011885023,0.0400099544845256,0.0100451471479898,109.0,2371,14.427073214316094,poor,2
5499,64.99095248479871,58.00584015416458,1.473948938124441,0.0392766048482845,0.0058632264069602,109.0,2372,14.373649190569125,poor,2
5504,49.87189890947,41.5533121156157,1.6666429670929992,0.0193005095317006,0.0120095105083367,223.0,2373,50.0,good,0
5511,47.03691171272118,39.270293878260574,1.4251895311316096,0.0162745746759171,0.0165039688436194,223.0,2374,50.0,good,0
5520,48.745136387867106,40.74392623071689,1.5401134159068095,0.0186158393707696,0.017677890169999,217.0,2375,50.0,good,0
5533,55.0601795253629,44.0420362232938,2.1717498228064533,0.0436789431311047,0.0077910919864762,590.0,2376,50.0,good,0
5541,68.170540075379,58.6349445102426,2.1718731077233056,0.0322184908498736,0.0398426453909915,678.0,2377,14.031265167427295,poor,2
5546,65.6320526868773,55.9406395941877,1.3037385325062312,0.0290319067337861,0.0225620222772018,636.0,2378,15.589744355815924,poor,2
5555,49.386623469481,38.8952674468978,2.329388697865,0.0500220293527835,0.0114071489434776,33.0,2379,50.0,good,0
5559,49.9474340198376,39.3951941248612,2.5318527878379253,0.0534129382019744,0.0057849064011609,32.0,2380,50.0,good,0
5563,48.9361090500591,38.4072845066118,2.464117782472591,0.0528636104416908,0.0089302175763636,32.0,2381,50.0,good,0
5569,50.5402577496642,40.0710039420801,2.589627088540285,0.0534238932681634,0.0057645541505919,30.0,2382,50.0,good,0
5574,66.50169837973851,58.856581018523634,2.2121033113416515,0.0387135957871805,0.0009620258458515,15.0,2383,13.914520227842383,poor,2
5579,65.9913449260888,58.45846033695505,1.4533178860713547,0.0331863778042427,0.0018222821486102,27.0,2384,14.126371467096742,poor,2
5584,66.78034216710567,59.35491626112325,1.5684424982045109,0.0396367331075079,0.0015128403675067,26.0,2385,13.656951504336964,poor,2
5590,55.3272172642265,42.6473073157302,2.2590797443458457,0.034704169412121,0.0053926462457789,620.0,2386,50.0,good,0
5596,54.3950531629804,39.2440638455308,2.1426878659594055,0.0396192463642849,0.0059902999581576,550.0,2387,50.0,good,0
5604,69.26655506124418,60.261104986585075,1.0315873583953656,0.0176254353985581,0.0256043973804593,219.0,2388,13.339869281045754,poor,2
5611,46.8887448091208,40.1699839541244,1.5864744482950368,0.0459961326628822,0.0015056476829999,187.0,2389,50.0,good,0
5615,49.31077528319291,43.26929082105213,2.3240222408333833,0.0398316926928006,0.0017242032126982,222.0,2390,50.0,good,0
5623,47.38914400058456,34.802653491503015,1.908605151595499,0.0310776512392633,0.0119150120340418,247.0,2391,50.0,good,0
5629,47.3409282550022,36.17328814097498,1.757860903661401,0.0265275690647207,0.012229118376033,254.0,2392,50.0,good,0
5636,63.2715500585209,56.3303549543657,1.866013205373645,0.0390243415600491,0.0038644800317286,178.0,2393,15.351108805712423,poor,2
5641,58.9679554670245,49.6411791038999,0.8245149759480231,0.0140113626648351,0.0045718340091935,1086.0,2394,50.0,good,0
5645,56.99316812017066,49.0738109509262,2.4363436032095933,0.0382063684616115,0.0058105507502271,159.0,2395,50.0,good,0
5647,58.47143470108136,50.57184056813199,2.301561728165717,0.0349013381679153,0.0039082892617181,154.0,2396,50.0,good,0
5650,58.32714404002344,50.502188736286485,1.7530867941160018,0.0270119841397888,0.0030328210627789,151.0,2397,50.0,good,0
5654,52.5945575268822,42.7033532865206,0.8922578471338567,0.0160187186316832,0.0033929048515063,672.0,2398,50.0,good,0
5656,53.8627165042992,42.8675666821782,0.7771125992863456,0.015594036070491,0.000567229961325,669.0,2399,50.0,good,0
5664,57.5333416067524,45.4157760402265,0.271491629362843,0.0045257914423721,0.0007237305211017,898.0,2400,50.0,good,0
5669,52.9382232865927,45.3612576089537,2.166422032352403,0.032169212243538,0.0036637072098351,533.0,2401,50.0,good,0
5673,59.6819533311892,52.1525124162638,1.0084788854838824,0.0248279841088023,0.0027491789646293,846.0,2402,50.0,good,0
5680,62.0865232525679,54.549953106623605,1.0499253774841275,0.0253579218879851,0.004047950374063,842.0,2403,16.462280192697,poor,1
5684,54.24566653099801,44.1036519307181,1.8472398586707233,0.0331733327853032,0.0101143069101847,760.0,2404,50.0,good,0
5690,63.3216346323868,47.6659016576076,0.9076010843303496,0.0231867671391496,0.0110892347315601,858.0,2405,17.251207729468597,poor,1
5700,71.579181967843,63.9683019750953,2.354136299652271,0.0524159298836193,0.0033512484451315,828.0,2406,13.166666666666671,poor,2
5707,43.2135134209949,30.73309483907661,2.871818074360348,0.0521634296832015,0.0197464028138343,114.0,2407,50.0,good,0
5709,47.78154809418652,35.372756278990344,2.868907030740274,0.0535684554568456,0.0153492081474338,112.0,2408,50.0,good,0
5711,35.7664063155064,24.7664063155064,0.0541261953157751,0.0009051306064091,0.0003844277715853,908.0,2409,23.334417590904618,poor,2
5715,47.050022513561,36.826111192888,1.6979285404770814,0.0331176428310508,0.0118360517129608,56.0,2410,50.0,good,0
5717,45.2164561858133,33.994422224113,1.6067250582334067,0.0431382699546206,0.0086347382489661,55.0,2411,50.0,good,0
5722,48.3297738646733,32.8279589641788,1.7293116727621138,0.0361520808493527,0.0117145509638929,98.0,2412,50.0,good,0
5726,47.0597241293885,31.603289562281,2.025865384209934,0.0356418102186558,0.011101980700859,408.0,2413,50.0,good,0
5734,60.5603700128697,49.491986324749305,2.7949965946075395,0.0394573908595429,0.0179537896496103,406.0,2414,50.0,good,0
5736,51.6491420310841,43.914504814495,2.6686060061485204,0.0428509435038668,0.0303977909496778,163.0,2415,50.0,good,0
5741,46.3248862355567,32.3773930724635,0.3589456573295238,0.0048380731302787,0.0042203146598845,232.0,2416,50.0,good,0
5746,53.4200024982098,44.829002800386,1.1164848234185192,0.0326432299882808,0.0006040417525289,87.0,2417,50.0,good,0
5749,54.8098839316128,45.855574229913,1.1026110575037968,0.0319672989549811,0.0040247744203109,87.0,2418,50.0,good,0
5752,55.32655623301691,45.53729961628984,2.0994450872836787,0.0456891352965328,0.006526516660826,216.0,2419,50.0,good,0
5755,52.46688233633159,42.14100334720632,1.5709656263770857,0.0352369314511548,0.0091525541473059,218.0,2420,50.0,good,0
5757,52.36388588236469,42.3880233323314,1.4845244896363652,0.033535968964462,0.0095258861999299,218.0,2421,50.0,good,0
5760,53.42753579271011,43.21672194257701,1.6626809736030677,0.037478207078184,0.0079661209161458,217.0,2422,50.0,good,0
5763,68.5694592376332,57.2890466652582,0.4042702215675526,0.0057981268771673,0.0186996114658347,639.0,2423,13.911444362615764,poor,2
5770,65.82859902547051,54.966040573891846,0.0921410589680691,0.0022062183490286,0.002484314869816,109.0,2424,15.565815227395005,poor,4
5777,54.5063468897808,41.54571219710681,0.1837711450524806,0.0026931263328787,0.0003392248185249,1039.0,2425,50.0,good,0
5779,57.3117383085589,48.6975540111737,0.0803845420519534,5.6852256343095375e-05,0.0017593608312006,1186.0,2426,14.849410078221425,poor,2
5783,53.4201524151381,43.2309412543329,1.9577330398675776,0.0315912063269105,0.0126600965154011,64.0,2427,50.0,good,0
5787,0.0,0.0,1.2529449899948153,0.0197216497146727,0.0,1076.0,2428,50.0,good,0
5789,66.1705292089632,55.7195809327921,1.6581287114314724,0.034576431578559,0.0045481461034286,87.0,2429,15.346516703793874,poor,2
5799,68.6352525997034,55.6573437500831,0.959896528338694,0.0184771083298237,0.0389743050187916,642.0,2430,13.875121839741603,poor,2
5803,52.29459694714541,44.6755654006995,0.8403721727144552,0.0151889825856034,0.0141648172251516,4.0,2431,50.0,good,0
5809,64.65139610354348,54.77929450146241,0.7219864616842377,0.0125910863937714,0.0148638325717999,62.0,2432,37.36009979792199,fair,3
5813,36.2046265516425,26.1626691747415,2.7339035662333484,0.0525389975275001,0.0403587247679221,112.0,2433,50.0,good,0
5817,63.2484705075419,54.58004139825771,0.6358683743147446,0.0216253707199907,0.0219810214493509,236.0,2434,16.440858754537455,poor,2
5826,45.2678309337903,35.7724452806083,1.2035038158986688,0.0164698210420195,0.0205474450448361,104.0,2435,50.0,good,0
5831,60.9089595597223,43.6992457167937,2.104478678950852,0.0432881488013457,0.0202286159441111,214.0,2436,50.0,good,0
5840,52.6163622671789,41.856497157945,0.2593314104520577,0.0022832345648015,0.0085395888717557,814.0,2437,50.0,good,0
5845,52.0910697918131,41.0572016702092,0.1123413869071573,0.0014712914840449,0.0057660306849725,842.0,2438,27.057637588229905,fair,3
5849,45.0156597577231,34.2319878346403,0.4202351342523184,0.0076512511932981,0.0010375360136797,1121.0,2439,50.0,good,0
5852,30.1532559905614,19.6930936442152,0.1804838332203893,0.0031577899665,0.0043306422345335,1054.0,2440,50.0,good,0
5859,54.9655399986267,45.9399493743374,1.417467414350723,0.0246394156736492,0.0319980342540604,944.0,2441,50.0,good,0
5861,64.2363353131626,52.5498119123678,1.3034720336990282,0.0201992187115407,0.008459592443312,367.0,2442,16.61677776352774,poor,1
5869,55.1769787075375,46.2280596920673,0.5601584324911892,0.0074839024621182,0.0342127029928582,914.0,2443,50.0,good,0
5877,68.7623439664291,59.02809808224739,0.2645952482654553,0.0020683142832058,0.0075931913650568,618.0,2444,13.80463540013289,poor,2
5884,45.9480402271585,36.7158297470011,2.20046658658742,0.0403133395299473,0.0094668561643479,302.0,2445,50.0,good,0
5890,44.3540893599704,35.7133461705841,1.8750357621494735,0.0339629022949182,0.0346664029709785,347.0,2446,50.0,good,0
5896,44.526400889172905,35.814752731873,2.055243437356736,0.0382739876053798,0.0177508724762949,331.0,2447,50.0,good,0
5901,44.610789934242504,35.6796342426856,2.078286836762816,0.0388047821688263,0.0134283919085959,307.0,2448,50.0,good,0
5909,58.6955588030342,46.8417487454822,1.583860429878296,0.0277699107067634,0.0262412280613461,605.0,2449,50.0,good,0
5913,49.7073912161411,38.1892828235573,2.3601750540954063,0.0415737422168519,0.0148024798023479,621.0,2450,50.0,good,0
5920,57.75043277572679,46.6972547652439,1.521674795812062,0.0271399836393474,0.0147708649253694,604.0,2451,50.0,good,0
5926,50.5867928897364,38.7491962327777,1.9146205391728712,0.0312409281836194,0.024546587169575,609.0,2452,50.0,good,0
5934,57.27874073294571,45.9202375526172,1.7943461452584475,0.0335556052914111,0.0180094783598067,600.0,2453,50.0,good,0
5938,46.7848980651877,36.6200169849561,1.8825914867983045,0.0326450320271075,0.0180165339970544,605.0,2454,50.0,good,0
5941,47.2559083383542,37.8009302125524,1.805835606503826,0.0318680562502957,0.024575008484172,598.0,2455,50.0,good,0
5948,39.3972535728898,26.2904124324716,1.7231367281803156,0.0335788004690128,0.0138884839867578,15.0,2456,50.0,good,0
5952,49.70869812404031,36.7086981240403,2.4639935972615605,0.0444659427079613,0.0073575444990406,15.0,2457,50.0,good,0
5960,43.3657342816841,30.3657342816841,2.3819650301989728,0.0425968803675675,0.0117917921503453,15.0,2458,50.0,good,0
5967,0.0,0.0,2.3536204727999275,0.0359419350822408,0.0001197339948574,188.0,2459,50.0,good,0
5974,36.96757954197899,27.210661644684325,2.4591654252610375,0.0385094747598468,0.0001522004047752,182.0,2460,50.0,good,0
5981,56.3653700034396,45.9724535419091,2.384286308837205,0.0449672027348362,0.0178402717856829,119.0,2461,50.0,good,0
5985,57.290026538213695,45.3124721451853,2.4841398646022457,0.0523733913340639,0.0173509069390989,128.0,2462,50.0,good,0
5989,55.0207760208983,42.678388978443,2.334533582830834,0.04958997210969,0.0207005067308954,121.0,2463,50.0,good,0
5993,54.5950294696882,42.4439059934469,2.447616279999317,0.050781610112932,0.0213349301200846,115.0,2464,50.0,good,0
5998,56.6442638070318,43.9627942726772,2.3444745390735666,0.0500080736511342,0.0207195420116516,122.0,2465,50.0,good,0
6008,65.01149431348405,51.34346856819257,1.4727386619270626,0.0292708432716418,0.0074652692859407,168.0,2466,16.09924215099925,poor,1
6011,64.98728646129132,51.31712428440869,1.0735406490418504,0.0233022170375851,0.0116860055637374,177.0,2467,16.114311091796143,poor,1
6014,64.83506841695447,51.25369154800982,1.0311281788465023,0.0218240353450209,0.0073532413005485,163.0,2468,16.217368325589483,poor,1
6018,64.74875587151607,51.19053847364769,1.4629523033028655,0.0291485311827057,0.007392477278023,164.0,2469,16.282739394692754,poor,1
6021,60.2938967119642,50.4771956304842,1.491744969498421,0.0264056507634644,0.0242768337814426,145.0,2470,50.0,good,0
6026,66.0041937319645,56.137164623856805,1.1766122288402523,0.0208201161340601,0.0281455008906352,157.0,2471,15.449031355207067,poor,2
6030,62.0690099618584,52.2735561714611,1.5191025655349697,0.0275300093650482,0.0180942384246601,147.0,2472,50.0,good,0
6036,64.3078191088631,54.5123394697471,1.464125300674195,0.0273145733541838,0.0192066799116134,148.0,2473,16.490169455255234,poor,2
6041,52.1822281373134,40.68277025064043,1.561230623290687,0.0202882055527185,0.0089035838692919,190.0,2474,50.0,good,0
6044,51.36994491191671,41.00162904938923,1.343701259220467,0.019624535229878,0.0133839553728932,189.0,2475,50.0,good,0
6051,77.07756780534122,69.4739286897348,2.0066981035810794,0.0358289904045548,0.0514324768064458,232.0,2476,13.166666666666671,poor,2
6054,74.56098855332468,67.0797644426047,2.048521678065998,0.0353433175511308,0.0489183588571064,237.0,2477,13.166666666666671,poor,2
6058,75.78707465745059,68.26667693260865,2.2693595978530707,0.0408778310795727,0.0451593803590329,237.0,2478,13.166666666666671,poor,2
6063,58.00114776284322,46.88961608945078,1.6053453569936869,0.0321051376349328,0.015891406724961,496.0,2479,50.0,good,0
6067,56.951945640054504,46.35127190564092,1.668908277662039,0.0340737608464521,0.0289194684794108,487.0,2480,50.0,good,0
6076,74.72274776332424,65.88382684455217,1.331839754794593,0.0310634003516229,0.007170064141216,449.0,2481,13.166666666666671,poor,2
6085,47.1368758346715,34.4792943030821,1.069831662737349,0.0210861756674866,0.0211505084698686,176.0,2482,50.0,good,0
6090,46.2989381474695,32.7468058586738,1.0062899341362654,0.0216531728497829,0.0182427499746968,186.0,2483,50.0,good,0
6102,58.0243810570908,43.3843038017164,0.0486402475202026,0.0003074022400582,0.0091813597432287,1029.0,2484,13.166666666666671,poor,2
6105,66.4098921716162,52.8972002934238,0.39614281679648,0.0065035125002552,0.0071659843115133,1105.0,2485,15.192298760948841,poor,1
6107,61.386078159121894,49.466511322355174,1.7384371302942354,0.0328557166560059,0.0160101235711808,266.0,2486,50.0,good,0
6113,65.68357253067786,53.20046924930309,1.638144988288821,0.0300663174880272,0.0154422531082886,278.0,2487,15.656281839968596,poor,2
6116,63.0677861438128,50.66847474621785,1.4453833054010263,0.0259922055630193,0.0156511509217493,271.0,2488,17.251207729468607,poor,0
6120,52.568791501682,42.167858991217,0.6129683379909171,0.0086569111961414,0.0133064430670016,180.0,2489,50.0,good,0
6126,70.1797603223103,57.2263917025701,0.4856041237867499,0.0021724942557247,0.0064261302205462,1071.0,2490,13.166666666666671,poor,2
6128,72.1694744381868,59.1811327808852,0.0662525105547412,0.0003566435941133,0.0030630877738344,1075.0,2491,13.166666666666671,poor,3
6134,58.10879068756121,41.935771537363294,0.244577463984265,0.0053795995576853,0.0264144931887715,787.0,2492,50.0,good,0
6138,44.568042767415704,34.5717456528575,0.4096281662473844,0.0050625456795952,0.0009825797411936,1153.0,2493,50.0,good,0
6143,49.0782550675311,38.2043573203188,0.6649382863426214,0.0086222198478722,0.0006719326620544,1181.0,2494,50.0,good,0
6148,62.8035470591242,48.26650303118009,0.2603575243079222,0.004593836928518,0.0066588932384759,769.0,2495,50.0,good,0
6154,58.4645176315858,40.1879850648195,0.1576024300785529,0.0054053473824034,0.0023130920361482,332.0,2496,50.0,good,0
6159,69.2369500832122,57.2669264792829,0.4537997633919121,0.0057210362050864,0.0047567686867777,239.0,2497,13.551558519901937,poor,2
6170,45.7763496486509,35.7508681900864,0.3001971545323463,0.0041491386076125,0.0005092351892668,1182.0,2498,50.0,good,0
6179,74.7033184009032,66.3869052941366,1.9141268826915592,0.0278443691185903,0.0007896103277555,616.0,2499,13.166666666666671,poor,2
6183,68.3174033718024,59.795593944315,2.3490899139954875,0.0455540854121268,0.0025558495448227,811.0,2500,13.437844210048572,poor,2
6190,48.34707854872232,36.29681129043439,2.023514483464941,0.0350255331651148,0.0103253352843042,270.0,2501,50.0,good,0
6192,47.02839793130272,35.800448682491634,1.9212159647046276,0.0310906970743728,0.012196713457412,267.0,2502,50.0,good,0
6195,49.51387089919493,38.499470381867624,2.011401976886793,0.0334087508700313,0.0082466785197547,267.0,2503,50.0,good,0
6202,56.53641369682578,45.454619411028226,1.9379756023827064,0.0290326178526248,0.0104182435113644,264.0,2504,50.0,good,0
6208,52.17059185745523,41.17081706796618,2.0094464994767893,0.0320558249510532,0.0080226005468792,268.0,2505,50.0,good,0
6212,50.151964567195705,42.065294001084,2.9739460910035653,0.0539134968231641,0.0027298465362419,101.0,2506,50.0,good,0
6214,45.6715580488992,33.52586901958,2.657869742342949,0.0486544619857204,0.0037897050478813,103.0,2507,50.0,good,0
6220,50.0152125458532,41.83381175663391,2.6268688031663676,0.0476601393545035,0.0051781586201698,106.0,2508,50.0,good,0
6228,44.4950634363445,33.6713934221987,2.591477216364082,0.0461097931178974,0.0132927945673935,101.0,2509,50.0,good,0
6242,57.1359909360664,44.3022986095079,1.2584003846062997,0.0230907182654405,0.0235229937759299,212.0,2510,50.0,good,0
6245,63.126187728541595,50.527286302838505,1.5797526910137023,0.0262685078865831,0.044032897837288,214.0,2511,17.251207729468597,poor,1
6249,62.9465186702989,50.573467994285,0.7972085333647984,0.013685132198624,0.058863429953381,214.0,2512,50.0,good,0
6252,63.1973433479837,50.804686865332,0.9078197841147176,0.0169204432475232,0.0530051752364339,212.0,2513,17.25120772946859,poor,1
6262,56.3021952192078,47.3892652191775,1.3468001896752857,0.0254248709393237,0.0180803034179793,207.0,2514,50.0,good,0
6267,53.5801926173503,46.2834381808245,1.4140325005318035,0.0259805876542729,0.0172615357678116,201.0,2515,50.0,good,0
6273,55.75565975553648,42.32324205405153,1.8629016029620615,0.0440308225934518,0.006196148114727,129.0,2516,50.0,good,0
6275,54.49517272432306,41.36843447911115,1.9196783015131305,0.0434577906633546,0.0105016477281367,125.0,2517,50.0,good,0
6276,58.95274545105801,45.31901958463128,1.4743636076981237,0.0333516412963978,0.0035189416308197,128.0,2518,50.0,good,0
6278,64.78744384023068,50.520067576139304,1.3646396322889844,0.0345847128872671,0.001765605583096,124.0,2519,16.252890446223727,poor,1
6285,59.053923578603,47.4636915574923,0.5953207621028366,0.0118283577510379,0.0135037955270718,312.0,2520,50.0,good,0
6289,72.23037029860029,62.46262300184281,3.0479778235992936,0.0436781503830659,0.0004600945012965,223.0,2521,13.166666666666671,poor,2
6293,72.06774995422654,62.59302074661672,2.3672928554604264,0.0380069647693797,0.0004556031504153,227.0,2522,13.166666666666671,poor,2
6297,71.78179462788893,62.443763352518005,1.6074903686654038,0.0262132146793758,0.0003486213836498,225.0,2523,13.166666666666671,poor,2
6303,73.88989988274861,65.69473050767317,0.9841891373332244,0.0115663269502377,0.0260966513990311,579.0,2524,13.166666666666671,poor,2
6315,64.3501649291874,51.6072265950024,2.6529013239465407,0.0485896805260219,0.0106939265749667,316.0,2525,16.54724627367791,poor,1
6316,63.3027833935365,50.3567565065211,2.655269613739605,0.0515439946512339,0.0067128411953736,315.0,2526,17.2512077294686,poor,1
6318,64.1464480671934,51.3147486167518,1.2725238064782294,0.0249615544791209,0.0063284724619132,312.0,2527,16.680904729746192,poor,1
6327,59.6253123480929,47.308835413886,1.635139696644376,0.0265092042541076,0.0057920024310645,793.0,2528,50.0,good,0
6334,50.49153535744939,36.741382655238134,1.891270672011251,0.0215857506871419,0.0145429684681186,485.0,2529,50.0,good,0
6346,21.838412509143403,10.8384125091434,0.6944016662901648,0.009741450545602,0.0031254941412641,1044.0,2530,50.0,good,0
6352,49.58148271886134,41.29490846395325,1.6517256254683443,0.0360322945810813,0.0112391006115939,642.0,2531,50.0,good,0
6362,47.4192159359118,33.5632922734284,2.6419657324095653,0.0528385784244275,0.0141235074262685,105.0,2532,50.0,good,0
6374,58.130744705058525,49.33951838116678,1.31584865944931,0.0272312183021288,0.0460541110472961,191.0,2533,50.0,good,0
6376,66.80461604178997,55.20601487733782,1.9193117058542264,0.0267317336677062,0.0276093314068792,236.0,2534,14.947293996743149,poor,2
6378,66.15089842672901,50.969265406130226,2.168792015652089,0.031556435495985,0.0186582784939988,228.0,2535,15.360033743122,poor,1
6382,58.0152754352543,49.14378874331189,1.6771189224802974,0.0319893188222982,0.0304578393479378,199.0,2536,50.0,good,0
6386,66.03380268716111,52.47444056793154,1.5164426876139043,0.0190191153385958,0.0372738949501933,234.0,2537,15.4304906374495,poor,1
6392,47.6815474378198,37.4401658533688,0.2762104759894176,0.0052377301973408,0.0005301042183432,1111.0,2538,50.0,good,0
6396,46.98803162048749,35.7176292809339,0.1718367263832342,0.0012336978131091,0.0001780091668457,1096.0,2539,50.0,good,0
6401,30.6448116399044,18.6448116399044,1.001298789968105,0.0122057837233651,0.0,1096.0,2540,50.0,good,0
6405,45.0995110820077,35.1118992151921,1.0221369811239291,0.020051960433531,4.667173502235722e-06,1137.0,2541,50.0,good,0
6413,47.5591011181387,37.5657761551663,1.6693148766821897,0.0207801041745718,0.0004818162190978,1137.0,2542,50.0,good,0
6420,48.8201497577022,38.7929495359322,0.3156326389801177,0.006635214471906,0.0071000804349065,1135.0,2543,50.0,good,0
6426,27.1335537228195,17.1335537228195,0.509570046519476,0.0035869684155439,0.0029746678713201,1056.0,2544,50.0,good,0
6432,45.4533767287998,35.4687026945488,0.5927277005961519,0.0102597749104982,0.0001860562947332,1143.0,2545,50.0,good,0
6436,39.103848889159,28.2431932617579,0.1689113027466265,0.002834404326786,0.0063745728031655,1060.0,2546,50.0,good,0
6447,54.8379044507336,40.2960505532695,1.356241882108984,0.0274393846366095,0.0026919787058625,484.0,2547,50.0,good,0
6456,60.36766670900461,45.80692384361059,1.443446581902785,0.030671872273072,0.005698974670221,454.0,2548,50.0,good,0
6465,54.24507248578679,39.8878799087533,1.2981768070315338,0.0240815607084133,0.0003535761470848,504.0,2549,50.0,good,0
6475,56.8052497893331,42.2293088550085,1.4140404792636465,0.0295074779030422,0.0067325262078108,468.0,2550,50.0,good,0
6483,52.0340284405393,37.2846330245973,1.4705728701039722,0.0261139684056067,0.0138886972677171,532.0,2551,50.0,good,0
6485,52.1176621832021,37.0606151059494,0.9013040266006076,0.0176926632886543,0.024210568834611,542.0,2552,50.0,good,0
6486,54.0778432280828,45.77247163391989,1.2811150095243926,0.0269422963622844,0.0050433022437379,554.0,2553,50.0,good,0
6492,51.904381842715,37.1033217742389,1.4119885621422368,0.0250152774561072,0.0135523125748631,533.0,2554,50.0,good,0
6497,56.7830954009482,41.459343992114995,1.0135864848959573,0.0228298146611034,0.0116615080587111,572.0,2555,50.0,good,0
6501,52.1563347427891,37.0584238111853,1.2806996165536355,0.0221847755787172,0.0184871784432771,556.0,2556,50.0,good,0
6512,53.37957380825921,44.01959810274201,1.4491334173848047,0.0282962601121316,0.0216846718307473,202.0,2557,50.0,good,0
6514,50.55179698590117,41.59291403606343,1.8976820387173363,0.0287481485720388,0.0147395122693917,163.0,2558,50.0,good,0
6519,55.55977024550429,46.29910483571027,1.6120429917771515,0.0322899566473444,0.0130001028424387,197.0,2559,50.0,good,0
6525,48.69279801783115,39.81837304719039,2.0489656322676217,0.0318481663715806,0.0083601266556547,170.0,2560,50.0,good,0
6529,52.79642777163857,43.74494927121228,1.4646698093121249,0.0290435208011513,0.0196855675461721,182.0,2561,50.0,good,0
6535,49.4851320380148,40.7220742960396,1.9312005128901424,0.0305173499593714,0.0166246399126215,181.0,2562,50.0,good,0
6539,54.55172694398727,45.12365233848311,1.54902268034264,0.0319616744059249,0.0119724221335541,212.0,2563,50.0,good,0
6548,36.3984192368565,26.3506078483516,0.1558983361806676,0.0029572385487341,0.0035335950223255,1125.0,2564,50.0,good,0
6556,47.696320470205094,37.6094134425875,0.8719481146603953,0.0172843765918204,0.033805397861735,175.0,2565,50.0,good,0
6563,45.919133632704,34.5830439051353,0.9447219618856532,0.0151933840006825,0.0322727865127224,149.0,2566,50.0,good,0
6566,52.326864790924205,39.2435634248514,1.065274809135195,0.0197638554872939,0.0320998464160115,148.0,2567,50.0,good,0
6571,60.7976026207255,48.310496296982,0.8550254907045848,0.0109752873483598,0.0144462604564526,587.0,2568,50.0,good,0
6580,67.8996577511385,55.226407714922,1.6850124381741751,0.0317628780789627,0.0206506094893284,760.0,2569,14.2918565206128,poor,2
6598,48.2547000199753,31.3709984779773,2.161696930417892,0.0439674050479876,0.0120625398640207,50.0,2570,50.0,good,0
6600,43.83492966625299,26.9670648539045,2.0947732613634145,0.0455240634985757,0.0080010203032186,24.0,2571,50.0,good,0
6602,46.1654276539338,28.926017991074,2.195414281057855,0.0445912399815213,0.0090689015002988,22.0,2572,50.0,good,0
6604,47.4249816507712,35.5110625263803,1.7684513953483605,0.0371242010408942,0.0078402342532547,53.0,2573,50.0,good,0
6605,47.9710478236122,35.7036268906286,1.830621066939051,0.0387711554570665,0.0083101646558873,20.0,2574,50.0,good,0
6611,46.4339105636125,29.184333102059597,2.0083925632963275,0.0450520558538436,0.0127631588503477,26.0,2575,50.0,good,0
6614,43.4706095309443,31.775368345873105,1.7030371068560335,0.0373151757827898,0.0080797176712837,51.0,2576,50.0,good,0
6617,40.55477338909499,27.024736229781105,1.949939677708593,0.0418568406630348,0.0130293800555925,22.0,2577,50.0,good,0
6624,49.19654652929858,37.509646788202474,2.4231278884594896,0.0440856552278884,0.00549033958891,86.0,2578,50.0,good,0
6628,47.6559830671474,38.0161231917405,1.793563590749344,0.0327056418874781,0.0025904943972811,86.0,2579,50.0,good,0
6635,50.795629718309534,41.43192400075664,1.9258426243955649,0.0341995275508997,0.0098457531035198,86.0,2580,50.0,good,0
6640,51.18525928426385,42.40919175326957,2.2208612001955235,0.0421338481009477,0.0069159077983967,54.0,2581,50.0,good,0
6646,46.49404953032302,37.78845126135853,2.4510824810087946,0.0409708981348555,0.0083873557110176,53.0,2582,50.0,good,0
6651,45.23441525735656,36.59635644970343,2.318336852480575,0.0425881334808664,0.0051309254855623,48.0,2583,50.0,good,0
6657,68.59858231535637,59.18202214751062,1.6661346994936428,0.0342361221091601,0.0116667226606609,550.0,2584,13.74503375155669,poor,2
6662,68.641934452039,58.912177685533194,2.1367631842854737,0.0424423682197185,0.0155453386810834,557.0,2585,13.871361683923382,poor,2
6669,69.07891121128019,59.30408274710524,1.4980508984990917,0.0319947191269723,0.0084605918173615,542.0,2586,13.634550529719938,poor,2
6675,67.44130021036169,59.72906052712474,1.9489014635640352,0.0373101382637105,0.0103245961737136,148.0,2587,13.470553896445324,poor,2
6678,61.43047499802604,53.61106736066114,1.9673077530476828,0.0397136518861951,0.0100497461722121,114.0,2588,17.056188872216968,poor,1
6681,55.52618907197946,47.82367968241087,2.267966541546512,0.0382734819650101,0.0069361222596949,124.0,2589,50.0,good,0
6686,67.29815319223886,59.84528783493047,2.010878540693435,0.039593280009793,0.0064988458609744,148.0,2590,13.413679591827313,poor,2
6697,59.9449079071579,45.4762619387843,2.650391758429497,0.0463247244257603,0.0073878906386772,174.0,2591,50.0,good,0
6708,55.1091061225456,41.9302726637559,1.582952409507132,0.034935338211011,0.0101288954438888,160.0,2592,50.0,good,0
6726,43.238170154889445,28.785564398654635,1.5618608149893316,0.019650759860566,0.0095709875503003,159.0,2593,50.0,good,0
6729,42.81879517423343,28.382154525822077,1.4467971031928804,0.0201574797031605,0.0079447989114697,157.0,2594,50.0,good,0
6735,34.7943473406714,21.4489045243402,1.56101762838851,0.02302904765079,0.006104092152772,175.0,2595,50.0,good,0
6740,45.08298965864383,31.686582564860196,1.5532251462353457,0.0208670322430186,0.0088352308265969,154.0,2596,50.0,good,0
6745,41.8841765707034,29.380322012299,1.483673606629321,0.02106622380968,0.0079516695415816,164.0,2597,50.0,good,0
6751,33.9054936375466,20.0641047683929,1.547258379720543,0.0221699127552071,0.0035853243816307,171.0,2598,50.0,good,0
6757,66.0416259632634,51.03417749557329,1.7616220134130296,0.0405580960356476,0.0053324537923172,95.0,2599,15.425643948165373,poor,1
6765,65.35822684690486,49.63342800629754,1.4646457901601135,0.0354875840013393,0.0081607818982817,95.0,2600,15.869656997678348,poor,1
6783,0.0,0.0,0.3655645308526797,0.0042800056223915,0.0137586983411156,1078.0,2601,50.0,good,0
6791,0.0,0.0,0.1463457448217646,0.0007135093684357,0.0132483797145199,1093.0,2602,50.0,good,0
6795,0.0,0.0,0.3903664902148663,0.0038580653928337,0.0044286273935166,1129.0,2603,50.0,good,0
6802,0.0,0.0,0.0697628429521096,0.0008549233244816,0.0003366868940659,1124.0,2604,14.218348450917613,poor,1
6809,0.0,0.0,0.146883442454274,0.0024935107411537,0.0012324412681679,1132.0,2605,50.0,good,0
6816,0.0,0.0,0.087809672853574,0.00032762190212,0.0001278878378004,1110.0,2606,15.31371206123149,poor,1
6822,0.0,0.0,0.1966034425361235,0.0021918628643162,0.000433231826693,1117.0,2607,50.0,good,0
6831,50.29386038201031,39.7853797839902,1.565887110202745,0.0331993074840602,0.0169392410759553,127.0,2608,50.0,good,0
6832,51.2124716937158,44.9292648386394,0.3797805878867046,0.0045639221582198,0.009869539984863,114.0,2609,50.0,good,0
6837,54.8614053243076,47.2315898031311,0.8785211778879832,0.0134038746984621,0.0328755642380819,144.0,2610,50.0,good,0
6842,50.2869842896677,44.8915794081542,0.9733623803870384,0.0187303947067495,0.0309080091852506,120.0,2611,50.0,good,0
6848,64.7861772273547,53.9956972037778,0.996241398570811,0.0198742651558863,0.0156339420143344,178.0,2612,16.253858701116837,poor,2
6852,63.4951839720383,52.5138317864356,1.1551233166135435,0.0217698125844371,0.022205244079129,173.0,2613,17.10765117015838,poor,1
6857,64.0338425993981,53.09467866792281,1.0786536032732073,0.0182204656088779,0.0297355908086217,175.0,2614,16.768921694677683,poor,2
6863,51.4880735464482,45.5836737251364,1.413800610148833,0.0233717490203947,0.0328613013971171,129.0,2615,50.0,good,0
6866,50.7889731821825,44.7824823574114,0.3347157445280696,0.0136518660545299,0.0051059290554355,114.0,2616,50.0,good,0
6871,50.70398113492,40.1251762244647,1.730230363630506,0.0356187531868233,0.0158418927233881,135.0,2617,50.0,good,0
6875,50.8097878714147,40.35474246545,1.1211261579115892,0.0227030954425865,0.0190127608377,144.0,2618,50.0,good,0
6881,60.93133919401079,49.24598778984218,0.2482332459928071,0.0067965356703891,0.0034691099783152,141.0,2619,50.0,good,0
6884,56.49078644719988,45.30001015248513,0.2843682339227344,0.0073797105217456,0.0020035160168544,155.0,2620,50.0,good,0
6887,62.60646710250547,51.23451750801336,0.2911380084801812,0.0074793024262343,0.004026494511902,159.0,2621,50.0,good,0
6892,57.81524444172347,46.66710320438776,0.2718400924064115,0.0049374454754935,0.0059858396289593,158.0,2622,50.0,good,0
6894,57.89481013002079,46.29234030637395,2.100000384572876,0.0287440520697748,0.0150065735206793,150.0,2623,50.0,good,0
6897,59.36650097634597,47.75475397819943,2.642080048407915,0.0352622053861895,0.0131224370568335,146.0,2624,50.0,good,0
6902,60.10285030088781,48.77469376843311,2.068411149443006,0.0407182714071992,0.0066863978769555,157.0,2625,50.0,good,0
6950,46.3738028293609,32.9638168277779,1.299972737936088,0.0141199534563048,0.0051498896750349,895.0,2626,50.0,good,0
6954,49.9852500508605,36.2394002717282,0.4841534474115853,0.008829293267901,0.0001266388968848,845.0,2627,50.0,good,0
6960,47.1908148847671,33.699895097492,0.1257793923115654,0.0009362204407725,0.000634011740174,875.0,2628,50.0,good,0
6966,48.91405831754901,35.2015925890697,0.3794027927915822,0.0019410947203548,0.0,861.0,2629,50.0,good,0
6972,53.0266866035771,38.3528350768443,0.3424585442092909,0.002829744811409,6.509396156827778e-06,820.0,2630,50.0,good,0
6977,54.1342792129751,43.458938011029,1.899650900563489,0.0332561791804193,0.0046180227711217,41.0,2631,50.0,good,0
6986,58.04810184777439,49.390066196552894,2.208000831806682,0.0397020402156303,0.0058679138791218,39.0,2632,50.0,good,0
6991,59.449547293609186,50.74349204958975,1.651759037513334,0.0245311715628683,0.003311025800066,55.0,2633,50.0,good,0
7000,54.7029644294649,46.1536984999656,1.867491422431473,0.0321589012327508,0.0044948653603399,41.0,2634,50.0,good,0
7010,55.5559952914951,46.70452839270369,1.5864536900367947,0.0234133844728252,0.0023411513254612,51.0,2635,50.0,good,0
7072,68.1795707819256,60.4186884634246,0.9152486961052936,0.0209439798648011,0.018550097177973,152.0,2636,13.339869281045754,poor,2
7075,69.9181940601935,62.0771907566542,1.0359682534333694,0.0259442173235226,0.0096089094225299,151.0,2637,13.206180869396329,poor,2
7079,66.6156129032876,58.8122394982076,0.9774087279345396,0.0123789812875432,0.0288769896354321,158.0,2638,13.937364171845564,poor,2
7083,67.6671822556479,59.880474204889694,1.2917889588453313,0.0231257357964359,0.0225791633784283,152.0,2639,13.396705283502255,poor,2
7091,70.095526388813,62.3895739222343,1.252121884034612,0.0222960348765984,0.0141568733605993,147.0,2640,13.166666666666671,poor,2
7096,68.7415617968247,60.96341980848101,0.9281263632865904,0.021825420416806,0.0162993471703152,152.0,2641,13.339869281045754,poor,2
7100,67.287697929542,59.49473917633631,1.0670552976764975,0.0174402608082536,0.0182762684629261,158.0,2642,13.586368337673804,poor,2
7103,70.3869714016439,62.5988464201088,1.003171011081863,0.0261440233159203,0.0090613121903361,146.0,2643,13.166666666666671,poor,2
7108,73.3297337099413,65.643515421929,1.385271340794096,0.0278303034232022,0.018771963898614,154.0,2644,13.166666666666671,poor,2
7114,68.7351580530468,60.885927993722206,1.423668351377311,0.0291143286984574,0.0164109987656675,158.0,2645,13.339869281045754,poor,2
7124,70.4791836697563,62.7522063370463,1.1312842695273106,0.0212290325572688,0.0159403393025262,144.0,2646,13.166666666666671,poor,2
7134,48.7975711698557,44.5401759304667,1.7951521945845947,0.0336650710370516,0.011406680425885,237.0,2647,50.0,good,0
7138,64.317485918705,53.1379220215825,1.4536367339080905,0.0355722585393126,0.0046236015364865,237.0,2648,16.56603754958574,poor,2
7142,66.8859267004506,55.704290164917595,1.4781875802508542,0.0257558095061613,0.0158017307262997,249.0,2649,14.897519557939571,poor,2
7147,48.2690674771258,44.32605367274719,1.943030994028555,0.0349102668081102,0.0081966702800412,245.0,2650,50.0,good,0
7153,51.79695566611396,41.18626283429288,1.736550301007634,0.030283674534228,0.0168087268001139,237.0,2651,50.0,good,0
7155,55.35783228676,44.3642956316721,1.4966216888329524,0.0364757280410785,0.0063005654707519,239.0,2652,50.0,good,0
7160,50.4790780861179,39.1296643778517,1.6411780232145456,0.0389388249866351,0.0064544959475672,241.0,2653,50.0,good,0
7164,50.211304234301096,39.9308468650015,1.4119269292046606,0.0348839698989538,0.0130535357092793,233.0,2654,50.0,good,0
7169,66.4663285560485,55.1934158723227,1.564161430578793,0.0256418151447547,0.0168097042444929,246.0,2655,15.158571259012895,poor,2
7174,67.5031001935355,56.3394683057384,1.5581746081361203,0.0285609204761644,0.0175982206668273,246.0,2656,14.523701083381361,poor,2
7179,65.7519656260307,54.4548455460174,1.476738669318956,0.0262808253197724,0.0168802618663274,265.0,2657,15.614370935829708,poor,2
7184,49.2360938488656,38.7856620942461,1.4145937729066904,0.0319546021917945,0.0130241697986408,249.0,2658,50.0,good,0
7188,47.59748507704881,41.98870789710853,1.8551485658575833,0.0314940705055168,0.013371186352067,241.0,2659,50.0,good,0
7194,49.9610699740647,40.4615606518408,1.630363486112349,0.0375233223558213,0.008785091751996,237.0,2660,50.0,good,0
7198,72.1292154289627,64.9033757406011,0.9501198488918826,0.0270067570508542,0.0101174588578276,83.0,2661,13.166666666666671,poor,2
7200,67.1347700267042,58.8243788852979,1.662265375513234,0.0395065500404607,0.0094517775555871,106.0,2662,13.931085291573119,poor,2
7211,73.2984140780375,65.9110984442611,0.8293511702334246,0.0202755803910139,0.0088250408858171,77.0,2663,13.166666666666671,poor,2
7216,71.8061092359035,64.507348029913,1.2416414625149477,0.020375929541893,0.0085036547584668,83.0,2664,13.166666666666671,poor,2
7221,71.6508124208948,64.3955803428675,0.5911993265392418,0.0114766298715658,0.0020191759966931,84.0,2665,13.166666666666671,poor,2
7226,72.0464949677223,64.8039362206923,0.6388251392066548,0.0140796408515832,0.0035391039543376,83.0,2666,13.166666666666671,poor,2
7233,61.42783960522118,51.055640632911235,1.590336632637095,0.0363268752565921,0.0034348342413357,252.0,2667,50.0,good,0
7234,61.45251831715723,49.63199200915899,1.2951590275266414,0.0280336932662496,0.000813515726956,232.0,2668,50.0,good,0
7236,67.08807196900396,52.030213854816616,1.377767854653172,0.0319075890808457,0.0030336032641358,247.0,2669,14.772121921179219,poor,1
7238,54.49208376996833,41.55045721357831,1.7462784985402688,0.027609069780633,0.0100660820214729,218.0,2670,50.0,good,0
7240,67.07275195328197,52.801519426510055,1.4838141357254218,0.0366639347563427,0.0025616352200763,274.0,2671,14.781274266340953,poor,1
7241,62.69336338345886,51.28337653040687,1.4404095586512835,0.0344019142981114,0.0022988692301624,259.0,2672,50.0,good,0
7244,67.11000336056829,52.42382401847664,1.3415843949550432,0.0308908627141233,0.0011059844521291,255.0,2673,14.75911569954516,poor,1
7248,59.8375039298418,49.31118467642344,1.5179777193007586,0.0318897238819353,0.0024589897929507,230.0,2674,50.0,good,0
7250,57.34947372468467,43.49480809896374,1.928224074309248,0.0311463418737909,0.0110827221693875,213.0,2675,50.0,good,0
7256,60.62188466951834,48.37789239423448,1.2771183732408382,0.0280605476009345,0.004368954121724,213.0,2676,50.0,good,0
7258,59.26045897072272,48.3243841075268,1.534373978409563,0.0333372589960262,0.0057305495683468,213.0,2677,50.0,good,0
7264,54.29146536241589,41.48995531400683,1.7021441778023343,0.0266626903989392,0.0130630481641978,221.0,2678,50.0,good,0
7270,48.973177112302594,38.9161598355653,0.3460250129159845,0.0063310774081613,0.0368666905551887,178.0,2679,50.0,good,0
7276,48.0942125949753,37.5924214939111,0.917173585921682,0.0150796924648682,0.0284094226694972,179.0,2680,50.0,good,0
7281,47.94075210191879,37.607508934943,0.726538631928648,0.0155594310205755,0.0185045205608201,171.0,2681,50.0,good,0
7286,48.142727309194,37.9937904469546,0.4902462438604694,0.008725173792479,0.0339754742453927,160.0,2682,50.0,good,0
7291,48.20473911598731,38.8638121440872,0.7368263246735729,0.0124068165945125,0.0303092430847385,143.0,2683,50.0,good,0
7295,52.9751849861632,42.9075307617818,0.5559990920606291,0.0103004778567204,0.0301426238487078,133.0,2684,50.0,good,0
7301,52.9868272618687,42.903467320045,0.6033299918615643,0.0083448651156322,0.0345111630693116,148.0,2685,50.0,good,0
7307,57.4473440141795,47.3957921029756,1.017415880642605,0.0195745673021693,0.0204870640646207,134.0,2686,50.0,good,0
7314,60.4261649252433,50.36077123288139,1.7185833547450031,0.0271680279828399,0.0331269214362583,133.0,2687,50.0,good,0
7317,67.1054189033136,56.8700006988577,0.7942963707787966,0.0175514798525885,0.0231253627042103,135.0,2688,14.761825203565877,poor,2
7322,48.2157060368283,38.1605791765844,1.096774497504637,0.013259498087132,0.0227944601309748,139.0,2689,50.0,good,0
7328,47.6348635108858,37.2635724534242,1.0356671433572922,0.0221291008451239,0.0263250500702109,210.0,2690,50.0,good,0
7331,53.33661244371249,43.44526133231315,1.309409994100643,0.03569420375737,0.010711153879797,221.0,2691,50.0,good,0
7333,51.43042711742275,42.390148166514415,0.9808753265712836,0.0178910527260328,0.0102788900649265,173.0,2692,50.0,good,0
7335,49.92658095458947,40.340729847864615,1.2019726212913129,0.0309157446619678,0.0135705491775762,206.0,2693,50.0,good,0
7337,52.106609940129445,43.302290848271205,1.8933908644401096,0.0364610303448156,0.0049137765964876,112.0,2694,50.0,good,0
7339,55.549792528308174,45.824621685584496,1.526895212759158,0.0365684004692971,0.0106888050172269,227.0,2695,50.0,good,0
7343,57.07893148288711,50.12060071941656,1.446766485748661,0.0291653748051567,0.0070567854946654,119.0,2696,50.0,good,0
7346,47.18005140679117,38.141049644615194,1.2365058462650438,0.0330528768420178,0.0139593825915159,153.0,2697,50.0,good,0
7349,59.89554161225542,52.056098424906345,1.0954387059213009,0.0231699843466123,0.0101345142899631,138.0,2698,50.0,good,0
7352,54.38510084397223,45.49199900080172,1.576687361127083,0.0285005724562305,0.0124740202551513,154.0,2699,50.0,good,0
7354,58.31218205378307,50.88309418725984,1.145706804811773,0.0220941735046802,0.007848796208123,112.0,2700,50.0,good,0
7358,52.17800676966036,43.36467720444609,1.9660073822928164,0.0397125152777146,0.005759657115413,87.0,2701,50.0,good,0
7360,50.37762100650798,41.425122462474576,1.3068815905500075,0.0284611792701743,0.0073467993124815,87.0,2702,50.0,good,0
7365,49.048211338403725,39.37280930630874,1.032570923309957,0.0238100645963744,0.0178798551625004,206.0,2703,50.0,good,0
7367,50.490936829120734,41.430762752492384,1.404188837236836,0.0345652854819924,0.0093197779707487,180.0,2704,50.0,good,0
7371,48.865278548640774,39.80866711512593,1.1834169849655072,0.0282327433896694,0.0140129281417597,153.0,2705,50.0,good,0
7373,54.86551015209123,45.05406307507647,1.3575280413995714,0.0331814426012127,0.0109370763048637,230.0,2706,50.0,good,0
7376,53.8636988312053,36.7158680609975,1.8488372844214496,0.0306334807633995,0.0050155767576704,89.0,2707,50.0,good,0
7378,52.07610551171071,38.6765488550326,1.1946627443353273,0.0187859892910495,0.0267084437713597,104.0,2708,50.0,good,0
7381,47.6475635042248,36.2255527859392,1.32355011537661,0.0248470892200302,0.0178411218627986,102.0,2709,50.0,good,0
7384,63.6094026816116,46.6344654527187,1.6667400018558576,0.0313564346174473,0.0054206618277489,87.0,2710,17.04197663118894,poor,1
7387,63.6298517390349,46.18779364047769,1.325520806158144,0.0268428473294461,0.0067569448399135,82.0,2711,17.032691581389123,poor,1
7390,63.5779119061681,46.0560644479044,1.3551111988248397,0.0275203757280368,0.0111904185981867,84.0,2712,17.057537526002502,poor,1
7393,57.768523500571106,41.6269245782826,1.431375222275473,0.0246761941397097,0.0184750043290397,107.0,2713,50.0,good,0
7396,56.664438808467,39.6294039316534,1.671009479341155,0.0322073562055226,0.0082496654527111,101.0,2714,50.0,good,0
7401,50.7750059849684,34.316709087931,1.5754666114747653,0.0276233222865707,0.0095198699119192,86.0,2715,50.0,good,0
7406,53.9010929158289,40.721101983753,1.642915019982241,0.0263398419300098,0.018066776786689,103.0,2716,50.0,good,0
7410,43.62481065736701,27.2843198456507,1.7410586786690656,0.0320233585515851,0.0053087914589025,101.0,2717,50.0,good,0
7415,46.3444088552403,34.5618580886114,1.9668395968913837,0.0361088828536403,0.0071725225675903,100.0,2718,50.0,good,0
7445,68.91748706165306,59.61795590813239,1.545169112512036,0.0361014490132711,0.0142764082183687,129.0,2719,13.525830924299765,poor,2
7446,51.2199466454928,41.96568965592133,1.8194603537727825,0.0247245344236328,0.0076371892021552,213.0,2720,50.0,good,0
7448,50.3197348060618,40.931399606906325,1.8160124709206344,0.0262661970438948,0.0061443480673914,192.0,2721,50.0,good,0
7450,59.88438841614495,50.85614188182531,2.007731643373026,0.031066271240515,0.0188853042379982,153.0,2722,50.0,good,0
7452,44.75886730629058,35.1956634329941,1.7796795567466566,0.0246094839948331,0.0065438145047115,194.0,2723,50.0,good,0
7454,60.6038488465616,51.63059009411864,1.9920597940177176,0.0348493266433511,0.0142527937035051,148.0,2724,50.0,good,0
7456,59.38534356020676,49.83540820554256,1.0425176200981885,0.0221140952668135,0.018139457175548,234.0,2725,50.0,good,0
7457,60.58540058926293,51.09280123991714,0.999850112922056,0.0195997242749179,0.0192988057767029,232.0,2726,50.0,good,0
7459,62.436399359577464,52.980883708617846,0.8888450592302931,0.0175702093409154,0.023186269340926,232.0,2727,50.0,good,0
7461,63.14184907168175,54.13179030172024,1.5959414577817332,0.0360757765014543,0.0084908006549526,121.0,2728,16.73890637243074,poor,2
7463,49.9864755307903,40.587468504529994,1.7006150026783875,0.023936036235816,0.0109678961239899,218.0,2729,50.0,good,0
7465,53.56768294312975,44.340633657949525,1.8907474035440857,0.027422000995457,0.0050341114233912,205.0,2730,50.0,good,0
7466,49.63492248273282,40.460577989982376,1.4446017662503237,0.0230784005456052,0.010812320398869,198.0,2731,50.0,good,0
7468,58.46727190894613,49.36980625323727,2.1057400566645694,0.0339154486951507,0.0082400396196875,181.0,2732,50.0,good,0
7470,48.535709913037735,43.71213484505927,2.3276720987731365,0.047306698928367,0.0141891303028338,94.0,2733,50.0,good,0
7471,53.276348867851496,44.19570212672799,1.4868810167161008,0.0338335371274169,0.0078391185777903,122.0,2734,50.0,good,0
7472,45.0918429019831,31.868480069217,1.8704324645346395,0.0342908392302758,0.0064260058698799,94.0,2735,50.0,good,0
7473,45.69484063283709,40.37209332104496,1.6735412618318524,0.0364653486790717,0.0115878618280636,94.0,2736,50.0,good,0
7474,41.56648994471911,31.383339154842936,1.4520809911587422,0.0288977936044333,0.0059857130741054,109.0,2737,50.0,good,0
7475,51.06877807984188,43.4014693322979,1.5910833996857898,0.0368323888889382,0.0123712867650526,116.0,2738,50.0,good,0
7476,45.13960049359282,38.10331994338434,1.9246295073993749,0.0369612469239921,0.0078842137543354,121.0,2739,50.0,good,0
7477,29.4199812557455,22.4199812557455,1.9029821868090304,0.0347138416319984,0.005454936127604,117.0,2740,50.0,good,0
7478,48.1858886475083,40.5817502510553,1.735890423952524,0.0390894497928747,0.0127914215611562,89.0,2741,50.0,good,0
7479,43.08533481026829,31.8649022628026,1.53815643685092,0.0323121593930862,0.0047557570806095,101.0,2742,50.0,good,0
7480,46.586116747608,40.2350521000572,1.4495507299231691,0.0346322732456732,0.0116733421196047,110.0,2743,50.0,good,0
7481,42.0712380510771,27.2036773508797,2.019473204067922,0.0374159446796633,0.0070221489356789,116.0,2744,50.0,good,0
7482,42.00383456158279,31.88627008063712,1.652416249423407,0.0351513011930098,0.00670396945764,110.0,2745,50.0,good,0
7483,60.41892788541226,51.34442202897765,1.751713822633962,0.0352240789146606,0.0094412381422811,139.0,2746,50.0,good,0
7484,53.19928053522609,45.68918354285972,2.061521153774271,0.0421354472790439,0.0073314137837046,84.0,2747,50.0,good,0
7485,56.0528288781699,48.6138348474968,2.493459993848987,0.0474044325074612,0.0163116765951151,84.0,2748,50.0,good,0
7486,68.25703186267297,55.53545784644922,1.1345294476131664,0.0242967650611076,0.0245012791806768,102.0,2749,14.086792216877765,poor,2
7487,68.77113059568987,56.000123875052765,1.7647466968767074,0.0371019876912742,0.0258236354675758,102.0,2750,13.799841583440143,poor,2
7488,52.13447064061617,39.01938696721419,1.646383382651973,0.0381171438241342,0.0115173473211878,97.0,2751,50.0,good,0
7489,53.27930774088598,45.77853282184017,2.0549753805894007,0.047690202489686,0.0081533923414728,81.0,2752,50.0,good,0
7490,53.723450254998504,46.22450160629428,1.856422654283057,0.0407811768911776,0.009155005510197,77.0,2753,50.0,good,0
7491,55.151236217287554,47.68096972176707,1.6638112776611995,0.0406990654516241,0.0086985247554354,55.0,2754,50.0,good,0
7492,66.11102099570499,53.30646796767918,1.658612882224506,0.0344005572160101,0.0158829591245552,104.0,2755,15.383577845273791,poor,2
7493,55.74190661834137,42.66792755689512,2.163759344111439,0.0474334401452487,0.0084782428403775,98.0,2756,50.0,good,0
7494,65.49778488856234,53.099759852805064,1.8453484731347751,0.0369623561319476,0.0090056335593904,111.0,2757,15.780270521264418,poor,2
7495,63.498594997553695,51.627411561144015,1.3900499847688992,0.032561227954962,0.026152107873397,113.0,2758,17.10526293326259,poor,1
7496,62.13678749662076,50.374038603690806,1.5232291347208091,0.0363499680308706,0.0203117591447391,111.0,2759,50.0,good,0
7497,65.86309745256102,54.35767671007325,1.9187301928395817,0.0415929802884475,0.0122655762652845,111.0,2760,15.541901467827865,poor,2
7498,66.49954997939344,54.91159503448087,1.8177054645133952,0.0404583268355465,0.0118366212318816,106.0,2761,15.13914982221052,poor,2
7499,55.51341932441156,48.01863632827924,2.340129798641294,0.0463726434859854,0.0133960892541055,96.0,2762,50.0,good,0
7500,55.62249271555069,48.1672940663304,2.552197494582438,0.0531027186002488,0.002458399639121,93.0,2763,50.0,good,0
7501,56.0531508184015,48.6020635838955,2.601866148078917,0.0530409340464264,0.0069289742326873,85.0,2764,50.0,good,0
7556,66.26566606621752,52.029571030865526,0.7509144536811289,0.0098096827787098,0.0110013442321265,190.0,2765,15.282944960110822,poor,1
14575,37.6497188663048,29.189135262569003,2.515846407980722,0.0492792317862833,0.0100317382241239,351.0,2766,50.0,good,0
14632,46.52768623166181,32.7309212070693,0.6999932733292336,0.0041465587158529,0.0003491503472506,916.0,2767,50.0,good,0
14683,61.30899159740387,48.318643069972175,0.4429440319408425,0.0097561043857486,0.008715056227801,222.0,2768,50.0,good,0
14731,45.1982174417848,32.5336615679777,0.523143180876067,0.009257051572923,0.0011666969471532,1091.0,2769,50.0,good,0
14756,52.66348169580199,42.0771294803804,0.9232179272167866,0.0067750233514662,0.0148356146752814,800.0,2770,50.0,good,0
14793,45.5973583025649,34.544846729335,1.683072070904142,0.0335795341405149,0.0160635768597179,181.0,2771,50.0,good,0
14796,56.4679079424624,46.672368501428,1.8291871393679415,0.0374276437274596,0.0092149956697595,185.0,2772,50.0,good,0
14810,43.7361368308442,33.6146509336152,0.2315863405868716,0.0019345201579511,0.0007249770892377,1078.0,2773,50.0,good,0
14870,58.3480536260942,49.035472797277194,1.771562330522891,0.03223912965123,0.020568395300715,149.0,2774,50.0,good,0
14891,56.1120561781882,40.2520004561529,0.1748027379878046,0.0040676122110922,0.0007803364779557,1021.0,2775,50.0,good,0
14924,68.73143145892769,56.87590461812137,2.3252725993602383,0.0396996413344632,0.0034892845525464,185.0,2776,13.821581296658305,poor,2
14965,64.613262021501,56.5690020845493,1.5515034493091828,0.0302833402675232,0.0128617068461934,101.0,2777,15.204075352668463,poor,2
14976,41.3030430176167,30.2928239354212,3.490977837723226,0.0571212486992432,0.0251642114701595,113.0,2778,50.0,good,0
15002,45.8565662914001,35.0105562520574,3.389244978828264,0.0676101912961701,0.0176362497616269,185.0,2779,50.0,good,0
15008,46.3040301502732,35.4362425141301,3.5969402205383902,0.0716739749267617,0.0154433093328773,195.0,2780,50.0,good,0
15018,48.5536587764443,32.8712436777574,0.4125813388239129,0.0064240719349259,0.0064939213765962,1105.0,2781,50.0,good,0
15026,53.6010630378719,42.7874153402885,0.0989290801752288,0.0020331129939201,1.7760847995433333e-05,1149.0,2782,24.158664459996963,poor,3
15089,45.3567960959858,32.5487652771568,2.945089115910922,0.043767817686893,0.0161872779357016,223.0,2783,50.0,good,0
15110,53.1583393609659,43.0758917296173,0.4830481222740788,0.0063725242859496,0.0086946057823621,791.0,2784,50.0,good,0
15161,58.4776546944844,50.0173678018919,0.1356666450938218,0.0006825547753273,0.0029280626240174,1186.0,2785,50.0,good,0
15205,70.9942614148137,61.3146040478464,2.679419493885966,0.0505675677081038,0.0198042140818097,166.0,2786,13.166666666666671,poor,2
15215,71.103773075406,61.4810152618239,1.9377809197591984,0.0354246443093417,0.0205068005047813,160.0,2787,13.166666666666671,poor,2
15266,65.66186739435071,58.80253005019375,0.60746536486882,0.0087642887269383,0.0081611831179759,366.0,2788,13.942399806889807,poor,2
15290,65.9586856585045,51.0169160136456,0.6330784282478087,0.0071727677831122,0.0258800906150128,721.0,2789,15.478151199318553,poor,1
15332,58.2935844994449,49.678059748893006,1.899993515288084,0.0383083340205666,0.0011426901547324,1023.0,2790,50.0,good,0
15364,45.8105681921722,34.7486522593727,1.8857780513395823,0.0421863847161684,0.0050462269656415,71.0,2791,50.0,good,0
15413,61.9474119252262,51.24525729398541,0.2679856401065234,0.0034417953591245,0.0178076880604661,220.0,2792,50.0,good,0
15449,54.3998140049849,42.15168689834995,1.7581535861506343,0.0227577915539303,0.0437288727217423,480.0,2793,50.0,good,0
15465,56.10525309675281,44.35116019513461,1.5831668032960255,0.0188383152286265,0.0523266203839724,393.0,2794,50.0,good,0
15503,66.7122209012664,53.9873715415755,2.725153164504892,0.0459703457565458,0.0375260096260418,740.0,2795,15.00266600921469,poor,2
15547,44.2153378457314,32.8103471863319,1.4597075641541597,0.0251399850989854,0.0346798874535995,405.0,2796,50.0,good,0
15590,60.04776525048209,51.856850689966016,0.3631264791353884,0.0088243002954203,0.0099567750826248,263.0,2797,50.0,good,0
15614,58.567778572202386,50.24897017351334,0.1850061522592157,0.0074463262926622,0.0099081907086481,228.0,2798,50.0,good,0
15631,57.741098032686594,39.6860137181923,2.717589555263832,0.0511863159761852,0.008897109343767,865.0,2799,50.0,good,0
15705,42.235380679053506,32.2005470892235,0.9059965977434608,0.0160847803580205,0.0070114456404794,1083.0,2800,50.0,good,0
15745,55.577668583827,48.86771366394474,1.514759698305569,0.0356399584340482,0.0428588808349868,176.0,2801,50.0,good,0
15792,71.1202958298891,61.9909720325817,1.2517537327707624,0.0249902711980504,0.0152698212804856,1004.0,2802,13.166666666666671,poor,2
15837,56.91109185591464,47.51561697909176,1.7350705139274718,0.0403553822828778,0.0169748321317039,214.0,2803,50.0,good,0
15885,51.4682842600499,39.47030265417566,1.222088074172036,0.0153479085783293,0.0216987543294791,170.0,2804,50.0,good,0
15906,55.166283214002554,42.96166032648128,0.3149140751066391,0.0089039543607035,0.0105853735639912,166.0,2805,50.0,good,0
15915,55.63447453821223,43.7489195218512,0.2692769392399833,0.0080009793527127,0.0075700832293117,163.0,2806,50.0,good,0
15939,42.0585820148638,30.9642239357754,2.275468685005328,0.0390766975897362,0.0285977034561697,228.0,2807,50.0,good,0
15949,39.7904530846523,28.6259589325152,2.0145946055849353,0.0324779091439052,0.0289818843697079,211.0,2808,50.0,good,0
15966,44.79163488950191,32.869539468002,2.1598454998262455,0.0401682502942337,0.0275454415791755,225.0,2809,50.0,good,0
15978,42.6790420832637,31.4736822447041,2.456510468854405,0.0442935412438773,0.0280753281293323,227.0,2810,50.0,good,0
15996,67.67377800532897,54.72081576657202,1.3258783963322471,0.0288553913609101,0.0020444686426353,626.0,2811,14.42176283731845,poor,2
16038,66.0838271814987,58.50550076563192,0.2386876655625649,0.004884689918328,0.0081682714787229,33.0,2812,14.101718143925897,poor,2
16062,66.39328387026345,56.433243937919286,0.0,2.990529635714859e-05,0.0,34.0,2813,13.166666666666671,poor,4
16088,66.1840726522674,51.34776504388327,2.0192795944802007,0.0472276315295855,0.0032885093388625,100.0,2814,15.337272559136286,poor,1
16107,58.084265548353606,43.32218691888416,2.0870261291639594,0.0445135415334901,0.0050538484865926,86.0,2815,50.0,good,0
16130,50.33573629131857,38.54222747148168,2.1950734770403817,0.0280938332030745,0.0231624373284672,208.0,2816,50.0,good,0
16136,47.77971902129338,36.55301803006937,2.0055699048984295,0.0281799293124139,0.0194583293242309,233.0,2817,50.0,good,0
16140,50.16269465742738,36.961036899389946,2.1271822768317885,0.0292139755374447,0.0253183744975667,192.0,2818,50.0,good,0
16149,47.81046442225123,34.9131012588598,2.481328646513696,0.0358601751552263,0.0168623513808209,205.0,2819,50.0,good,0
16172,62.54428856793766,49.36897188271398,0.5047468979719486,0.0094573027118805,0.0097865854007301,219.0,2820,50.0,good,0
16219,68.5206553306705,59.9010108859616,1.7313048302258154,0.0253537590581108,0.0269099648093522,183.0,2821,13.386849654670081,poor,2
16229,68.0618464651262,59.45982118103779,2.0231031978605984,0.032139873977433,0.0201009309109681,176.0,2822,13.603804072511373,poor,2
16244,67.9434202301634,59.5361890745308,2.144235599139376,0.0332061093424282,0.0192668760982346,169.0,2823,13.5658329967415,poor,2
16257,68.0615441952302,59.75593369240541,2.0484602072383127,0.0347104393135235,0.0150631857638621,173.0,2824,13.457292745094469,poor,2
16272,38.5082232558091,30.5551270108726,1.7908264596834973,0.0337969243656427,0.0057809069468556,172.0,2825,50.0,good,0
16275,54.233204917461,47.224159497906,1.714461812747775,0.0333664704242775,0.0020859028868595,155.0,2826,50.0,good,0
16281,61.9638538843877,55.0015828881988,1.721214419455292,0.0356237652315935,0.0055821507865506,156.0,2827,16.170533667563017,poor,1
16286,67.3968657745761,60.569343003696005,1.7720568729829975,0.0375612878385488,0.0104933181300306,143.0,2828,13.339869281045754,poor,2
16292,53.916217537032495,46.90849597443331,1.7279991185276722,0.0334263147439284,0.0031089507512422,161.0,2829,50.0,good,0
16300,63.652016066898696,56.70657086824245,1.4374078511364254,0.0342467397837229,0.0063188905361365,145.0,2830,15.124648998562709,poor,2
16309,56.4102920161677,40.4619755716996,1.0648580807057242,0.0168075865124372,0.0005147900979919,1021.0,2831,50.0,good,0
16312,47.7958603505339,33.0051199634174,0.2797269945685157,0.0041036526825828,0.0001609938252825,1016.0,2832,50.0,good,0
16314,43.089001464575304,32.1807604183092,1.8266664713690532,0.0241343866273359,5.561546731974e-05,996.0,2833,50.0,good,0
16322,48.8567947715777,33.9287265050247,0.8991319626060785,0.0179249814560785,9.705082055121428e-06,1028.0,2834,50.0,good,0
16330,52.1448198483281,36.6644226954201,1.0473508828246991,0.0222714421230347,0.0010994806659447,1032.0,2835,50.0,good,0
16336,42.4666207044078,30.6632173592424,1.5387140078568746,0.0211194241655151,3.7646328640683445e-05,999.0,2836,50.0,good,0
16345,43.942424374464,34.9789129527991,1.240213907581111,0.0205818906703425,0.0080835790528227,332.0,2837,50.0,good,0
16346,43.3745539452569,41.6834528967048,1.6277727614738768,0.0330050096776168,0.0060931810958412,306.0,2838,50.0,good,0
16348,44.1285336856317,42.12758386392571,1.4659699841461806,0.0295774927385344,0.004248497858297,288.0,2839,50.0,good,0
16350,50.506223273114,42.29605950605959,2.202373156472031,0.0387675739223223,0.0079740494943095,295.0,2840,50.0,good,0
16351,47.7994219633668,36.5843123037235,2.3025426265644646,0.043504962004823,0.0092542848291843,322.0,2841,50.0,good,0
16353,43.3652472339507,34.7151468338531,0.9332918051825942,0.0179463254262989,0.0051831412337609,341.0,2842,50.0,good,0
16355,48.3351690825765,37.7005222973664,1.144545952192758,0.0191532198565895,0.0020508564267333,338.0,2843,50.0,good,0
16357,48.1336667467805,37.1493986893091,1.2554471632546171,0.028116546429519,0.010120235516948,318.0,2844,50.0,good,0
16359,43.3725498449384,34.5756091962266,1.045308435993159,0.0199392818485094,0.0137823142050129,331.0,2845,50.0,good,0
16361,44.26258097623871,42.5843247337538,1.342594143493558,0.0280845005313582,0.0080878384258866,288.0,2846,50.0,good,0
16362,43.955807947354,42.445039060439,1.5074685093286244,0.0291397480535818,0.0078457486418321,296.0,2847,50.0,good,0
16371,74.67863012756237,69.11558682563509,1.3411231674209003,0.0340936049501402,0.0192481851657848,280.0,2848,13.166666666666671,poor,2
16397,65.10070159118511,59.484472953381236,1.9332264237890373,0.0369390167902523,0.0201577277626617,281.0,2849,13.591481589071165,poor,2
16420,49.3452961232019,37.4794242350175,0.3544638798937499,0.0040306770830496,0.0042779257992899,1116.0,2850,50.0,good,0
16448,57.375118088420706,45.240162255043,2.6975842655682554,0.0529416659253624,0.0053655553349739,1099.0,2851,50.0,good,0
16485,41.5316284921039,33.1226512385515,1.2826247030374758,0.0231565111317103,0.0204859081312488,169.0,2852,50.0,good,0
16497,45.554299988923,34.7645094888521,0.9847550260679796,0.0218938212224458,0.0135603035367181,143.0,2853,50.0,good,0
16501,51.017381844886,40.66619863869731,0.9593688692665784,0.0194105480653895,0.0191831904092294,178.0,2854,50.0,good,0
16508,51.6492401696772,41.2984360982358,1.5704504331325109,0.0324550506602529,0.0245004302525573,173.0,2855,50.0,good,0
16514,44.85734946595001,34.3341107344009,0.9628300360451626,0.0199500996168314,0.00872396011974,169.0,2856,50.0,good,0
16522,42.9256060389166,32.4912167356206,1.279557800658418,0.0228150711846819,0.0116470074412282,179.0,2857,50.0,good,0
16528,45.0099876187124,34.6385987249825,1.1515952806726242,0.0192319092184552,0.0156698232462678,179.0,2858,50.0,good,0
16536,48.554015278252,38.1342196845576,1.9907713076382263,0.0376332410046942,0.0173403987569823,173.0,2859,50.0,good,0
16542,45.1067509598801,40.8084981755135,1.3859871194678397,0.0211533350872409,0.0147729764041833,163.0,2860,50.0,good,0
16551,50.1130571444408,43.9507482684597,0.780956665975423,0.0162710823743252,0.0334024104001871,164.0,2861,50.0,good,0
16560,66.93319897834226,55.21993654932048,1.783701216626717,0.0337899992293766,0.0107541018072704,158.0,2862,14.867271138915997,poor,2
16581,61.32010091035148,49.367204832855826,1.875218222763819,0.0358704603585702,0.0114022216595862,138.0,2863,50.0,good,0
16595,63.641255075732495,52.19288154946221,1.8721697792730347,0.0355868112516919,0.0088222881737332,165.0,2864,17.027766876680623,poor,1
16611,53.47370630599467,43.03277879249883,1.8008158220225494,0.03550539169988,0.006096619964595,168.0,2865,50.0,good,0
16626,51.4057877270875,40.74137771012181,0.1430047058632456,0.0037529113438267,0.0066995591773919,130.0,2866,50.0,good,0
16648,54.2539949501871,44.0459928312153,0.3493152646500544,0.0051165401940837,0.0087513303032112,135.0,2867,50.0,good,0
16654,46.0825896551229,34.6359309523474,0.44951735208835,0.0107347994990376,0.0152574902444623,120.0,2868,50.0,good,0
16669,53.0805682024924,42.8947167494381,0.8920753142974821,0.0141200648210453,0.0116239154295691,134.0,2869,50.0,good,0
16689,54.29010032544261,37.6464418148979,1.6004772770166595,0.0239637040755336,0.0252480339642572,375.0,2870,50.0,good,0
16696,50.1602015931999,35.5810455495149,1.765419303815789,0.0251378138534147,0.0178265351807499,382.0,2871,50.0,good,0
16701,45.9851662665954,34.139351508519,1.4538839594301003,0.0304611640964994,0.0138056183883674,362.0,2872,50.0,good,0
16709,45.9340575671414,32.2086027304965,1.3957916607258554,0.0274974872606698,0.0143824153240307,362.0,2873,50.0,good,0
16718,45.5473715045043,34.9502968749599,1.4584813540384645,0.030926817789192,0.01277277777219,357.0,2874,50.0,good,0
16723,45.6003760702482,32.5457981559411,1.3835304417239545,0.0273911673938364,0.0159196872471841,358.0,2875,50.0,good,0
16731,45.5926538728597,35.2691129870964,1.5766713645461548,0.0335521686686961,0.0108001867923118,344.0,2876,50.0,good,0
16738,44.7029621243596,32.5791461058409,1.3716837800640025,0.0264292342692116,0.0164618759781694,349.0,2877,50.0,good,0
16754,55.35866963844549,39.5516346919334,0.2894912267249563,0.0053402320920157,0.0148886755667123,748.0,2878,50.0,good,0
16762,50.2573511183629,35.1401223571147,0.153050075904733,0.0023845363235644,0.0025162191797363,749.0,2879,50.0,good,0
16773,45.67698180568969,31.914656894222095,0.7877001868566044,0.0166340459590902,0.0055075489806458,751.0,2880,50.0,good,0
16785,42.8579420969271,29.5378849155058,0.13815484444892,0.0017740680996753,0.0002275215472337,751.0,2881,50.0,good,0
16795,67.292663393153,54.2181397485394,0.2104512624927706,0.0046318810271696,0.0057485070200812,1219.0,2882,14.648749738115365,poor,2
16806,63.3721346019896,53.5874175638949,0.1414253127228278,0.0016098127708726,0.00133141960107,1210.0,2883,17.068240520207272,poor,2
16820,67.581494668714,58.0461276345587,0.8598056604320642,0.0128046796219536,0.0029011460678783,1204.0,2884,14.351560050536788,poor,2
16826,64.749072128874,52.2430258377905,0.2043182900665234,0.0031952943483019,0.003298191198642,1184.0,2885,16.282564389436335,poor,1
16837,65.2910107768958,52.2940250532035,0.2019343444797884,0.0016879385195164,0.00061082454351,1190.0,2886,15.912329708946839,poor,1
16842,66.7538721374422,53.70359400401619,2.6054502684907357,0.0457815158519518,0.0059699256519004,1204.0,2887,14.977425580693994,poor,2
16849,44.95775074228631,32.48610556641176,0.8166943674984526,0.0166286573733339,0.0170971191341805,537.0,2888,50.0,good,0
16859,46.04910552738474,32.40836434558271,0.8229808762308138,0.0190599544008047,0.0151393458146157,524.0,2889,50.0,good,0
16865,60.3240374974271,46.680966844113954,0.6846139554117295,0.0112512446569708,0.0192587037221791,542.0,2890,50.0,good,0
16871,46.531589953347904,32.8091297541906,1.207479955202943,0.0260064699760554,0.0167522718696085,522.0,2891,50.0,good,0
16877,54.52783357418817,41.905591739104125,1.0337212487830598,0.0200560882865247,0.0081476524123838,481.0,2892,50.0,good,0
16888,66.75666216669187,53.25496498639428,1.2288691166563197,0.0266392840365586,0.0112911863371884,515.0,2893,14.975751379473902,poor,2
16903,74.0423267098134,61.0423267098134,0.910608319958804,0.0129325670767895,0.002232451850058,1075.0,2894,13.166666666666671,poor,2
16912,63.1120156950442,50.2381440560897,0.2401167573083473,0.0039526667613245,0.0028898348063723,1049.0,2895,17.251207729468607,poor,1
16924,72.7108852926913,59.7108852926914,0.1688908054791331,0.0028717639725444,0.0011351851694295,1042.0,2896,13.166666666666671,poor,2
16936,71.1229470534018,58.1431398464282,0.0439129925190159,0.0001031435984545,0.0004419266418347,1074.0,2897,13.166666666666671,poor,3
16939,65.3113188935041,53.2359563735903,0.794883344437653,0.0137019009337835,0.0020759317278518,1018.0,2898,15.899201530369796,poor,2
16956,43.0989846390853,31.0860581415903,2.1432188520297735,0.046220790572094,0.00628782840391,206.0,2899,50.0,good,0
16963,52.1267555280882,42.8006494374187,2.217488234925826,0.0477906861324658,0.0073082807400583,236.0,2900,50.0,good,0
16970,38.4618094356658,29.8416390103619,2.1989114600668476,0.0464342099824789,0.0053576478319303,193.0,2901,50.0,good,0
16978,52.096061621993,42.87314251039889,2.152985204827672,0.0477395061942603,0.0050186577972911,214.0,2902,50.0,good,0
16989,51.69376199757991,42.0879732971353,2.2425683982902536,0.0499024084839438,0.0057458946769232,262.0,2903,50.0,good,0
16994,51.033874801758515,45.7545062065351,2.2380281053451148,0.0491536116917688,0.0060430370085452,152.0,2904,50.0,good,0
17007,61.43127717246564,48.67407386029149,0.3015069073639406,0.0083899381542318,0.004273007695667,182.0,2905,50.0,good,0
17010,60.95759530842818,48.11356266123325,0.2497407236985614,0.0072463973290697,0.00395606048322,187.0,2906,50.0,good,0
17014,60.631367140588246,47.100076050992705,0.4154143391835095,0.0108965518500298,0.0017728147116864,184.0,2907,50.0,good,0
17018,60.83347474851307,49.182127594943935,0.3572397614821681,0.0091305650909335,0.0051256914365491,185.0,2908,50.0,good,0
17021,61.44296593983205,49.71486202190804,0.3212368233528994,0.008036465844875,0.0082733132313075,182.0,2909,50.0,good,0
17025,62.35326058758158,49.68105995984714,0.3691777981035459,0.0077076276927709,0.0029699960141763,180.0,2910,50.0,good,0
17030,60.54340550013976,47.050353574577585,0.4085841900680736,0.0075433798527679,0.0031230860320869,177.0,2911,50.0,good,0
17033,60.76225099135676,47.89085542172694,0.3866488339643606,0.0101124816105015,0.0034964669474209,186.0,2912,50.0,good,0
17037,61.59840754996661,50.29650582467927,0.3236691767367011,0.0070293790612317,0.0063976839362114,185.0,2913,50.0,good,0
17042,61.28067849714065,50.047480412845466,0.277299468919962,0.0061836745907883,0.0040262775771065,187.0,2914,50.0,good,0
17047,62.72871946054198,50.50426496600452,0.3434560445414256,0.0084196585985983,0.002915891600015,180.0,2915,50.0,good,0
17050,64.862008956246,55.2932535522319,0.9896236727757768,0.0175803718608274,0.0142387186230698,401.0,2916,15.988962456527526,poor,2
17055,60.693605944135,51.462913105814,1.3299259053703725,0.0263337648878422,0.0052612103513752,392.0,2917,50.0,good,0
17059,63.06816902760148,53.92015719794371,1.6796189401391208,0.0314693099246503,0.0087124819120533,387.0,2918,16.860115827538454,poor,1
17063,64.94744351025525,55.28606997433371,0.5582922927545153,0.0103312222545905,0.0125168921820805,421.0,2919,15.9938427239503,poor,2
17068,64.90524994056409,55.569297726229074,0.9790160985117736,0.0162034883505571,0.0124711953772407,405.0,2920,15.820125282514214,poor,2
17071,64.95306767709256,55.197876826302526,1.00812286192567,0.0175980994745858,0.0113182006604952,397.0,2921,16.053745230779192,poor,2
17074,64.768875049821,54.9504236535893,1.013600765562333,0.0179877808440148,0.0097947534510134,393.0,2922,16.20449504717951,poor,2
17079,61.81820952450395,52.60237612243485,1.6472755474703786,0.0307433799594725,0.0076481645735854,385.0,2923,50.0,good,0
17084,65.62079623384172,56.507344160866026,1.5724500987924834,0.0289267190624602,0.0061121462595437,393.0,2924,15.240446364191232,poor,2
17087,70.83544404245983,62.02421526855914,0.4833521334911334,0.0068965874723987,0.0018081423990412,381.0,2925,13.166666666666671,poor,2
17092,65.75001795498264,55.95094117698739,1.802945299629432,0.0406976152472162,0.0106665902642677,157.0,2926,15.583605000175307,poor,2
17095,58.38015738631764,48.78401753851479,1.9779630321001065,0.0344638705035247,0.0217737707031886,144.0,2927,50.0,good,0
17097,59.32290574352224,50.9868829013233,1.8989278013671396,0.0379423576083366,0.0058217417272504,130.0,2928,50.0,good,0
17101,59.38269919443306,50.764067452506765,2.127635471184144,0.0352286959496931,0.0181094601971498,144.0,2929,50.0,good,0
17105,60.26512074214368,51.398410465507496,1.73015680252233,0.0341309412760705,0.0175599460857198,149.0,2930,50.0,good,0
17108,66.20419142107126,56.70490963462966,1.9798329163578672,0.0453207898504453,0.0083057857401025,158.0,2931,15.125702101434642,poor,2
17111,64.89649026581473,55.437429419540294,1.7766114929510377,0.039352450182568,0.0056455517693535,172.0,2932,15.896487332948718,poor,2
17115,59.45159602022314,50.95007383040433,2.01978475863424,0.0374653540357251,0.009282095896885,159.0,2933,50.0,good,0
17118,55.9246095126564,46.7109391328098,2.0225241439071437,0.0348983444336751,0.0217100091195229,130.0,2934,50.0,good,0
17148,38.2944277935383,23.937881448037103,1.9477255188559308,0.0389411979062834,0.0050214430449453,340.0,2935,50.0,good,0
17149,47.89485875547341,35.1365036887731,1.977425631008111,0.0387361015510429,0.005350121291394,332.0,2936,50.0,good,0
17151,53.9791337768164,39.9059561267293,2.208580695117105,0.0398109334943536,0.0114311068083675,316.0,2937,50.0,good,0
17152,56.1144592412537,41.3306760167642,2.3884577678564627,0.0390099123804684,0.0053466390475536,326.0,2938,50.0,good,0
17154,45.3672395610015,29.831581088358902,2.2051689200627984,0.0336017896893987,0.0066762523772478,329.0,2939,50.0,good,0
17155,49.3009770552693,34.9334033949364,2.088567113699724,0.0429028284145801,0.0066509885260047,353.0,2940,50.0,good,0
17157,48.5202399557555,34.9201322811604,1.645782390661836,0.0341927243700917,0.0088162459640184,372.0,2941,50.0,good,0
17158,40.4313977608603,27.5572478441776,1.8716319947100055,0.0410037052004828,0.0063157373449619,337.0,2942,50.0,good,0
17160,36.2882650692875,21.2882650692875,2.070286103997393,0.0409435549321999,0.009338501186354,332.0,2943,50.0,good,0
17162,46.1121146280142,32.1837233013964,1.7660437161379905,0.0337110767799956,0.0054273311936118,321.0,2944,50.0,good,0
17163,56.19176536979979,41.5034280882342,2.106146219758762,0.0431727162881262,0.0048477055195901,317.0,2945,50.0,good,0
17164,43.5291119831825,29.4822603759236,1.9611627868260049,0.0277687095037541,0.0123918758609994,341.0,2946,50.0,good,0
17166,43.6269438827846,30.6269438827846,1.8007560397276732,0.0351786961230183,0.0056057167512922,350.0,2947,50.0,good,0
17168,47.09198670483809,32.4257893581971,1.8156282690142,0.0363554752048187,0.005242822002951,317.0,2948,50.0,good,0
17169,52.0074544300107,38.7829247180067,1.8891560809134664,0.0305614459948737,0.009516672385564,351.0,2949,50.0,good,0
17170,52.6928724554659,39.6820213633647,2.1407621986544303,0.0346952010780772,0.0074179208412391,346.0,2950,50.0,good,0
17171,46.29033208085501,32.2073088276555,1.8438032955521757,0.0358915046632264,0.0050691617488389,316.0,2951,50.0,good,0
17174,48.6539345071023,34.696414752134,1.996124317291864,0.0429653316056905,0.0078503972763603,314.0,2952,50.0,good,0
17175,53.4931781230462,39.7025771209808,2.0752943988580403,0.0400068546722338,0.0114658537016106,307.0,2953,50.0,good,0
17176,48.9016196207038,36.2162406910447,1.832064554334746,0.0328489316080164,0.0137046976627223,340.0,2954,50.0,good,0
17178,48.8311228716557,36.0100750241806,2.032626434172146,0.0401354046215245,0.0098834240582016,328.0,2955,50.0,good,0
17180,42.48301039612001,27.1383023261599,1.9353353152962591,0.0273056363684262,0.0089687453258042,332.0,2956,50.0,good,0
17182,49.5935085485311,34.1462531271617,2.3052029145134028,0.0451615354510556,0.0040211866172487,321.0,2957,50.0,good,0
17183,49.0927497551412,34.7265116050801,2.0885540590606655,0.0390004339020497,0.002445449973545,331.0,2958,50.0,good,0
17185,55.44681234744759,40.9130573996988,2.3107724420296427,0.0410061340879673,0.0094613736014579,326.0,2959,50.0,good,0
17186,51.036947774686226,42.939884009655856,1.407378195318553,0.025700307251966,0.0075267003386058,212.0,2960,50.0,good,0
17187,50.024822717281424,40.580224735554005,1.347399096155301,0.0209016417784647,0.0308624602809372,211.0,2961,50.0,good,0
17188,50.996502264199734,43.89748004071002,1.4922857974777972,0.0263719441753273,0.0170449365881138,211.0,2962,50.0,good,0
17189,43.4936829192032,35.6136969963538,1.1309266934627449,0.0165095698085825,0.0172408313829678,212.0,2963,50.0,good,0
17190,52.36826926495799,43.44066964739717,1.0199404799527592,0.0183196828256896,0.0097109792675237,214.0,2964,50.0,good,0
17191,48.94914854047603,40.024331732818446,1.2566445873702017,0.0201655222677706,0.0339095220624359,210.0,2965,50.0,good,0
17192,55.09180685630737,43.761702230822024,1.219050441012178,0.0229072908350524,0.024297765588749,213.0,2966,50.0,good,0
17193,44.10913397934425,32.07024505704274,2.543798875910144,0.0397034747163534,0.0270628301028914,216.0,2967,50.0,good,0
17194,55.38148890963092,42.822815469431575,1.8765792226322435,0.0344781521210889,0.018373722342165,215.0,2968,50.0,good,0
17195,51.86276008425389,41.91345627028667,0.870535774921711,0.0117773989143746,0.0203012595986232,212.0,2969,50.0,good,0
17196,43.8449966503085,34.3699733571642,1.8450724952185995,0.0324425587873956,0.0178449345214285,212.0,2970,50.0,good,0
17197,55.319470424647584,42.780687757490384,1.924379459801541,0.0350782217055694,0.0175872093098059,216.0,2971,50.0,good,0
17198,57.915235455552605,45.63132646707562,1.703797521544076,0.0257206356124165,0.0243635257075205,218.0,2972,50.0,good,0
17199,55.153094360126815,42.78518778251991,1.9669358745863617,0.0361318148290696,0.0232601433444679,217.0,2973,50.0,good,0
17200,55.97009971801281,43.37714845251333,1.9507981464678184,0.0347552245005886,0.0258096904683381,216.0,2974,50.0,good,0
17201,45.8435088301254,34.9635355958983,1.6884272931986468,0.0308432649056183,0.0251693604554157,215.0,2975,50.0,good,0
17202,46.1774534469857,34.7731551381614,2.54205450662071,0.0368618013267113,0.0409807722734545,215.0,2976,50.0,good,0
17203,48.26067724746757,40.51292950445748,1.174360317167923,0.0167022006443643,0.0226067703606871,209.0,2977,50.0,good,0
17519,47.8803899018383,42.6671139327927,1.1225168879880258,0.0284892427985231,0.0088705388838514,,2978,50.0,good,0
17522,47.29648621507788,44.13259365004882,0.9208171504890064,0.0248851638490446,0.005596517678601,,2979,50.0,good,0
17720,40.0404253776989,34.2670749852517,2.415577785980787,0.0481417488515281,0.0105128746299935,82.0,2980,50.0,good,0
17721,41.8189580013195,33.5428648099736,2.4280974178190933,0.0493114271501116,0.0121804578330501,90.0,2981,50.0,good,0
17722,43.4231368131832,34.5178430593316,1.957381256372363,0.0436199380160106,0.0180315172026507,95.0,2982,50.0,good,0
17728,70.2018740387341,60.8092278820876,1.3040767087770506,0.0349615861505139,0.00419460984394,30.0,2983,13.166666666666671,poor,2
17729,65.3743828334609,55.9082144815534,1.4078060773649597,0.0261998711872981,0.0028098220140795,26.0,2984,15.607898094425495,poor,2
17730,57.15689197663251,47.9585994154221,1.133099328984417,0.0279571036949394,0.003251020453005,26.0,2985,50.0,good,0
17731,52.2922541993108,42.6656267710264,1.182256113286943,0.0272197046083532,0.0023452978971804,26.0,2986,50.0,good,0
17732,57.6115521387025,48.4286565489219,0.9699360307612236,0.0247723244108648,0.0013815471350797,27.0,2987,50.0,good,0
17733,71.6755912696311,62.3356898168214,2.3177075684752007,0.0453965498623386,0.0079389364144504,39.0,2988,13.166666666666671,poor,2
17734,57.8668511214204,48.7165091627071,2.154081164174624,0.0452870449536083,0.0034282161291059,26.0,2989,50.0,good,0
17735,54.4921381893933,45.25363752464,2.131026231657295,0.0455679428232506,0.0032609719847936,26.0,2990,50.0,good,0
17736,66.3544148688445,56.8331294435589,1.571069819743239,0.036338758925903,0.004542385039182,26.0,2991,15.046627353270656,poor,2
17737,60.1229448860535,50.75648120504971,1.236054106963432,0.0259753965509361,0.0032795298185101,26.0,2992,50.0,good,0
17738,54.1308385019485,44.97773598805709,1.390840584279588,0.0338468679433527,0.0040514068250057,25.0,2993,50.0,good,0
17964,68.9182738789392,59.3007415425579,0.4434754852373401,0.0055365648485748,0.0176202850153162,1022.0,2994,13.684856300899131,poor,2
17989,59.97394025307359,44.7361964447763,1.783589252443054,0.0331827403663057,0.0234743096128139,945.0,2995,50.0,good,0
17991,71.4816056297566,62.0014096384622,1.710831078053374,0.0292455993295525,0.0027643261329114,554.0,2996,13.166666666666671,poor,2
18004,68.4070001074105,59.3814293207997,1.3969623407490743,0.0296969213987905,0.0025062940109926,500.0,2997,13.643409675008229,poor,2
18005,59.3913918886463,50.3918862578452,1.8022062452587768,0.0329662131539556,0.0064662015212348,496.0,2998,50.0,good,0
18012,65.58512016072578,62.04250564806467,1.2294571528318154,0.0258082058060831,0.0023543298026997,260.0,2999,13.339869281045754,poor,2
18013,69.09323468702146,66.29144365919485,1.3725001932471714,0.0312656146338091,0.0009337207486411,299.0,3000,13.339869281045754,poor,2
18014,64.35352074777927,60.720432722705446,1.0343971324370602,0.0210007301076449,0.0022091879511778,207.0,3001,13.339869281045754,poor,2
18015,64.18246243248095,60.60087240288091,0.923759118945755,0.0226812292134921,0.0039458654800184,216.0,3002,13.339869281045754,poor,2
18044,67.8850913848393,60.90042483326699,1.5807051505036218,0.0225106003412126,0.0053752943762447,707.0,3003,13.339869281045754,poor,2
18045,68.6686865516161,61.67104275858931,1.68890151602967,0.0280024375354468,0.0028470303244564,691.0,3004,13.339869281045754,poor,2
18049,68.7139858329796,61.7030985406226,1.6348040668517636,0.0286757277374935,0.0028568452332945,692.0,3005,13.339869281045754,poor,2
18196,51.3279631817312,44.41657706583919,0.48319756403194,0.0108341452955327,0.0261935914038187,145.0,3006,50.0,good,0
18201,55.8635741084875,41.9920719539421,0.8929800698614506,0.0172848721560099,0.0155132085936322,179.0,3007,50.0,good,0
18207,49.6811578824072,38.238139085776,0.3057085168722483,0.0054610931113344,0.0060493863813485,570.0,3008,50.0,good,0
18211,55.2959307077741,46.9677792269443,1.5432927148703584,0.0188327800702145,0.0085866351116015,430.0,3009,50.0,good,0
18212,46.6195564023008,39.7086012489873,1.3474536303834166,0.0210169899505488,0.0060967474021969,149.0,3010,50.0,good,0
18215,57.39435083551566,48.48710139905642,1.5144749984531676,0.0314565735965276,0.0125569284877766,386.0,3011,50.0,good,0
18219,63.15113924588307,51.47052310477835,1.4993116434892744,0.0222225732786715,0.0050297385362016,53.0,3012,17.251207729468604,poor,1
18222,55.72183048810031,48.69705160278271,1.277422192875489,0.0232392629538033,0.0188579444671612,547.0,3013,50.0,good,0
18225,47.5470260000435,40.6220022953514,1.3943868872154173,0.0240106043125958,0.0203632829400322,414.0,3014,50.0,good,0
18228,57.589523095750096,46.54487828842781,1.9031308600769707,0.0282687387044337,0.0179382999839155,488.0,3015,50.0,good,0
18231,57.3301392343035,47.3748387151446,2.094836193901276,0.0289973197572536,0.0076897278387858,399.0,3016,50.0,good,0
18238,68.9839530056657,55.5766501639577,0.884889424093224,0.0195961441845891,0.0199342841010151,618.0,3017,13.68581152834292,poor,2
18240,61.8360428463038,49.372610430511,0.6030926706726498,0.0243362388819205,0.00159473838301,578.0,3018,50.0,good,0
18244,48.47449475308251,41.0861596985706,2.3217257250293675,0.040230739687969,0.0136257298870544,308.0,3019,50.0,good,0
18248,51.8722420177167,42.2839737425399,2.2135764060722125,0.0277006522834124,0.0020102863239226,216.0,3020,50.0,good,0
18249,53.0457295461423,42.340635467301,2.217944616475914,0.0287279384504004,0.0008758160750175,224.0,3021,50.0,good,0
18250,56.6832036414237,43.8218846340174,0.4102078817254134,0.0053951013009194,0.0110980037308486,180.0,3022,50.0,good,0
18251,57.1273121126364,45.2479641404398,0.4162298887998623,0.005385117075157,0.0051575136694046,178.0,3023,50.0,good,0
18252,59.0164621691071,48.9599856569604,0.430765342307106,0.0060824988123807,0.0039662556989469,172.0,3024,50.0,good,0
18255,52.0924985620961,38.6268589547027,1.2117754624023689,0.0156394040861958,0.0254387576878182,353.0,3025,50.0,good,0
18256,59.488010491468614,55.43271394849074,1.695308220048032,0.0343659136263598,0.0057929297844073,23.0,3026,15.899355878454532,poor,1
18258,53.7561421036122,42.8607049610232,1.4133074282645666,0.0275254973272794,0.0157260019696134,150.0,3027,50.0,good,0
18259,44.42397605358779,34.0538354666837,1.4074114295890932,0.0268353760878632,0.0119548886543521,153.0,3028,50.0,good,0
18260,54.934553361404,45.288968340601,1.6357483127693788,0.0337044523980774,0.0162716592926246,150.0,3029,50.0,good,0
18262,48.2566046413003,38.2592451345105,1.6443935528809968,0.0343802286978926,0.0079517890156069,149.0,3030,50.0,good,0
18263,48.125323017023106,44.5726000368126,0.957579037504736,0.0241921196328688,0.0071565807559522,124.0,3031,50.0,good,0
18267,55.1120416530841,45.0240510031577,1.9064465143285063,0.0403344721619718,0.0119144849069858,173.0,3032,50.0,good,0
18268,68.9215475562474,60.7832008377994,2.0432373228326,0.0282694549613521,0.0009803120599908,964.0,3033,13.339869281045754,poor,2
18269,52.24062891264991,41.415488227851,0.9437688155720634,0.014262716952254,0.0218156509913052,417.0,3034,50.0,good,0
18271,51.21367274411631,41.6651655916996,1.128264411672617,0.0197262924224721,0.0203412972587043,449.0,3035,50.0,good,0
18272,65.22673603302775,53.26896713219162,1.497448990771009,0.0334377506487565,0.0097268337730991,170.0,3036,15.955294582696919,poor,2
18276,69.3235031524552,57.9030787085877,1.959129034771963,0.0320359069418855,0.0048134246531873,597.0,3037,13.506791117871728,poor,2
18277,50.269323321757,41.9393028143228,1.6528669786985033,0.0357363538785924,0.0118819105443969,105.0,3038,50.0,good,0
18279,64.7767059068695,54.796904098774505,1.5466988708703924,0.025149488778052,0.0090234397361478,343.0,3039,16.261138771680642,poor,2
18282,70.34398120659178,60.372716560954906,1.3746243606739,0.0221770599271403,0.0093479412625272,356.0,3040,13.166666666666671,poor,2
18287,57.70822886848213,52.70822886848213,1.1304073155587673,0.0145723185066215,0.0,,3041,50.0,good,0
18289,60.58565053992842,55.58565053992842,0.7915261574060969,0.0237978282401984,0.000117836160559,,3042,39.639319544706545,fair,2
18290,50.44216558177381,45.44216558177381,1.1944927395550984,0.0261257123873542,0.0,,3043,50.0,good,0
18291,62.619663997662755,57.61966399766274,0.7213260386400838,0.0194472051825748,0.0001193817698729,,3044,31.391386537386012,fair,2
18292,56.13770158441948,51.13770158441948,2.0973884060897485,0.0324332399541877,0.0,,3045,50.0,good,0
18294,65.0528383099067,63.777863002601585,1.4122815499509995,0.0303597438239998,0.002337544759187,,3046,13.339869281045754,poor,2
18295,53.53238616913956,42.71636175343034,0.9370727937366252,0.0169015471679054,0.0025286054414179,,3047,59.99999999999997,good,1
18296,58.72880579278083,47.174215909134205,1.0122055631431848,0.016200353937236,0.00382452816741,,3048,50.0,good,0
18297,65.88264868049711,66.10293309446158,1.4259652608147524,0.0314820491838927,0.0034423350482168,,3049,13.339869281045754,poor,2
18298,61.79802168551464,63.24905147760914,1.5164865284439406,0.0326338434721883,0.0025097570162815,,3050,13.339869281045754,poor,1
18299,56.0131214129462,43.0162591650985,1.4240522778663918,0.024752935543499,0.0371484937373543,79.0,3051,50.0,good,0
18300,53.57301655472018,44.74097241341628,1.7407926958660938,0.035127696122113,0.0010960548947897,,3052,50.0,good,0
18301,50.0246006616248,45.367382755068554,1.931021497056164,0.0400038717009517,0.0008538113817175,,3053,50.0,good,0
18302,52.10219226362759,45.78329657512745,1.9347894817185132,0.0388435550907129,0.0015048837357927,,3054,50.0,good,0
18303,48.99400657480237,36.72498219956032,2.0923135245512454,0.0438269641915011,0.0042996837001869,,3055,50.0,good,0
18312,66.69870151145471,59.30189862223066,1.8627878687928912,0.0352743091579159,0.0291318958098756,,3056,13.684256983858637,poor,2
18313,56.64683082758245,44.577214551199695,1.9337383782649455,0.0375569249775455,0.0044208416363112,,3057,50.0,good,0
18314,50.9816892869254,39.69044590142482,1.6623344665685107,0.0358673529887348,0.0077238520206393,,3058,50.0,good,0
18315,46.19416331434101,40.40438936264196,1.8452683761353612,0.03526967539543,0.0099131897585982,,3059,50.0,good,0
18316,55.85342182004099,47.9036407298052,2.622153017348187,0.0474757046564474,0.0046125640613218,,3060,50.0,good,0
18318,52.7323719984172,45.4131792975868,2.684882403650736,0.0482406514876235,0.0039660237005834,,3061,50.0,good,0
18319,57.7923211706272,50.529504297330504,2.6321531492512733,0.0486170707274039,0.0057334373324231,,3062,50.0,good,0
18320,50.4379830293051,40.8468662668627,0.9034095155360008,0.0187556725051071,0.0125461559575493,,3063,60.00000000000002,good,1
18321,47.48046449567912,35.80454379707315,1.527779230252908,0.0293297174044839,0.0076790117478876,,3064,50.0,good,0
18322,70.214858945905,58.8994502675454,0.8545473482058226,0.0198710756333564,0.0029133684875155,,3065,13.166666666666671,poor,2
18325,50.67749557070282,37.61524913839754,1.754375081206976,0.0352617048326806,0.0109469479399455,,3066,50.0,good,0
18326,73.4960338522889,62.231054864941,1.995686430870948,0.0317530453225387,0.0108496918542958,677.0,3067,13.166666666666671,poor,2
18327,61.8378505602074,52.2825451788339,1.2596991631585823,0.023769532746824,0.0276532458424058,,3068,50.0,good,0
18328,64.6438670673127,49.8488600087647,1.2970564492844538,0.023064996229175,0.0103219245153283,,3069,16.344253216747493,poor,1
18329,52.3937948963742,44.1772304876814,1.0908877285195648,0.0298626589367798,0.0154256288751388,,3070,50.0,good,0
18330,49.8914924865709,44.7751086827877,2.076137432194333,0.0251462251310211,0.0228820024910752,,3071,50.0,good,0
18331,59.1352401718885,53.847360268778,1.831712358401328,0.0330713748466505,0.0065598322492451,,3072,16.910402666726714,poor,1
18332,74.802516587271,67.4373997506611,0.5892492751954348,0.0107712155670451,0.002673309305441,,3073,13.166666666666671,poor,2
18333,69.5821582353501,61.6181100136818,0.5712898942980413,0.0110984565298481,0.0040272002788033,,3074,13.339869281045754,poor,2
18334,61.8128127321151,56.4109962975245,0.3732879848111639,0.006417600636423,0.0049795066472998,,3075,35.532372624538574,fair,2
18335,66.9595326331321,61.7657036520136,1.981427668623864,0.0325305105908231,0.0148245294389463,,3076,13.339869281045754,poor,2
18337,63.46821008773726,54.30646788231169,1.5219026852014024,0.0367196052043285,0.0052848355977908,,3077,16.61359525157115,poor,2
18338,49.7579154809586,42.2421377481676,1.337300101822195,0.0162145857081744,0.0159477454135265,,3078,50.0,good,0
18339,67.43973363203644,53.6609703571267,1.5186887951830863,0.024149461974896,0.007768436155697,,3079,14.560376013435341,poor,2
18340,45.7898844339051,38.1577418767649,1.775841347081068,0.0286345542461839,0.0037493298075097,,3080,50.0,good,0
18341,60.2484331879799,47.2412939024545,2.007698409461732,0.0385476306158066,0.0224679201772311,,3081,50.0,good,0
18342,63.8206425667163,46.5300975584103,0.0820501137961567,0.000406905912393,0.0001492349883766,,3082,14.952959418257675,poor,3
18354,53.4074492010484,45.88971637660221,1.1078353471026825,0.0143154171702313,0.0180960845834926,,3083,50.0,good,0
18355,57.16447894301758,51.40097597964012,1.763980653443035,0.031232396693999,0.0026285203945266,,3084,50.0,good,0
18356,57.54657893244656,48.45421808141106,1.602198029806969,0.0280720893859149,0.002440048229185,,3085,50.0,good,0
18357,48.4580942290054,35.1434668082394,2.447067035473263,0.0371635226527877,0.0166211015736302,,3086,50.0,good,0
18358,75.9615691640316,66.4079544228142,0.2845452025085799,0.0044644280489839,0.0018513146027763,,3087,13.166666666666671,poor,2
18359,46.3397662237709,36.29086601147302,1.624992176847671,0.0358990818755895,0.003593594280297,,3088,50.0,good,0
18362,68.37526597118593,58.881973266644934,1.729436165908316,0.041149907199955,0.0137083681638765,,3089,13.901550545333658,poor,2
18363,77.13590539326918,66.2125209003429,0.6057593843981326,0.0167419762791686,0.0140334269405938,,3090,13.166666666666671,poor,2
18364,70.4414031971084,62.9531715299145,1.4859054915962242,0.0296448102246004,0.0118191568228227,,3091,13.166666666666671,poor,2
18365,60.84874960775491,53.278101092967766,2.3291590401080797,0.0352789513075456,0.0059665278383478,,3092,17.25120772946859,poor,1
18366,57.03283354749001,49.44038753491607,2.474236119631822,0.0377332208985987,0.0070285811505625,,3093,50.0,good,0
18367,54.08092601201378,43.57089113134795,1.4319832467539992,0.0351171477820715,0.0074863631735027,,3094,50.0,good,0
18507,52.023954016978905,45.3104432953318,1.3820777310373422,0.0261237834473108,0.0188071796663735,,3095,50.0,good,0
18508,52.09572321143633,46.60197527198293,1.7663523433820238,0.0337071547457314,0.0055771085595049,,3096,50.0,good,0
18509,62.966781376480085,57.00458346306319,0.9691662435562808,0.0223679987625073,0.0079128618633728,,3097,32.309534226369834,fair,2
18510,65.20185445225404,59.32822485077891,1.2238000513070533,0.028036059349713,0.0059783043889544,,3098,13.670660384972892,poor,2
18511,60.6585117299429,50.84782763666129,1.5018692194929368,0.0279340966091508,0.0094111946944083,,3099,50.0,good,0
18512,61.9396057515329,50.1868945942907,1.192622324617876,0.0254872656711822,0.0056549846964512,,3100,50.0,good,0
18513,52.08558406878629,35.20478731571358,1.0174480575104925,0.0201575477101166,0.0044459487602883,,3101,50.0,good,0
18514,64.262739934673,48.506395800438966,0.6875458131499951,0.0123691561226512,0.0041389567430165,,3102,41.436930212489,fair,2
18515,67.0907980966245,58.4657084158317,0.5973424814463053,0.0309768633031011,0.0112803233898893,,3103,18.613830328034773,poor,3
18516,60.3364271450029,51.5524708129293,0.625979303079782,0.0315605613999291,0.0080278838096345,,3104,60.00000000000001,good,1
18517,57.2909279147867,50.2440283838725,0.6400523444168336,0.0332944101629502,0.0053390631647459,,3105,59.99999999999999,good,1
18518,68.11876762658173,58.34418317140901,0.2453112955902855,0.0036648645706464,0.0032682195250808,,3106,14.163800429669934,poor,2
18519,75.53651767854312,66.71842362146376,0.3258446651067726,0.0040072897937914,0.0004772169577506,,3107,13.166666666666671,poor,2
18520,58.24144236532273,49.15276882719805,0.935877640115292,0.0185297128084072,0.0040490470261976,,3108,60.00000000000002,good,1
18521,49.087565843797904,39.35735043444667,1.5404956637101628,0.0347158205013051,0.0123330009464551,,3109,50.0,good,0
18522,49.28341142952369,40.29280601698622,2.2863185249182885,0.0483802336872469,0.0124818533517734,,3110,50.0,good,0
18523,43.775423537282734,34.5316836611349,1.3415376465809528,0.0556251644897853,0.0091955993733177,,3111,50.0,good,0
18524,47.39178405189893,35.43759640713097,1.549531259275209,0.0319129034616839,0.0070049135824137,,3112,50.0,good,0
18525,41.31091291358506,30.93972714048441,1.8219961786118064,0.0404984546015166,0.0080923224938237,,3113,50.0,good,0
18526,49.43177296264567,38.22266697495681,1.8473946123835103,0.0338165670087761,0.0092244397520221,,3114,50.0,good,0
18527,40.9930579727032,28.54282375383,2.6571568165581,0.0495069540401166,0.0110865651023624,,3115,50.0,good,0
18528,53.47513450259613,42.15396296096132,2.314471427944982,0.0458285120473983,0.0040211433834142,,3116,50.0,good,0
18529,53.825007396153296,42.55260160416548,1.717104566694572,0.0327924353537572,0.0023586971569772,,3117,50.0,good,0
18530,35.96120715830618,24.447168098337976,1.356818608753469,0.0256650283072979,0.0048250621934005,,3118,50.0,good,0
18531,34.661790260675374,24.14320636241571,2.725208136022637,0.0486379152621179,0.0076799338267303,,3119,50.0,good,0
18532,36.88287304120617,24.820924428542376,1.6085818110021524,0.0259576387781869,0.0052286663539347,,3120,50.0,good,0
18533,49.533712616701806,38.239671550778915,1.8839664608879745,0.0420596200981761,0.0042637409046705,,3121,50.0,good,0
18534,55.4067014084734,45.10626896283179,2.482143440943792,0.0475403458662827,0.0102137728275638,,3122,50.0,good,0
18535,51.31619051213171,44.420828667816735,2.397499470155853,0.0464744954587067,0.0090861515007348,,3123,50.0,good,0
18538,66.94680203983857,62.151462998694875,1.337189597982531,0.0222588383567585,0.0032243952344912,,3124,13.339869281045754,poor,2
18539,50.2062382358925,37.2007539924454,1.5241639997091465,0.029902482867547,0.0086637749413561,,3125,50.0,good,0
18540,39.7652017149203,28.4158698921162,1.28458499942656,0.0205371457917705,0.004073349500745,,3126,50.0,good,0
18541,44.887367788703,30.6941698362788,0.3954611105706061,0.0089199100460921,0.0016690123359602,,3127,50.0,good,0
18543,53.25390274965884,41.040877039118016,1.0499149896452364,0.0224124520593313,0.0086996433267043,,3128,50.0,good,0
18544,73.9225809111055,66.0318663286545,0.4144989886209699,0.0079754904483827,0.0015794176805317,,3129,13.166666666666671,poor,2
18545,61.1595089766876,48.83900800594431,2.451797015322726,0.0423460053574274,0.0242109807960085,,3130,50.0,good,0
18546,56.65411939306439,44.47949643156241,2.161149757790843,0.0411581172702401,0.0147847802818795,,3131,50.0,good,0
18547,56.8364889858367,44.8933118408394,2.431953898012951,0.0449337551802358,0.0095610326628252,,3132,50.0,good,0
18548,59.0032446554366,50.623786917699256,1.552555993966539,0.0245738650265001,0.0042185926843067,,3133,50.0,good,0
18550,58.293240295675446,55.362463861668765,1.1494833045287067,0.0203375229596682,0.0015896792462848,,3134,15.943307160646082,poor,1
18551,54.03586942130773,51.82875872073837,1.2058343988656697,0.0210846777655059,0.0014166301600024,,3135,50.0,good,0
18553,56.5227627094192,35.0914226213553,2.1159262423290213,0.034504447320278,0.011754021810995,,3136,50.0,good,0
18554,58.252878917165,44.6369126258294,1.6564591456089657,0.0261992539399573,0.0133729951684197,,3137,50.0,good,0
18555,71.7315044124036,63.146633479129605,0.1974790821476477,0.0028494785448139,0.0018186545731207,,3138,13.166666666666671,poor,2
18557,57.9776247342013,49.7659719677518,1.225803516675554,0.0236459808811906,0.0016791250768989,,3139,50.0,good,0
18558,54.257700646661,45.9749735399524,1.5186817441922456,0.0288752128206052,0.003124103304398,,3140,50.0,good,0
18559,51.3044153633846,42.5553280540006,1.3744815064964282,0.0270414279956576,0.0034552121078692,,3141,50.0,good,0
18560,63.6414191913337,55.4794757741287,1.1413839902452712,0.0234690755332106,0.003584063873265,,3142,15.871344210804022,poor,2
18561,61.8479967635559,53.624782246313,1.3353344244145486,0.0266729886041169,0.0042017696883306,,3143,17.049610672555794,poor,1
18562,60.0823835857232,51.9344991478473,1.1510733485481968,0.0228650926444732,0.0018919062882724,,3144,50.0,good,0
18564,54.9238437142717,42.9483469186174,2.321665746791137,0.0449554868109597,0.0061639551493883,,3145,50.0,good,0
18565,56.74005177785489,51.55133965225535,1.9279245664269569,0.0396696583527258,0.0021873323883229,,3146,50.0,good,0
18566,42.81924998164838,38.88156092405418,0.8535636540926989,0.0209867838338202,0.0043588059118391,,3147,50.0,good,0
18568,48.7342202395761,37.112781310872,1.2898371057204745,0.0270645176675773,0.0124957767816776,,3148,50.0,good,0
18569,52.8652234601912,39.5200316378431,0.8583469124095616,0.0197898838304088,0.0128708046454737,,3149,60.00000000000002,good,1
18571,48.2161488473802,37.6262728027336,0.9962917974856512,0.0236624441966563,0.0109730628491765,,3150,50.0,good,0
18573,52.4075693961888,40.4453359987737,1.1291771988941397,0.0225725885481972,0.0149471714866574,,3151,50.0,good,0
18575,56.3810935889788,39.741305504523,1.0722243946275525,0.0232689807100025,0.0142974607857314,,3152,50.0,good,0
18576,51.1718193356463,33.5187417262309,1.1063568240459245,0.0209560352378616,0.0113074973748822,,3153,50.0,good,0
18577,50.6215919217809,37.5483382982785,0.9105585864667912,0.0212674911665991,0.0187218289148459,,3154,59.999999999999986,good,1
18578,49.7619767527484,39.140167442043,1.1912987713668957,0.0250504623966051,0.0154286048000664,,3155,50.0,good,0
18579,48.1917045107934,34.6706387960096,1.651139910086458,0.0330142730594076,0.0102417601489518,,3156,50.0,good,0
18580,44.189890811204,31.1631875776086,1.3105236367555777,0.0231844996019667,0.0073080788177632,,3157,50.0,good,0
18581,48.3207436039119,31.855539790568905,1.187989789523327,0.0236942651307007,0.0105133678791772,,3158,50.0,good,0
18583,42.6356092922991,31.003861376156003,1.5388524032737805,0.0359990286449324,0.0115268299845522,,3159,50.0,good,0
18584,57.98566072196255,49.596522775514075,0.7584437658355555,0.017452891253031,0.009684581219991,,3160,60.0,good,1
18593,49.86575284791922,46.91468815553161,2.1141748374378913,0.057536418814861,0.0071397071577843,,3161,50.0,good,0
18599,50.10784500436317,43.42677016275407,1.8525212505032311,0.027815957383617,0.0204440421757708,,3162,50.0,good,0
18609,68.79624444216391,63.7962444421639,1.664725038021757,0.0289158698978722,0.0009623253235603,,3163,13.339869281045754,poor,2
18610,56.8438483346856,46.8422654929443,0.5613076166860915,0.0090927660718815,0.0043042048069526,,3164,60.0,good,1
18611,67.5636828549135,59.4429940394691,1.6980294939049372,0.0337130020049253,0.003782061579126,,3165,13.612251422408455,poor,2
18612,64.2712826009801,56.1603917552976,1.8090201766197032,0.032725191885403,0.0004094885728842,,3166,15.450182301989225,poor,2
18613,64.3943529346733,56.2297682840008,1.5823397031974125,0.0335929011446336,0.0057135134874782,,3167,15.40929192667505,poor,2
18623,51.5261712348853,40.2028821686844,1.784708244115052,0.0326044996894541,0.0073667406700159,,3168,50.0,good,0
18648,49.1886161058207,43.07815559174101,1.567981422767807,0.0313842329818968,0.002615527620312,,3169,50.0,good,0
18650,48.789791419236,42.5025806588259,1.549694341371361,0.0310151009060475,0.0053335920222831,,3170,50.0,good,0
